estacao,poluente,datahora_utc,indice,lon,lat,conc_ug_m3_estimada
Americana,MP10,2026-09-11 19:00:00+00:00,11.0,-47.34745636799994,-22.724506901999973,
Americana,MP10,2026-09-11 20:00:00+00:00,11.0,-47.34745636799994,-22.724506901999973,
Americana,MP10,2026-09-11 21:00:00+00:00,11.0,-47.34745636799994,-22.724506901999973,
Americana,MP10,2026-09-11 22:00:00+00:00,11.0,-47.34745636799994,-22.724506901999973,
Americana,MP10,2026-09-11 23:00:00+00:00,12.0,-47.34745636799994,-22.724506901999973,
Americana,MP10,2026-09-12 00:00:00+00:00,12.0,-47.34745636799994,-22.724506901999973,
Americana,MP10,2026-09-12 01:00:00+00:00,13.0,-47.34745636799994,-22.724506901999973,
Americana,MP10,2026-09-12 02:00:00+00:00,13.0,-47.34745636799994,-22.724506901999973,
Americana,MP10,2026-09-12 03:00:00+00:00,13.0,-47.34745636799994,-22.724506901999973,
Americana,MP10,2026-09-12 04:00:00+00:00,14.0,-47.34745636799994,-22.724506901999973,
Americana,MP10,2026-09-12 05:00:00+00:00,15.0,-47.34745636799994,-22.724506901999973,
Americana,MP10,2026-09-12 06:00:00+00:00,15.0,-47.34745636799994,-22.724506901999973,
Americana,MP10,2026-09-12 07:00:00+00:00,14.0,-47.34745636799994,-22.724506901999973,
Americana,MP10,2026-09-12 08:00:00+00:00,14.0,-47.34745636799994,-22.724506901999973,
Americana,MP10,2026-09-12 09:00:00+00:00,14.0,-47.34745636799994,-22.724506901999973,
Americana,MP10,2026-09-12 10:00:00+00:00,14.0,-47.34745636799994,-22.724506901999973,
Americana,MP10,2026-09-12 11:00:00+00:00,14.0,-47.34745636799994,-22.724506901999973,
Americana,MP10,2026-09-12 12:00:00+00:00,14.0,-47.34745636799994,-22.724506901999973,
Americana,MP10,2026-09-12 13:00:00+00:00,13.0,-47.34745636799994,-22.724506901999973,
Americana,MP10,2026-09-12 14:00:00+00:00,13.0,-47.34745636799994,-22.724506901999973,
Americana,MP10,2026-09-12 15:00:00+00:00,13.0,-47.34745636799994,-22.724506901999973,
Americana,MP10,2026-09-12 16:00:00+00:00,12.0,-47.34745636799994,-22.724506901999973,
Americana,MP10,2026-09-12 17:00:00+00:00,12.0,-47.34745636799994,-22.724506901999973,
Americana,MP10,2026-09-12 18:00:00+00:00,12.0,-47.34745636799994,-22.724506901999973,
Americana,MP10,2026-09-12 19:00:00+00:00,12.0,-47.34745636799994,-22.724506901999973,
Americana,MP10,2026-09-12 20:00:00+00:00,11.0,-47.34745636799994,-22.724506901999973,
Americana,MP10,2026-09-12 21:00:00+00:00,11.0,-47.34745636799994,-22.724506901999973,
Americana,MP10,2026-09-12 22:00:00+00:00,11.0,-47.34745636799994,-22.724506901999973,
Americana,MP10,2026-09-12 23:00:00+00:00,11.0,-47.34745636799994,-22.724506901999973,
Americana,MP10,2026-09-13 00:00:00+00:00,11.0,-47.34745636799994,-22.724506901999973,
Americana,MP10,2026-09-13 01:00:00+00:00,11.0,-47.34745636799994,-22.724506901999973,
Americana,MP10,2026-09-13 02:00:00+00:00,11.0,-47.34745636799994,-22.724506901999973,
Americana,MP10,2026-09-13 03:00:00+00:00,10.0,-47.34745636799994,-22.724506901999973,
Americana,MP10,2026-09-13 04:00:00+00:00,10.0,-47.34745636799994,-22.724506901999973,
Americana,MP10,2026-09-13 05:00:00+00:00,10.0,-47.34745636799994,-22.724506901999973,
Americana,MP10,2026-09-13 06:00:00+00:00,11.0,-47.34745636799994,-22.724506901999973,
Americana,MP10,2026-09-13 07:00:00+00:00,11.0,-47.34745636799994,-22.724506901999973,
Americana,MP10,2026-09-13 08:00:00+00:00,11.0,-47.34745636799994,-22.724506901999973,
Americana,MP10,2026-09-13 09:00:00+00:00,11.0,-47.34745636799994,-22.724506901999973,
Americana,MP10,2026-09-13 10:00:00+00:00,11.0,-47.34745636799994,-22.724506901999973,
Americana,MP10,2026-09-13 11:00:00+00:00,11.0,-47.34745636799994,-22.724506901999973,
Americana,MP10,2026-09-13 12:00:00+00:00,11.0,-47.34745636799994,-22.724506901999973,
Americana,MP10,2026-09-13 13:00:00+00:00,11.0,-47.34745636799994,-22.724506901999973,
Americana,MP10,2026-09-13 14:00:00+00:00,11.0,-47.34745636799994,-22.724506901999973,
Americana,MP10,2026-09-13 15:00:00+00:00,11.0,-47.34745636799994,-22.724506901999973,
Americana,MP10,2026-09-13 16:00:00+00:00,11.0,-47.34745636799994,-22.724506901999973,
Americana,MP10,2026-09-13 17:00:00+00:00,11.0,-47.34745636799994,-22.724506901999973,
Americana,MP10,2026-09-13 18:00:00+00:00,11.0,-47.34745636799994,-22.724506901999973,
Araraquara,MP10,2026-09-11 19:00:00+00:00,11.0,-48.185831812999936,-21.782522145999963,
Araraquara,MP10,2026-09-11 20:00:00+00:00,12.0,-48.185831812999936,-21.782522145999963,
Araraquara,MP10,2026-09-11 21:00:00+00:00,13.0,-48.185831812999936,-21.782522145999963,
Araraquara,MP10,2026-09-11 22:00:00+00:00,13.0,-48.185831812999936,-21.782522145999963,
Araraquara,MP10,2026-09-11 23:00:00+00:00,14.0,-48.185831812999936,-21.782522145999963,
Araraquara,MP10,2026-09-12 00:00:00+00:00,15.0,-48.185831812999936,-21.782522145999963,
Araraquara,MP10,2026-09-12 01:00:00+00:00,16.0,-48.185831812999936,-21.782522145999963,
Araraquara,MP10,2026-09-12 02:00:00+00:00,17.0,-48.185831812999936,-21.782522145999963,
Araraquara,MP10,2026-09-12 03:00:00+00:00,18.0,-48.185831812999936,-21.782522145999963,
Araraquara,MP10,2026-09-12 04:00:00+00:00,18.0,-48.185831812999936,-21.782522145999963,
Araraquara,MP10,2026-09-12 05:00:00+00:00,19.0,-48.185831812999936,-21.782522145999963,
Araraquara,MP10,2026-09-12 06:00:00+00:00,19.0,-48.185831812999936,-21.782522145999963,
Araraquara,MP10,2026-09-12 07:00:00+00:00,19.0,-48.185831812999936,-21.782522145999963,
Araraquara,MP10,2026-09-12 08:00:00+00:00,19.0,-48.185831812999936,-21.782522145999963,
Araraquara,MP10,2026-09-12 09:00:00+00:00,19.0,-48.185831812999936,-21.782522145999963,
Araraquara,MP10,2026-09-12 10:00:00+00:00,19.0,-48.185831812999936,-21.782522145999963,
Araraquara,MP10,2026-09-12 11:00:00+00:00,19.0,-48.185831812999936,-21.782522145999963,
Araraquara,MP10,2026-09-12 12:00:00+00:00,19.0,-48.185831812999936,-21.782522145999963,
Araraquara,MP10,2026-09-12 13:00:00+00:00,19.0,-48.185831812999936,-21.782522145999963,
Araraquara,MP10,2026-09-12 14:00:00+00:00,19.0,-48.185831812999936,-21.782522145999963,
Araraquara,MP10,2026-09-12 15:00:00+00:00,19.0,-48.185831812999936,-21.782522145999963,
Araraquara,MP10,2026-09-12 16:00:00+00:00,18.0,-48.185831812999936,-21.782522145999963,
Araraquara,MP10,2026-09-12 17:00:00+00:00,18.0,-48.185831812999936,-21.782522145999963,
Araraquara,MP10,2026-09-12 18:00:00+00:00,17.0,-48.185831812999936,-21.782522145999963,
Araraquara,MP10,2026-09-12 19:00:00+00:00,16.0,-48.185831812999936,-21.782522145999963,
Araraquara,MP10,2026-09-12 20:00:00+00:00,15.0,-48.185831812999936,-21.782522145999963,
Araraquara,MP10,2026-09-12 21:00:00+00:00,14.0,-48.185831812999936,-21.782522145999963,
Araraquara,MP10,2026-09-12 22:00:00+00:00,13.0,-48.185831812999936,-21.782522145999963,
Araraquara,MP10,2026-09-12 23:00:00+00:00,13.0,-48.185831812999936,-21.782522145999963,
Araraquara,MP10,2026-09-13 00:00:00+00:00,12.0,-48.185831812999936,-21.782522145999963,
Araraquara,MP10,2026-09-13 01:00:00+00:00,11.0,-48.185831812999936,-21.782522145999963,
Araraquara,MP10,2026-09-13 02:00:00+00:00,11.0,-48.185831812999936,-21.782522145999963,
Araraquara,MP10,2026-09-13 03:00:00+00:00,11.0,-48.185831812999936,-21.782522145999963,
Araraquara,MP10,2026-09-13 04:00:00+00:00,10.0,-48.185831812999936,-21.782522145999963,
Araraquara,MP10,2026-09-13 05:00:00+00:00,9.0,-48.185831812999936,-21.782522145999963,
Araraquara,MP10,2026-09-13 06:00:00+00:00,9.0,-48.185831812999936,-21.782522145999963,
Araraquara,MP10,2026-09-13 07:00:00+00:00,9.0,-48.185831812999936,-21.782522145999963,
Araraquara,MP10,2026-09-13 08:00:00+00:00,9.0,-48.185831812999936,-21.782522145999963,
Araraquara,MP10,2026-09-13 09:00:00+00:00,9.0,-48.185831812999936,-21.782522145999963,
Araraquara,MP10,2026-09-13 10:00:00+00:00,9.0,-48.185831812999936,-21.782522145999963,
Araraquara,MP10,2026-09-13 11:00:00+00:00,9.0,-48.185831812999936,-21.782522145999963,
Araraquara,MP10,2026-09-13 12:00:00+00:00,10.0,-48.185831812999936,-21.782522145999963,
Araraquara,MP10,2026-09-13 13:00:00+00:00,11.0,-48.185831812999936,-21.782522145999963,
Araraquara,MP10,2026-09-13 14:00:00+00:00,11.0,-48.185831812999936,-21.782522145999963,
Araraquara,MP10,2026-09-13 15:00:00+00:00,11.0,-48.185831812999936,-21.782522145999963,
Araraquara,MP10,2026-09-13 16:00:00+00:00,11.0,-48.185831812999936,-21.782522145999963,
Araraquara,MP10,2026-09-13 17:00:00+00:00,12.0,-48.185831812999936,-21.782522145999963,
Araraquara,MP10,2026-09-13 18:00:00+00:00,12.0,-48.185831812999936,-21.782522145999963,
Araçatuba,MP10,2026-09-11 19:00:00+00:00,16.0,-50.439316849999955,-21.18684109999998,
Araçatuba,MP10,2026-09-11 20:00:00+00:00,17.0,-50.439316849999955,-21.18684109999998,
Araçatuba,MP10,2026-09-11 21:00:00+00:00,18.0,-50.439316849999955,-21.18684109999998,
Araçatuba,MP10,2026-09-11 22:00:00+00:00,18.0,-50.439316849999955,-21.18684109999998,
Araçatuba,MP10,2026-09-11 23:00:00+00:00,19.0,-50.439316849999955,-21.18684109999998,
Araçatuba,MP10,2026-09-12 00:00:00+00:00,19.0,-50.439316849999955,-21.18684109999998,
Araçatuba,MP10,2026-09-12 01:00:00+00:00,20.0,-50.439316849999955,-21.18684109999998,
Araçatuba,MP10,2026-09-12 02:00:00+00:00,21.0,-50.439316849999955,-21.18684109999998,
Araçatuba,MP10,2026-09-12 03:00:00+00:00,22.0,-50.439316849999955,-21.18684109999998,
Araçatuba,MP10,2026-09-12 04:00:00+00:00,23.0,-50.439316849999955,-21.18684109999998,
Araçatuba,MP10,2026-09-12 05:00:00+00:00,22.0,-50.439316849999955,-21.18684109999998,
Araçatuba,MP10,2026-09-12 06:00:00+00:00,22.0,-50.439316849999955,-21.18684109999998,
Araçatuba,MP10,2026-09-12 07:00:00+00:00,21.0,-50.439316849999955,-21.18684109999998,
Araçatuba,MP10,2026-09-12 08:00:00+00:00,21.0,-50.439316849999955,-21.18684109999998,
Araçatuba,MP10,2026-09-12 09:00:00+00:00,20.0,-50.439316849999955,-21.18684109999998,
Araçatuba,MP10,2026-09-12 10:00:00+00:00,20.0,-50.439316849999955,-21.18684109999998,
Araçatuba,MP10,2026-09-12 11:00:00+00:00,19.0,-50.439316849999955,-21.18684109999998,
Araçatuba,MP10,2026-09-12 12:00:00+00:00,19.0,-50.439316849999955,-21.18684109999998,
Araçatuba,MP10,2026-09-12 13:00:00+00:00,18.0,-50.439316849999955,-21.18684109999998,
Araçatuba,MP10,2026-09-12 14:00:00+00:00,18.0,-50.439316849999955,-21.18684109999998,
Araçatuba,MP10,2026-09-12 15:00:00+00:00,18.0,-50.439316849999955,-21.18684109999998,
Araçatuba,MP10,2026-09-12 16:00:00+00:00,17.0,-50.439316849999955,-21.18684109999998,
Araçatuba,MP10,2026-09-12 17:00:00+00:00,16.0,-50.439316849999955,-21.18684109999998,
Araçatuba,MP10,2026-09-12 18:00:00+00:00,15.0,-50.439316849999955,-21.18684109999998,
Araçatuba,MP10,2026-09-12 19:00:00+00:00,13.0,-50.439316849999955,-21.18684109999998,
Araçatuba,MP10,2026-09-12 20:00:00+00:00,13.0,-50.439316849999955,-21.18684109999998,
Araçatuba,MP10,2026-09-12 21:00:00+00:00,12.0,-50.439316849999955,-21.18684109999998,
Araçatuba,MP10,2026-09-12 22:00:00+00:00,12.0,-50.439316849999955,-21.18684109999998,
Araçatuba,MP10,2026-09-12 23:00:00+00:00,11.0,-50.439316849999955,-21.18684109999998,
Araçatuba,MP10,2026-09-13 00:00:00+00:00,11.0,-50.439316849999955,-21.18684109999998,
Araçatuba,MP10,2026-09-13 01:00:00+00:00,11.0,-50.439316849999955,-21.18684109999998,
Araçatuba,MP10,2026-09-13 02:00:00+00:00,11.0,-50.439316849999955,-21.18684109999998,
Araçatuba,MP10,2026-09-13 03:00:00+00:00,10.0,-50.439316849999955,-21.18684109999998,
Araçatuba,MP10,2026-09-13 04:00:00+00:00,9.0,-50.439316849999955,-21.18684109999998,
Araçatuba,MP10,2026-09-13 05:00:00+00:00,9.0,-50.439316849999955,-21.18684109999998,
Araçatuba,MP10,2026-09-13 06:00:00+00:00,10.0,-50.439316849999955,-21.18684109999998,
Araçatuba,MP10,2026-09-13 07:00:00+00:00,10.0,-50.439316849999955,-21.18684109999998,
Araçatuba,MP10,2026-09-13 08:00:00+00:00,10.0,-50.439316849999955,-21.18684109999998,
Araçatuba,MP10,2026-09-13 09:00:00+00:00,11.0,-50.439316849999955,-21.18684109999998,
Araçatuba,MP10,2026-09-13 10:00:00+00:00,11.0,-50.439316849999955,-21.18684109999998,
Araçatuba,MP10,2026-09-13 11:00:00+00:00,11.0,-50.439316849999955,-21.18684109999998,
Araçatuba,MP10,2026-09-13 12:00:00+00:00,11.0,-50.439316849999955,-21.18684109999998,
Araçatuba,MP10,2026-09-13 13:00:00+00:00,11.0,-50.439316849999955,-21.18684109999998,
Araçatuba,MP10,2026-09-13 14:00:00+00:00,11.0,-50.439316849999955,-21.18684109999998,
Araçatuba,MP10,2026-09-13 15:00:00+00:00,11.0,-50.439316849999955,-21.18684109999998,
Araçatuba,MP10,2026-09-13 16:00:00+00:00,11.0,-50.439316849999955,-21.18684109999998,
Araçatuba,MP10,2026-09-13 17:00:00+00:00,11.0,-50.439316849999955,-21.18684109999998,
Araçatuba,MP10,2026-09-13 18:00:00+00:00,11.0,-50.439316849999955,-21.18684109999998,
Bauru,MP10,2026-09-11 19:00:00+00:00,14.0,-49.09279652899994,-22.32672623299993,
Bauru,MP10,2026-09-11 20:00:00+00:00,15.0,-49.09279652899994,-22.32672623299993,
Bauru,MP10,2026-09-11 21:00:00+00:00,17.0,-49.09279652899994,-22.32672623299993,
Bauru,MP10,2026-09-11 22:00:00+00:00,18.0,-49.09279652899994,-22.32672623299993,
Bauru,MP10,2026-09-11 23:00:00+00:00,20.0,-49.09279652899994,-22.32672623299993,
Bauru,MP10,2026-09-12 00:00:00+00:00,21.0,-49.09279652899994,-22.32672623299993,
Bauru,MP10,2026-09-12 01:00:00+00:00,22.0,-49.09279652899994,-22.32672623299993,
Bauru,MP10,2026-09-12 02:00:00+00:00,23.0,-49.09279652899994,-22.32672623299993,
Bauru,MP10,2026-09-12 03:00:00+00:00,25.0,-49.09279652899994,-22.32672623299993,
Bauru,MP10,2026-09-12 04:00:00+00:00,25.0,-49.09279652899994,-22.32672623299993,
Bauru,MP10,2026-09-12 05:00:00+00:00,25.0,-49.09279652899994,-22.32672623299993,
Bauru,MP10,2026-09-12 06:00:00+00:00,25.0,-49.09279652899994,-22.32672623299993,
Bauru,MP10,2026-09-12 07:00:00+00:00,26.0,-49.09279652899994,-22.32672623299993,
Bauru,MP10,2026-09-12 08:00:00+00:00,25.0,-49.09279652899994,-22.32672623299993,
Bauru,MP10,2026-09-12 09:00:00+00:00,25.0,-49.09279652899994,-22.32672623299993,
Bauru,MP10,2026-09-12 10:00:00+00:00,25.0,-49.09279652899994,-22.32672623299993,
Bauru,MP10,2026-09-12 11:00:00+00:00,25.0,-49.09279652899994,-22.32672623299993,
Bauru,MP10,2026-09-12 12:00:00+00:00,25.0,-49.09279652899994,-22.32672623299993,
Bauru,MP10,2026-09-12 13:00:00+00:00,26.0,-49.09279652899994,-22.32672623299993,
Bauru,MP10,2026-09-12 14:00:00+00:00,25.0,-49.09279652899994,-22.32672623299993,
Bauru,MP10,2026-09-12 15:00:00+00:00,24.0,-49.09279652899994,-22.32672623299993,
Bauru,MP10,2026-09-12 16:00:00+00:00,24.0,-49.09279652899994,-22.32672623299993,
Bauru,MP10,2026-09-12 17:00:00+00:00,23.0,-49.09279652899994,-22.32672623299993,
Bauru,MP10,2026-09-12 18:00:00+00:00,22.0,-49.09279652899994,-22.32672623299993,
Bauru,MP10,2026-09-12 19:00:00+00:00,20.0,-49.09279652899994,-22.32672623299993,
Bauru,MP10,2026-09-12 20:00:00+00:00,18.0,-49.09279652899994,-22.32672623299993,
Bauru,MP10,2026-09-12 21:00:00+00:00,17.0,-49.09279652899994,-22.32672623299993,
Bauru,MP10,2026-09-12 22:00:00+00:00,16.0,-49.09279652899994,-22.32672623299993,
Bauru,MP10,2026-09-12 23:00:00+00:00,16.0,-49.09279652899994,-22.32672623299993,
Bauru,MP10,2026-09-13 00:00:00+00:00,14.0,-49.09279652899994,-22.32672623299993,
Bauru,MP10,2026-09-13 01:00:00+00:00,13.0,-49.09279652899994,-22.32672623299993,
Bauru,MP10,2026-09-13 02:00:00+00:00,13.0,-49.09279652899994,-22.32672623299993,
Bauru,MP10,2026-09-13 03:00:00+00:00,13.0,-49.09279652899994,-22.32672623299993,
Bauru,MP10,2026-09-13 04:00:00+00:00,12.0,-49.09279652899994,-22.32672623299993,
Bauru,MP10,2026-09-13 05:00:00+00:00,12.0,-49.09279652899994,-22.32672623299993,
Bauru,MP10,2026-09-13 06:00:00+00:00,12.0,-49.09279652899994,-22.32672623299993,
Bauru,MP10,2026-09-13 07:00:00+00:00,12.0,-49.09279652899994,-22.32672623299993,
Bauru,MP10,2026-09-13 08:00:00+00:00,13.0,-49.09279652899994,-22.32672623299993,
Bauru,MP10,2026-09-13 09:00:00+00:00,14.0,-49.09279652899994,-22.32672623299993,
Bauru,MP10,2026-09-13 10:00:00+00:00,14.0,-49.09279652899994,-22.32672623299993,
Bauru,MP10,2026-09-13 11:00:00+00:00,15.0,-49.09279652899994,-22.32672623299993,
Bauru,MP10,2026-09-13 12:00:00+00:00,14.0,-49.09279652899994,-22.32672623299993,
Bauru,MP10,2026-09-13 13:00:00+00:00,14.0,-49.09279652899994,-22.32672623299993,
Bauru,MP10,2026-09-13 14:00:00+00:00,14.0,-49.09279652899994,-22.32672623299993,
Bauru,MP10,2026-09-13 15:00:00+00:00,15.0,-49.09279652899994,-22.32672623299993,
Bauru,MP10,2026-09-13 16:00:00+00:00,14.0,-49.09279652899994,-22.32672623299993,
Bauru,MP10,2026-09-13 17:00:00+00:00,14.0,-49.09279652899994,-22.32672623299993,
Bauru,MP10,2026-09-13 18:00:00+00:00,14.0,-49.09279652899994,-22.32672623299993,
Campinas-Centro,MP10,2026-09-11 19:00:00+00:00,12.0,-47.057210742999985,-22.90252480399994,
Campinas-Centro,MP10,2026-09-11 20:00:00+00:00,13.0,-47.057210742999985,-22.90252480399994,
Campinas-Centro,MP10,2026-09-11 21:00:00+00:00,13.0,-47.057210742999985,-22.90252480399994,
Campinas-Centro,MP10,2026-09-11 22:00:00+00:00,13.0,-47.057210742999985,-22.90252480399994,
Campinas-Centro,MP10,2026-09-11 23:00:00+00:00,14.0,-47.057210742999985,-22.90252480399994,
Campinas-Centro,MP10,2026-09-12 00:00:00+00:00,14.0,-47.057210742999985,-22.90252480399994,
Campinas-Centro,MP10,2026-09-12 01:00:00+00:00,14.0,-47.057210742999985,-22.90252480399994,
Campinas-Centro,MP10,2026-09-12 02:00:00+00:00,14.0,-47.057210742999985,-22.90252480399994,
Campinas-Centro,MP10,2026-09-12 03:00:00+00:00,14.0,-47.057210742999985,-22.90252480399994,
Campinas-Centro,MP10,2026-09-12 04:00:00+00:00,14.0,-47.057210742999985,-22.90252480399994,
Campinas-Centro,MP10,2026-09-12 05:00:00+00:00,14.0,-47.057210742999985,-22.90252480399994,
Campinas-Centro,MP10,2026-09-12 06:00:00+00:00,14.0,-47.057210742999985,-22.90252480399994,
Campinas-Centro,MP10,2026-09-12 07:00:00+00:00,14.0,-47.057210742999985,-22.90252480399994,
Campinas-Centro,MP10,2026-09-12 08:00:00+00:00,14.0,-47.057210742999985,-22.90252480399994,
Campinas-Centro,MP10,2026-09-12 09:00:00+00:00,14.0,-47.057210742999985,-22.90252480399994,
Campinas-Centro,MP10,2026-09-12 10:00:00+00:00,14.0,-47.057210742999985,-22.90252480399994,
Campinas-Centro,MP10,2026-09-12 11:00:00+00:00,14.0,-47.057210742999985,-22.90252480399994,
Campinas-Centro,MP10,2026-09-12 12:00:00+00:00,14.0,-47.057210742999985,-22.90252480399994,
Campinas-Centro,MP10,2026-09-12 13:00:00+00:00,14.0,-47.057210742999985,-22.90252480399994,
Campinas-Centro,MP10,2026-09-12 14:00:00+00:00,14.0,-47.057210742999985,-22.90252480399994,
Campinas-Centro,MP10,2026-09-12 15:00:00+00:00,13.0,-47.057210742999985,-22.90252480399994,
Campinas-Centro,MP10,2026-09-12 16:00:00+00:00,14.0,-47.057210742999985,-22.90252480399994,
Campinas-Centro,MP10,2026-09-12 17:00:00+00:00,14.0,-47.057210742999985,-22.90252480399994,
Campinas-Centro,MP10,2026-09-12 18:00:00+00:00,13.0,-47.057210742999985,-22.90252480399994,
Campinas-Centro,MP10,2026-09-12 19:00:00+00:00,13.0,-47.057210742999985,-22.90252480399994,
Campinas-Centro,MP10,2026-09-12 20:00:00+00:00,13.0,-47.057210742999985,-22.90252480399994,
Campinas-Centro,MP10,2026-09-12 21:00:00+00:00,12.0,-47.057210742999985,-22.90252480399994,
Campinas-Centro,MP10,2026-09-12 22:00:00+00:00,12.0,-47.057210742999985,-22.90252480399994,
Campinas-Centro,MP10,2026-09-12 23:00:00+00:00,12.0,-47.057210742999985,-22.90252480399994,
Campinas-Centro,MP10,2026-09-13 00:00:00+00:00,13.0,-47.057210742999985,-22.90252480399994,
Campinas-Centro,MP10,2026-09-13 01:00:00+00:00,12.0,-47.057210742999985,-22.90252480399994,
Campinas-Centro,MP10,2026-09-13 02:00:00+00:00,13.0,-47.057210742999985,-22.90252480399994,
Campinas-Centro,MP10,2026-09-13 03:00:00+00:00,13.0,-47.057210742999985,-22.90252480399994,
Campinas-Centro,MP10,2026-09-13 04:00:00+00:00,14.0,-47.057210742999985,-22.90252480399994,
Campinas-Centro,MP10,2026-09-13 05:00:00+00:00,14.0,-47.057210742999985,-22.90252480399994,
Campinas-Centro,MP10,2026-09-13 06:00:00+00:00,15.0,-47.057210742999985,-22.90252480399994,
Campinas-Centro,MP10,2026-09-13 07:00:00+00:00,15.0,-47.057210742999985,-22.90252480399994,
Campinas-Centro,MP10,2026-09-13 08:00:00+00:00,15.0,-47.057210742999985,-22.90252480399994,
Campinas-Centro,MP10,2026-09-13 09:00:00+00:00,16.0,-47.057210742999985,-22.90252480399994,
Campinas-Centro,MP10,2026-09-13 10:00:00+00:00,16.0,-47.057210742999985,-22.90252480399994,
Campinas-Centro,MP10,2026-09-13 11:00:00+00:00,16.0,-47.057210742999985,-22.90252480399994,
Campinas-Centro,MP10,2026-09-13 12:00:00+00:00,16.0,-47.057210742999985,-22.90252480399994,
Campinas-Centro,MP10,2026-09-13 13:00:00+00:00,16.0,-47.057210742999985,-22.90252480399994,
Campinas-Centro,MP10,2026-09-13 14:00:00+00:00,16.0,-47.057210742999985,-22.90252480399994,
Campinas-Centro,MP10,2026-09-13 15:00:00+00:00,15.0,-47.057210742999985,-22.90252480399994,
Campinas-Centro,MP10,2026-09-13 16:00:00+00:00,15.0,-47.057210742999985,-22.90252480399994,
Campinas-Centro,MP10,2026-09-13 17:00:00+00:00,14.0,-47.057210742999985,-22.90252480399994,
Campinas-Centro,MP10,2026-09-13 18:00:00+00:00,14.0,-47.057210742999985,-22.90252480399994,
Campinas-Taquaral,MP10,2026-09-11 19:00:00+00:00,8.0,-47.058972756999935,-22.874618944999952,
Campinas-Taquaral,MP10,2026-09-11 20:00:00+00:00,9.0,-47.058972756999935,-22.874618944999952,
Campinas-Taquaral,MP10,2026-09-11 21:00:00+00:00,9.0,-47.058972756999935,-22.874618944999952,
Campinas-Taquaral,MP10,2026-09-11 22:00:00+00:00,9.0,-47.058972756999935,-22.874618944999952,
Campinas-Taquaral,MP10,2026-09-11 23:00:00+00:00,9.0,-47.058972756999935,-22.874618944999952,
Campinas-Taquaral,MP10,2026-09-12 00:00:00+00:00,10.0,-47.058972756999935,-22.874618944999952,
Campinas-Taquaral,MP10,2026-09-12 01:00:00+00:00,10.0,-47.058972756999935,-22.874618944999952,
Campinas-Taquaral,MP10,2026-09-12 02:00:00+00:00,11.0,-47.058972756999935,-22.874618944999952,
Campinas-Taquaral,MP10,2026-09-12 03:00:00+00:00,11.0,-47.058972756999935,-22.874618944999952,
Campinas-Taquaral,MP10,2026-09-12 04:00:00+00:00,11.0,-47.058972756999935,-22.874618944999952,
Campinas-Taquaral,MP10,2026-09-12 05:00:00+00:00,11.0,-47.058972756999935,-22.874618944999952,
Campinas-Taquaral,MP10,2026-09-12 06:00:00+00:00,11.0,-47.058972756999935,-22.874618944999952,
Campinas-Taquaral,MP10,2026-09-12 07:00:00+00:00,11.0,-47.058972756999935,-22.874618944999952,
Campinas-Taquaral,MP10,2026-09-12 08:00:00+00:00,11.0,-47.058972756999935,-22.874618944999952,
Campinas-Taquaral,MP10,2026-09-12 09:00:00+00:00,10.0,-47.058972756999935,-22.874618944999952,
Campinas-Taquaral,MP10,2026-09-12 10:00:00+00:00,10.0,-47.058972756999935,-22.874618944999952,
Campinas-Taquaral,MP10,2026-09-12 11:00:00+00:00,10.0,-47.058972756999935,-22.874618944999952,
Campinas-Taquaral,MP10,2026-09-12 12:00:00+00:00,10.0,-47.058972756999935,-22.874618944999952,
Campinas-Taquaral,MP10,2026-09-12 13:00:00+00:00,10.0,-47.058972756999935,-22.874618944999952,
Campinas-Taquaral,MP10,2026-09-12 14:00:00+00:00,9.0,-47.058972756999935,-22.874618944999952,
Campinas-Taquaral,MP10,2026-09-12 15:00:00+00:00,9.0,-47.058972756999935,-22.874618944999952,
Campinas-Taquaral,MP10,2026-09-12 16:00:00+00:00,9.0,-47.058972756999935,-22.874618944999952,
Campinas-Taquaral,MP10,2026-09-12 17:00:00+00:00,9.0,-47.058972756999935,-22.874618944999952,
Campinas-Taquaral,MP10,2026-09-12 18:00:00+00:00,8.0,-47.058972756999935,-22.874618944999952,
Campinas-Taquaral,MP10,2026-09-12 19:00:00+00:00,8.0,-47.058972756999935,-22.874618944999952,
Campinas-Taquaral,MP10,2026-09-12 20:00:00+00:00,8.0,-47.058972756999935,-22.874618944999952,
Campinas-Taquaral,MP10,2026-09-12 21:00:00+00:00,8.0,-47.058972756999935,-22.874618944999952,
Campinas-Taquaral,MP10,2026-09-12 22:00:00+00:00,8.0,-47.058972756999935,-22.874618944999952,
Campinas-Taquaral,MP10,2026-09-12 23:00:00+00:00,8.0,-47.058972756999935,-22.874618944999952,
Campinas-Taquaral,MP10,2026-09-13 00:00:00+00:00,8.0,-47.058972756999935,-22.874618944999952,
Campinas-Taquaral,MP10,2026-09-13 01:00:00+00:00,9.0,-47.058972756999935,-22.874618944999952,
Campinas-Taquaral,MP10,2026-09-13 02:00:00+00:00,9.0,-47.058972756999935,-22.874618944999952,
Campinas-Taquaral,MP10,2026-09-13 03:00:00+00:00,9.0,-47.058972756999935,-22.874618944999952,
Campinas-Taquaral,MP10,2026-09-13 04:00:00+00:00,9.0,-47.058972756999935,-22.874618944999952,
Campinas-Taquaral,MP10,2026-09-13 05:00:00+00:00,10.0,-47.058972756999935,-22.874618944999952,
Campinas-Taquaral,MP10,2026-09-13 06:00:00+00:00,10.0,-47.058972756999935,-22.874618944999952,
Campinas-Taquaral,MP10,2026-09-13 07:00:00+00:00,10.0,-47.058972756999935,-22.874618944999952,
Campinas-Taquaral,MP10,2026-09-13 08:00:00+00:00,10.0,-47.058972756999935,-22.874618944999952,
Campinas-Taquaral,MP10,2026-09-13 09:00:00+00:00,10.0,-47.058972756999935,-22.874618944999952,
Campinas-Taquaral,MP10,2026-09-13 10:00:00+00:00,10.0,-47.058972756999935,-22.874618944999952,
Campinas-Taquaral,MP10,2026-09-13 11:00:00+00:00,10.0,-47.058972756999935,-22.874618944999952,
Campinas-Taquaral,MP10,2026-09-13 12:00:00+00:00,11.0,-47.058972756999935,-22.874618944999952,
Campinas-Taquaral,MP10,2026-09-13 13:00:00+00:00,11.0,-47.058972756999935,-22.874618944999952,
Campinas-Taquaral,MP10,2026-09-13 14:00:00+00:00,11.0,-47.058972756999935,-22.874618944999952,
Campinas-Taquaral,MP10,2026-09-13 15:00:00+00:00,11.0,-47.058972756999935,-22.874618944999952,
Campinas-Taquaral,MP10,2026-09-13 16:00:00+00:00,11.0,-47.058972756999935,-22.874618944999952,
Campinas-Taquaral,MP10,2026-09-13 17:00:00+00:00,10.0,-47.058972756999935,-22.874618944999952,
Campinas-Taquaral,MP10,2026-09-13 18:00:00+00:00,10.0,-47.058972756999935,-22.874618944999952,
Catanduva,MP10,2026-09-11 19:00:00+00:00,18.0,-48.98313167599997,-21.142042773999947,
Catanduva,MP10,2026-09-11 20:00:00+00:00,18.0,-48.98313167599997,-21.142042773999947,
Catanduva,MP10,2026-09-11 21:00:00+00:00,19.0,-48.98313167599997,-21.142042773999947,
Catanduva,MP10,2026-09-11 22:00:00+00:00,21.0,-48.98313167599997,-21.142042773999947,
Catanduva,MP10,2026-09-11 23:00:00+00:00,22.0,-48.98313167599997,-21.142042773999947,
Catanduva,MP10,2026-09-12 00:00:00+00:00,23.0,-48.98313167599997,-21.142042773999947,
Catanduva,MP10,2026-09-12 01:00:00+00:00,25.0,-48.98313167599997,-21.142042773999947,
Catanduva,MP10,2026-09-12 02:00:00+00:00,26.0,-48.98313167599997,-21.142042773999947,
Catanduva,MP10,2026-09-12 03:00:00+00:00,26.0,-48.98313167599997,-21.142042773999947,
Catanduva,MP10,2026-09-12 04:00:00+00:00,28.0,-48.98313167599997,-21.142042773999947,
Catanduva,MP10,2026-09-12 05:00:00+00:00,28.0,-48.98313167599997,-21.142042773999947,
Catanduva,MP10,2026-09-12 06:00:00+00:00,28.0,-48.98313167599997,-21.142042773999947,
Catanduva,MP10,2026-09-12 07:00:00+00:00,27.0,-48.98313167599997,-21.142042773999947,
Catanduva,MP10,2026-09-12 08:00:00+00:00,27.0,-48.98313167599997,-21.142042773999947,
Catanduva,MP10,2026-09-12 09:00:00+00:00,26.0,-48.98313167599997,-21.142042773999947,
Catanduva,MP10,2026-09-12 10:00:00+00:00,26.0,-48.98313167599997,-21.142042773999947,
Catanduva,MP10,2026-09-12 11:00:00+00:00,26.0,-48.98313167599997,-21.142042773999947,
Catanduva,MP10,2026-09-12 12:00:00+00:00,25.0,-48.98313167599997,-21.142042773999947,
Catanduva,MP10,2026-09-12 13:00:00+00:00,24.0,-48.98313167599997,-21.142042773999947,
Catanduva,MP10,2026-09-12 14:00:00+00:00,24.0,-48.98313167599997,-21.142042773999947,
Catanduva,MP10,2026-09-12 15:00:00+00:00,23.0,-48.98313167599997,-21.142042773999947,
Catanduva,MP10,2026-09-12 16:00:00+00:00,22.0,-48.98313167599997,-21.142042773999947,
Catanduva,MP10,2026-09-12 17:00:00+00:00,22.0,-48.98313167599997,-21.142042773999947,
Catanduva,MP10,2026-09-12 18:00:00+00:00,21.0,-48.98313167599997,-21.142042773999947,
Catanduva,MP10,2026-09-12 19:00:00+00:00,20.0,-48.98313167599997,-21.142042773999947,
Catanduva,MP10,2026-09-12 20:00:00+00:00,19.0,-48.98313167599997,-21.142042773999947,
Catanduva,MP10,2026-09-12 21:00:00+00:00,18.0,-48.98313167599997,-21.142042773999947,
Catanduva,MP10,2026-09-12 22:00:00+00:00,17.0,-48.98313167599997,-21.142042773999947,
Catanduva,MP10,2026-09-12 23:00:00+00:00,16.0,-48.98313167599997,-21.142042773999947,
Catanduva,MP10,2026-09-13 00:00:00+00:00,16.0,-48.98313167599997,-21.142042773999947,
Catanduva,MP10,2026-09-13 01:00:00+00:00,15.0,-48.98313167599997,-21.142042773999947,
Catanduva,MP10,2026-09-13 02:00:00+00:00,13.0,-48.98313167599997,-21.142042773999947,
Catanduva,MP10,2026-09-13 03:00:00+00:00,12.0,-48.98313167599997,-21.142042773999947,
Catanduva,MP10,2026-09-13 04:00:00+00:00,11.0,-48.98313167599997,-21.142042773999947,
Catanduva,MP10,2026-09-13 05:00:00+00:00,10.0,-48.98313167599997,-21.142042773999947,
Catanduva,MP10,2026-09-13 06:00:00+00:00,10.0,-48.98313167599997,-21.142042773999947,
Catanduva,MP10,2026-09-13 07:00:00+00:00,10.0,-48.98313167599997,-21.142042773999947,
Catanduva,MP10,2026-09-13 08:00:00+00:00,11.0,-48.98313167599997,-21.142042773999947,
Catanduva,MP10,2026-09-13 09:00:00+00:00,11.0,-48.98313167599997,-21.142042773999947,
Catanduva,MP10,2026-09-13 10:00:00+00:00,11.0,-48.98313167599997,-21.142042773999947,
Catanduva,MP10,2026-09-13 11:00:00+00:00,11.0,-48.98313167599997,-21.142042773999947,
Catanduva,MP10,2026-09-13 12:00:00+00:00,11.0,-48.98313167599997,-21.142042773999947,
Catanduva,MP10,2026-09-13 13:00:00+00:00,12.0,-48.98313167599997,-21.142042773999947,
Catanduva,MP10,2026-09-13 14:00:00+00:00,12.0,-48.98313167599997,-21.142042773999947,
Catanduva,MP10,2026-09-13 15:00:00+00:00,13.0,-48.98313167599997,-21.142042773999947,
Catanduva,MP10,2026-09-13 16:00:00+00:00,13.0,-48.98313167599997,-21.142042773999947,
Catanduva,MP10,2026-09-13 17:00:00+00:00,13.0,-48.98313167599997,-21.142042773999947,
Catanduva,MP10,2026-09-13 18:00:00+00:00,13.0,-48.98313167599997,-21.142042773999947,
Cerqueira César,MP10,2026-09-11 19:00:00+00:00,13.0,-46.67270476899995,-23.55354256199996,
Cerqueira César,MP10,2026-09-11 20:00:00+00:00,13.0,-46.67270476899995,-23.55354256199996,
Cerqueira César,MP10,2026-09-11 21:00:00+00:00,13.0,-46.67270476899995,-23.55354256199996,
Cerqueira César,MP10,2026-09-11 22:00:00+00:00,14.0,-46.67270476899995,-23.55354256199996,
Cerqueira César,MP10,2026-09-11 23:00:00+00:00,14.0,-46.67270476899995,-23.55354256199996,
Cerqueira César,MP10,2026-09-12 00:00:00+00:00,14.0,-46.67270476899995,-23.55354256199996,
Cerqueira César,MP10,2026-09-12 01:00:00+00:00,13.0,-46.67270476899995,-23.55354256199996,
Cerqueira César,MP10,2026-09-12 02:00:00+00:00,13.0,-46.67270476899995,-23.55354256199996,
Cerqueira César,MP10,2026-09-12 03:00:00+00:00,12.0,-46.67270476899995,-23.55354256199996,
Cerqueira César,MP10,2026-09-12 04:00:00+00:00,11.0,-46.67270476899995,-23.55354256199996,
Cerqueira César,MP10,2026-09-12 05:00:00+00:00,11.0,-46.67270476899995,-23.55354256199996,
Cerqueira César,MP10,2026-09-12 06:00:00+00:00,11.0,-46.67270476899995,-23.55354256199996,
Cerqueira César,MP10,2026-09-12 07:00:00+00:00,11.0,-46.67270476899995,-23.55354256199996,
Cerqueira César,MP10,2026-09-12 08:00:00+00:00,11.0,-46.67270476899995,-23.55354256199996,
Cerqueira César,MP10,2026-09-12 09:00:00+00:00,11.0,-46.67270476899995,-23.55354256199996,
Cerqueira César,MP10,2026-09-12 10:00:00+00:00,11.0,-46.67270476899995,-23.55354256199996,
Cerqueira César,MP10,2026-09-12 11:00:00+00:00,11.0,-46.67270476899995,-23.55354256199996,
Cerqueira César,MP10,2026-09-12 12:00:00+00:00,11.0,-46.67270476899995,-23.55354256199996,
Cerqueira César,MP10,2026-09-12 13:00:00+00:00,10.0,-46.67270476899995,-23.55354256199996,
Cerqueira César,MP10,2026-09-12 14:00:00+00:00,10.0,-46.67270476899995,-23.55354256199996,
Cerqueira César,MP10,2026-09-12 15:00:00+00:00,10.0,-46.67270476899995,-23.55354256199996,
Cerqueira César,MP10,2026-09-12 16:00:00+00:00,10.0,-46.67270476899995,-23.55354256199996,
Cerqueira César,MP10,2026-09-12 17:00:00+00:00,10.0,-46.67270476899995,-23.55354256199996,
Cerqueira César,MP10,2026-09-12 18:00:00+00:00,10.0,-46.67270476899995,-23.55354256199996,
Cerqueira César,MP10,2026-09-12 19:00:00+00:00,10.0,-46.67270476899995,-23.55354256199996,
Cerqueira César,MP10,2026-09-12 20:00:00+00:00,10.0,-46.67270476899995,-23.55354256199996,
Cerqueira César,MP10,2026-09-12 21:00:00+00:00,9.0,-46.67270476899995,-23.55354256199996,
Cerqueira César,MP10,2026-09-12 22:00:00+00:00,9.0,-46.67270476899995,-23.55354256199996,
Cerqueira César,MP10,2026-09-12 23:00:00+00:00,8.0,-46.67270476899995,-23.55354256199996,
Cerqueira César,MP10,2026-09-13 00:00:00+00:00,7.0,-46.67270476899995,-23.55354256199996,
Cerqueira César,MP10,2026-09-13 01:00:00+00:00,7.0,-46.67270476899995,-23.55354256199996,
Cerqueira César,MP10,2026-09-13 02:00:00+00:00,8.0,-46.67270476899995,-23.55354256199996,
Cerqueira César,MP10,2026-09-13 03:00:00+00:00,8.0,-46.67270476899995,-23.55354256199996,
Cerqueira César,MP10,2026-09-13 04:00:00+00:00,8.0,-46.67270476899995,-23.55354256199996,
Cerqueira César,MP10,2026-09-13 05:00:00+00:00,8.0,-46.67270476899995,-23.55354256199996,
Cerqueira César,MP10,2026-09-13 06:00:00+00:00,8.0,-46.67270476899995,-23.55354256199996,
Cerqueira César,MP10,2026-09-13 07:00:00+00:00,7.0,-46.67270476899995,-23.55354256199996,
Cerqueira César,MP10,2026-09-13 08:00:00+00:00,7.0,-46.67270476899995,-23.55354256199996,
Cerqueira César,MP10,2026-09-13 09:00:00+00:00,7.0,-46.67270476899995,-23.55354256199996,
Cerqueira César,MP10,2026-09-13 10:00:00+00:00,7.0,-46.67270476899995,-23.55354256199996,
Cerqueira César,MP10,2026-09-13 11:00:00+00:00,7.0,-46.67270476899995,-23.55354256199996,
Cerqueira César,MP10,2026-09-13 12:00:00+00:00,7.0,-46.67270476899995,-23.55354256199996,
Cerqueira César,MP10,2026-09-13 13:00:00+00:00,7.0,-46.67270476899995,-23.55354256199996,
Cerqueira César,MP10,2026-09-13 14:00:00+00:00,6.0,-46.67270476899995,-23.55354256199996,
Cerqueira César,MP10,2026-09-13 15:00:00+00:00,6.0,-46.67270476899995,-23.55354256199996,
Cerqueira César,MP10,2026-09-13 16:00:00+00:00,5.0,-46.67270476899995,-23.55354256199996,
Cerqueira César,MP10,2026-09-13 17:00:00+00:00,5.0,-46.67270476899995,-23.55354256199996,
Cerqueira César,MP10,2026-09-13 18:00:00+00:00,4.0,-46.67270476899995,-23.55354256199996,
Congonhas,MP10,2026-09-11 19:00:00+00:00,16.0,-46.66346552699997,-23.616320078999934,
Congonhas,MP10,2026-09-11 20:00:00+00:00,16.0,-46.66346552699997,-23.616320078999934,
Congonhas,MP10,2026-09-11 21:00:00+00:00,17.0,-46.66346552699997,-23.616320078999934,
Congonhas,MP10,2026-09-11 22:00:00+00:00,17.0,-46.66346552699997,-23.616320078999934,
Congonhas,MP10,2026-09-11 23:00:00+00:00,18.0,-46.66346552699997,-23.616320078999934,
Congonhas,MP10,2026-09-12 00:00:00+00:00,18.0,-46.66346552699997,-23.616320078999934,
Congonhas,MP10,2026-09-12 01:00:00+00:00,18.0,-46.66346552699997,-23.616320078999934,
Congonhas,MP10,2026-09-12 02:00:00+00:00,17.0,-46.66346552699997,-23.616320078999934,
Congonhas,MP10,2026-09-12 03:00:00+00:00,16.0,-46.66346552699997,-23.616320078999934,
Congonhas,MP10,2026-09-12 04:00:00+00:00,16.0,-46.66346552699997,-23.616320078999934,
Congonhas,MP10,2026-09-12 05:00:00+00:00,15.0,-46.66346552699997,-23.616320078999934,
Congonhas,MP10,2026-09-12 06:00:00+00:00,14.0,-46.66346552699997,-23.616320078999934,
Congonhas,MP10,2026-09-12 07:00:00+00:00,14.0,-46.66346552699997,-23.616320078999934,
Congonhas,MP10,2026-09-12 08:00:00+00:00,14.0,-46.66346552699997,-23.616320078999934,
Congonhas,MP10,2026-09-12 09:00:00+00:00,13.0,-46.66346552699997,-23.616320078999934,
Congonhas,MP10,2026-09-12 10:00:00+00:00,13.0,-46.66346552699997,-23.616320078999934,
Congonhas,MP10,2026-09-12 11:00:00+00:00,13.0,-46.66346552699997,-23.616320078999934,
Congonhas,MP10,2026-09-12 12:00:00+00:00,13.0,-46.66346552699997,-23.616320078999934,
Congonhas,MP10,2026-09-12 13:00:00+00:00,13.0,-46.66346552699997,-23.616320078999934,
Congonhas,MP10,2026-09-12 14:00:00+00:00,13.0,-46.66346552699997,-23.616320078999934,
Congonhas,MP10,2026-09-12 15:00:00+00:00,13.0,-46.66346552699997,-23.616320078999934,
Congonhas,MP10,2026-09-12 16:00:00+00:00,13.0,-46.66346552699997,-23.616320078999934,
Congonhas,MP10,2026-09-12 17:00:00+00:00,13.0,-46.66346552699997,-23.616320078999934,
Congonhas,MP10,2026-09-12 18:00:00+00:00,13.0,-46.66346552699997,-23.616320078999934,
Congonhas,MP10,2026-09-12 19:00:00+00:00,13.0,-46.66346552699997,-23.616320078999934,
Congonhas,MP10,2026-09-12 20:00:00+00:00,12.0,-46.66346552699997,-23.616320078999934,
Congonhas,MP10,2026-09-12 21:00:00+00:00,12.0,-46.66346552699997,-23.616320078999934,
Congonhas,MP10,2026-09-12 22:00:00+00:00,11.0,-46.66346552699997,-23.616320078999934,
Congonhas,MP10,2026-09-12 23:00:00+00:00,10.0,-46.66346552699997,-23.616320078999934,
Congonhas,MP10,2026-09-13 00:00:00+00:00,10.0,-46.66346552699997,-23.616320078999934,
Congonhas,MP10,2026-09-13 01:00:00+00:00,10.0,-46.66346552699997,-23.616320078999934,
Congonhas,MP10,2026-09-13 02:00:00+00:00,10.0,-46.66346552699997,-23.616320078999934,
Congonhas,MP10,2026-09-13 03:00:00+00:00,10.0,-46.66346552699997,-23.616320078999934,
Congonhas,MP10,2026-09-13 04:00:00+00:00,10.0,-46.66346552699997,-23.616320078999934,
Congonhas,MP10,2026-09-13 05:00:00+00:00,10.0,-46.66346552699997,-23.616320078999934,
Congonhas,MP10,2026-09-13 06:00:00+00:00,10.0,-46.66346552699997,-23.616320078999934,
Congonhas,MP10,2026-09-13 07:00:00+00:00,10.0,-46.66346552699997,-23.616320078999934,
Congonhas,MP10,2026-09-13 08:00:00+00:00,10.0,-46.66346552699997,-23.616320078999934,
Congonhas,MP10,2026-09-13 09:00:00+00:00,11.0,-46.66346552699997,-23.616320078999934,
Congonhas,MP10,2026-09-13 10:00:00+00:00,11.0,-46.66346552699997,-23.616320078999934,
Congonhas,MP10,2026-09-13 11:00:00+00:00,11.0,-46.66346552699997,-23.616320078999934,
Congonhas,MP10,2026-09-13 12:00:00+00:00,10.0,-46.66346552699997,-23.616320078999934,
Congonhas,MP10,2026-09-13 13:00:00+00:00,10.0,-46.66346552699997,-23.616320078999934,
Congonhas,MP10,2026-09-13 14:00:00+00:00,10.0,-46.66346552699997,-23.616320078999934,
Congonhas,MP10,2026-09-13 15:00:00+00:00,10.0,-46.66346552699997,-23.616320078999934,
Congonhas,MP10,2026-09-13 16:00:00+00:00,9.0,-46.66346552699997,-23.616320078999934,
Congonhas,MP10,2026-09-13 17:00:00+00:00,9.0,-46.66346552699997,-23.616320078999934,
Congonhas,MP10,2026-09-13 18:00:00+00:00,8.0,-46.66346552699997,-23.616320078999934,
Cubatão-Centro,MP10,2026-09-11 19:00:00+00:00,29.0,-46.41848336199996,-23.879026730999954,
Cubatão-Centro,MP10,2026-09-11 20:00:00+00:00,30.0,-46.41848336199996,-23.879026730999954,
Cubatão-Centro,MP10,2026-09-11 21:00:00+00:00,30.0,-46.41848336199996,-23.879026730999954,
Cubatão-Centro,MP10,2026-09-11 22:00:00+00:00,31.0,-46.41848336199996,-23.879026730999954,
Cubatão-Centro,MP10,2026-09-11 23:00:00+00:00,30.0,-46.41848336199996,-23.879026730999954,
Cubatão-Centro,MP10,2026-09-12 00:00:00+00:00,29.0,-46.41848336199996,-23.879026730999954,
Cubatão-Centro,MP10,2026-09-12 01:00:00+00:00,29.0,-46.41848336199996,-23.879026730999954,
Cubatão-Centro,MP10,2026-09-12 02:00:00+00:00,28.0,-46.41848336199996,-23.879026730999954,
Cubatão-Centro,MP10,2026-09-12 03:00:00+00:00,28.0,-46.41848336199996,-23.879026730999954,
Cubatão-Centro,MP10,2026-09-12 04:00:00+00:00,28.0,-46.41848336199996,-23.879026730999954,
Cubatão-Centro,MP10,2026-09-12 05:00:00+00:00,28.0,-46.41848336199996,-23.879026730999954,
Cubatão-Centro,MP10,2026-09-12 06:00:00+00:00,27.0,-46.41848336199996,-23.879026730999954,
Cubatão-Centro,MP10,2026-09-12 07:00:00+00:00,27.0,-46.41848336199996,-23.879026730999954,
Cubatão-Centro,MP10,2026-09-12 08:00:00+00:00,27.0,-46.41848336199996,-23.879026730999954,
Cubatão-Centro,MP10,2026-09-12 09:00:00+00:00,26.0,-46.41848336199996,-23.879026730999954,
Cubatão-Centro,MP10,2026-09-12 10:00:00+00:00,26.0,-46.41848336199996,-23.879026730999954,
Cubatão-Centro,MP10,2026-09-12 11:00:00+00:00,26.0,-46.41848336199996,-23.879026730999954,
Cubatão-Centro,MP10,2026-09-12 12:00:00+00:00,22.0,-46.41848336199996,-23.879026730999954,
Cubatão-Centro,MP10,2026-09-12 13:00:00+00:00,20.0,-46.41848336199996,-23.879026730999954,
Cubatão-Centro,MP10,2026-09-12 14:00:00+00:00,18.0,-46.41848336199996,-23.879026730999954,
Cubatão-Centro,MP10,2026-09-12 15:00:00+00:00,16.0,-46.41848336199996,-23.879026730999954,
Cubatão-Centro,MP10,2026-09-12 16:00:00+00:00,13.0,-46.41848336199996,-23.879026730999954,
Cubatão-Centro,MP10,2026-09-12 17:00:00+00:00,11.0,-46.41848336199996,-23.879026730999954,
Cubatão-Centro,MP10,2026-09-12 18:00:00+00:00,10.0,-46.41848336199996,-23.879026730999954,
Cubatão-Centro,MP10,2026-09-12 19:00:00+00:00,9.0,-46.41848336199996,-23.879026730999954,
Cubatão-Centro,MP10,2026-09-12 20:00:00+00:00,9.0,-46.41848336199996,-23.879026730999954,
Cubatão-Centro,MP10,2026-09-12 21:00:00+00:00,8.0,-46.41848336199996,-23.879026730999954,
Cubatão-Centro,MP10,2026-09-12 22:00:00+00:00,8.0,-46.41848336199996,-23.879026730999954,
Cubatão-Centro,MP10,2026-09-12 23:00:00+00:00,9.0,-46.41848336199996,-23.879026730999954,
Cubatão-Centro,MP10,2026-09-13 00:00:00+00:00,9.0,-46.41848336199996,-23.879026730999954,
Cubatão-Centro,MP10,2026-09-13 01:00:00+00:00,9.0,-46.41848336199996,-23.879026730999954,
Cubatão-Centro,MP10,2026-09-13 02:00:00+00:00,9.0,-46.41848336199996,-23.879026730999954,
Cubatão-Centro,MP10,2026-09-13 03:00:00+00:00,10.0,-46.41848336199996,-23.879026730999954,
Cubatão-Centro,MP10,2026-09-13 04:00:00+00:00,10.0,-46.41848336199996,-23.879026730999954,
Cubatão-Centro,MP10,2026-09-13 05:00:00+00:00,9.0,-46.41848336199996,-23.879026730999954,
Cubatão-Centro,MP10,2026-09-13 06:00:00+00:00,9.0,-46.41848336199996,-23.879026730999954,
Cubatão-Centro,MP10,2026-09-13 07:00:00+00:00,9.0,-46.41848336199996,-23.879026730999954,
Cubatão-Centro,MP10,2026-09-13 08:00:00+00:00,9.0,-46.41848336199996,-23.879026730999954,
Cubatão-Centro,MP10,2026-09-13 09:00:00+00:00,9.0,-46.41848336199996,-23.879026730999954,
Cubatão-Centro,MP10,2026-09-13 10:00:00+00:00,9.0,-46.41848336199996,-23.879026730999954,
Cubatão-Centro,MP10,2026-09-13 11:00:00+00:00,9.0,-46.41848336199996,-23.879026730999954,
Cubatão-Centro,MP10,2026-09-13 12:00:00+00:00,8.0,-46.41848336199996,-23.879026730999954,
Cubatão-Centro,MP10,2026-09-13 13:00:00+00:00,8.0,-46.41848336199996,-23.879026730999954,
Cubatão-Centro,MP10,2026-09-13 14:00:00+00:00,8.0,-46.41848336199996,-23.879026730999954,
Cubatão-Centro,MP10,2026-09-13 15:00:00+00:00,7.0,-46.41848336199996,-23.879026730999954,
Cubatão-Centro,MP10,2026-09-13 16:00:00+00:00,6.0,-46.41848336199996,-23.879026730999954,
Cubatão-Centro,MP10,2026-09-13 17:00:00+00:00,5.0,-46.41848336199996,-23.879026730999954,
Cubatão-Centro,MP10,2026-09-13 18:00:00+00:00,6.0,-46.41848336199996,-23.879026730999954,
Cubatão-V.Parisi,MP10,2026-09-11 19:00:00+00:00,70.0,-46.38941033999998,-23.849201844999982,
Cubatão-V.Parisi,MP10,2026-09-11 20:00:00+00:00,71.0,-46.38941033999998,-23.849201844999982,
Cubatão-V.Parisi,MP10,2026-09-11 21:00:00+00:00,73.0,-46.38941033999998,-23.849201844999982,
Cubatão-V.Parisi,MP10,2026-09-11 22:00:00+00:00,74.0,-46.38941033999998,-23.849201844999982,
Cubatão-V.Parisi,MP10,2026-09-11 23:00:00+00:00,73.0,-46.38941033999998,-23.849201844999982,
Cubatão-V.Parisi,MP10,2026-09-12 00:00:00+00:00,73.0,-46.38941033999998,-23.849201844999982,
Cubatão-V.Parisi,MP10,2026-09-12 01:00:00+00:00,73.0,-46.38941033999998,-23.849201844999982,
Cubatão-V.Parisi,MP10,2026-09-12 02:00:00+00:00,73.0,-46.38941033999998,-23.849201844999982,
Cubatão-V.Parisi,MP10,2026-09-12 03:00:00+00:00,73.0,-46.38941033999998,-23.849201844999982,
Cubatão-V.Parisi,MP10,2026-09-12 04:00:00+00:00,73.0,-46.38941033999998,-23.849201844999982,
Cubatão-V.Parisi,MP10,2026-09-12 05:00:00+00:00,73.0,-46.38941033999998,-23.849201844999982,
Cubatão-V.Parisi,MP10,2026-09-12 06:00:00+00:00,72.0,-46.38941033999998,-23.849201844999982,
Cubatão-V.Parisi,MP10,2026-09-12 07:00:00+00:00,72.0,-46.38941033999998,-23.849201844999982,
Cubatão-V.Parisi,MP10,2026-09-12 08:00:00+00:00,71.0,-46.38941033999998,-23.849201844999982,
Cubatão-V.Parisi,MP10,2026-09-12 09:00:00+00:00,71.0,-46.38941033999998,-23.849201844999982,
Cubatão-V.Parisi,MP10,2026-09-12 10:00:00+00:00,72.0,-46.38941033999998,-23.849201844999982,
Cubatão-V.Parisi,MP10,2026-09-12 11:00:00+00:00,72.0,-46.38941033999998,-23.849201844999982,
Cubatão-V.Parisi,MP10,2026-09-12 12:00:00+00:00,70.0,-46.38941033999998,-23.849201844999982,
Cubatão-V.Parisi,MP10,2026-09-12 13:00:00+00:00,67.0,-46.38941033999998,-23.849201844999982,
Cubatão-V.Parisi,MP10,2026-09-12 14:00:00+00:00,65.0,-46.38941033999998,-23.849201844999982,
Cubatão-V.Parisi,MP10,2026-09-12 15:00:00+00:00,46.0,-46.38941033999998,-23.849201844999982,
Cubatão-V.Parisi,MP10,2026-09-12 16:00:00+00:00,31.0,-46.38941033999998,-23.849201844999982,
Cubatão-V.Parisi,MP10,2026-09-12 17:00:00+00:00,20.0,-46.38941033999998,-23.849201844999982,
Cubatão-V.Parisi,MP10,2026-09-12 18:00:00+00:00,18.0,-46.38941033999998,-23.849201844999982,
Cubatão-V.Parisi,MP10,2026-09-12 19:00:00+00:00,15.0,-46.38941033999998,-23.849201844999982,
Cubatão-V.Parisi,MP10,2026-09-12 20:00:00+00:00,14.0,-46.38941033999998,-23.849201844999982,
Cubatão-V.Parisi,MP10,2026-09-12 21:00:00+00:00,12.0,-46.38941033999998,-23.849201844999982,
Cubatão-V.Parisi,MP10,2026-09-12 22:00:00+00:00,11.0,-46.38941033999998,-23.849201844999982,
Cubatão-V.Parisi,MP10,2026-09-12 23:00:00+00:00,11.0,-46.38941033999998,-23.849201844999982,
Cubatão-V.Parisi,MP10,2026-09-13 00:00:00+00:00,11.0,-46.38941033999998,-23.849201844999982,
Cubatão-V.Parisi,MP10,2026-09-13 01:00:00+00:00,10.0,-46.38941033999998,-23.849201844999982,
Cubatão-V.Parisi,MP10,2026-09-13 02:00:00+00:00,10.0,-46.38941033999998,-23.849201844999982,
Cubatão-V.Parisi,MP10,2026-09-13 03:00:00+00:00,9.0,-46.38941033999998,-23.849201844999982,
Cubatão-V.Parisi,MP10,2026-09-13 04:00:00+00:00,10.0,-46.38941033999998,-23.849201844999982,
Cubatão-V.Parisi,MP10,2026-09-13 05:00:00+00:00,10.0,-46.38941033999998,-23.849201844999982,
Cubatão-V.Parisi,MP10,2026-09-13 06:00:00+00:00,9.0,-46.38941033999998,-23.849201844999982,
Cubatão-V.Parisi,MP10,2026-09-13 07:00:00+00:00,9.0,-46.38941033999998,-23.849201844999982,
Cubatão-V.Parisi,MP10,2026-09-13 08:00:00+00:00,9.0,-46.38941033999998,-23.849201844999982,
Cubatão-V.Parisi,MP10,2026-09-13 09:00:00+00:00,9.0,-46.38941033999998,-23.849201844999982,
Cubatão-V.Parisi,MP10,2026-09-13 10:00:00+00:00,8.0,-46.38941033999998,-23.849201844999982,
Cubatão-V.Parisi,MP10,2026-09-13 11:00:00+00:00,8.0,-46.38941033999998,-23.849201844999982,
Cubatão-V.Parisi,MP10,2026-09-13 12:00:00+00:00,7.0,-46.38941033999998,-23.849201844999982,
Cubatão-V.Parisi,MP10,2026-09-13 13:00:00+00:00,7.0,-46.38941033999998,-23.849201844999982,
Cubatão-V.Parisi,MP10,2026-09-13 14:00:00+00:00,6.0,-46.38941033999998,-23.849201844999982,
Cubatão-V.Parisi,MP10,2026-09-13 15:00:00+00:00,6.0,-46.38941033999998,-23.849201844999982,
Cubatão-V.Parisi,MP10,2026-09-13 16:00:00+00:00,5.0,-46.38941033999998,-23.849201844999982,
Cubatão-V.Parisi,MP10,2026-09-13 17:00:00+00:00,5.0,-46.38941033999998,-23.849201844999982,
Cubatão-V.Parisi,MP10,2026-09-13 18:00:00+00:00,5.0,-46.38941033999998,-23.849201844999982,
Cubatão-Vale do Mogi,MP10,2026-09-11 19:00:00+00:00,14.0,-46.36915575099994,-23.831520431999934,
Cubatão-Vale do Mogi,MP10,2026-09-11 20:00:00+00:00,15.0,-46.36915575099994,-23.831520431999934,
Cubatão-Vale do Mogi,MP10,2026-09-11 21:00:00+00:00,16.0,-46.36915575099994,-23.831520431999934,
Cubatão-Vale do Mogi,MP10,2026-09-11 22:00:00+00:00,17.0,-46.36915575099994,-23.831520431999934,
Cubatão-Vale do Mogi,MP10,2026-09-11 23:00:00+00:00,16.0,-46.36915575099994,-23.831520431999934,
Cubatão-Vale do Mogi,MP10,2026-09-12 00:00:00+00:00,16.0,-46.36915575099994,-23.831520431999934,
Cubatão-Vale do Mogi,MP10,2026-09-12 01:00:00+00:00,16.0,-46.36915575099994,-23.831520431999934,
Cubatão-Vale do Mogi,MP10,2026-09-12 02:00:00+00:00,17.0,-46.36915575099994,-23.831520431999934,
Cubatão-Vale do Mogi,MP10,2026-09-12 03:00:00+00:00,16.0,-46.36915575099994,-23.831520431999934,
Cubatão-Vale do Mogi,MP10,2026-09-12 04:00:00+00:00,16.0,-46.36915575099994,-23.831520431999934,
Cubatão-Vale do Mogi,MP10,2026-09-12 05:00:00+00:00,16.0,-46.36915575099994,-23.831520431999934,
Cubatão-Vale do Mogi,MP10,2026-09-12 06:00:00+00:00,16.0,-46.36915575099994,-23.831520431999934,
Cubatão-Vale do Mogi,MP10,2026-09-12 07:00:00+00:00,16.0,-46.36915575099994,-23.831520431999934,
Cubatão-Vale do Mogi,MP10,2026-09-12 08:00:00+00:00,16.0,-46.36915575099994,-23.831520431999934,
Cubatão-Vale do Mogi,MP10,2026-09-12 09:00:00+00:00,16.0,-46.36915575099994,-23.831520431999934,
Cubatão-Vale do Mogi,MP10,2026-09-12 10:00:00+00:00,16.0,-46.36915575099994,-23.831520431999934,
Cubatão-Vale do Mogi,MP10,2026-09-12 11:00:00+00:00,16.0,-46.36915575099994,-23.831520431999934,
Cubatão-Vale do Mogi,MP10,2026-09-12 12:00:00+00:00,16.0,-46.36915575099994,-23.831520431999934,
Cubatão-Vale do Mogi,MP10,2026-09-12 13:00:00+00:00,15.0,-46.36915575099994,-23.831520431999934,
Cubatão-Vale do Mogi,MP10,2026-09-12 14:00:00+00:00,15.0,-46.36915575099994,-23.831520431999934,
Cubatão-Vale do Mogi,MP10,2026-09-12 15:00:00+00:00,14.0,-46.36915575099994,-23.831520431999934,
Cubatão-Vale do Mogi,MP10,2026-09-12 16:00:00+00:00,13.0,-46.36915575099994,-23.831520431999934,
Cubatão-Vale do Mogi,MP10,2026-09-12 17:00:00+00:00,13.0,-46.36915575099994,-23.831520431999934,
Cubatão-Vale do Mogi,MP10,2026-09-12 18:00:00+00:00,12.0,-46.36915575099994,-23.831520431999934,
Cubatão-Vale do Mogi,MP10,2026-09-12 19:00:00+00:00,12.0,-46.36915575099994,-23.831520431999934,
Cubatão-Vale do Mogi,MP10,2026-09-12 20:00:00+00:00,11.0,-46.36915575099994,-23.831520431999934,
Cubatão-Vale do Mogi,MP10,2026-09-12 21:00:00+00:00,11.0,-46.36915575099994,-23.831520431999934,
Cubatão-Vale do Mogi,MP10,2026-09-12 22:00:00+00:00,11.0,-46.36915575099994,-23.831520431999934,
Cubatão-Vale do Mogi,MP10,2026-09-12 23:00:00+00:00,11.0,-46.36915575099994,-23.831520431999934,
Cubatão-Vale do Mogi,MP10,2026-09-13 00:00:00+00:00,11.0,-46.36915575099994,-23.831520431999934,
Cubatão-Vale do Mogi,MP10,2026-09-13 01:00:00+00:00,10.0,-46.36915575099994,-23.831520431999934,
Cubatão-Vale do Mogi,MP10,2026-09-13 02:00:00+00:00,11.0,-46.36915575099994,-23.831520431999934,
Cubatão-Vale do Mogi,MP10,2026-09-13 03:00:00+00:00,11.0,-46.36915575099994,-23.831520431999934,
Cubatão-Vale do Mogi,MP10,2026-09-13 04:00:00+00:00,11.0,-46.36915575099994,-23.831520431999934,
Cubatão-Vale do Mogi,MP10,2026-09-13 05:00:00+00:00,11.0,-46.36915575099994,-23.831520431999934,
Cubatão-Vale do Mogi,MP10,2026-09-13 06:00:00+00:00,11.0,-46.36915575099994,-23.831520431999934,
Cubatão-Vale do Mogi,MP10,2026-09-13 07:00:00+00:00,11.0,-46.36915575099994,-23.831520431999934,
Cubatão-Vale do Mogi,MP10,2026-09-13 08:00:00+00:00,11.0,-46.36915575099994,-23.831520431999934,
Cubatão-Vale do Mogi,MP10,2026-09-13 09:00:00+00:00,11.0,-46.36915575099994,-23.831520431999934,
Cubatão-Vale do Mogi,MP10,2026-09-13 10:00:00+00:00,11.0,-46.36915575099994,-23.831520431999934,
Cubatão-Vale do Mogi,MP10,2026-09-13 11:00:00+00:00,11.0,-46.36915575099994,-23.831520431999934,
Cubatão-Vale do Mogi,MP10,2026-09-13 12:00:00+00:00,11.0,-46.36915575099994,-23.831520431999934,
Cubatão-Vale do Mogi,MP10,2026-09-13 13:00:00+00:00,11.0,-46.36915575099994,-23.831520431999934,
Cubatão-Vale do Mogi,MP10,2026-09-13 14:00:00+00:00,11.0,-46.36915575099994,-23.831520431999934,
Cubatão-Vale do Mogi,MP10,2026-09-13 15:00:00+00:00,10.0,-46.36915575099994,-23.831520431999934,
Cubatão-Vale do Mogi,MP10,2026-09-13 16:00:00+00:00,9.0,-46.36915575099994,-23.831520431999934,
Cubatão-Vale do Mogi,MP10,2026-09-13 17:00:00+00:00,9.0,-46.36915575099994,-23.831520431999934,
Cubatão-Vale do Mogi,MP10,2026-09-13 18:00:00+00:00,8.0,-46.36915575099994,-23.831520431999934,
Grajaú-Parelheiros,MP10,2026-09-11 19:00:00+00:00,31.0,-46.69696107799996,-23.776265983999963,
Grajaú-Parelheiros,MP10,2026-09-11 20:00:00+00:00,30.0,-46.69696107799996,-23.776265983999963,
Grajaú-Parelheiros,MP10,2026-09-11 21:00:00+00:00,30.0,-46.69696107799996,-23.776265983999963,
Grajaú-Parelheiros,MP10,2026-09-11 22:00:00+00:00,30.0,-46.69696107799996,-23.776265983999963,
Grajaú-Parelheiros,MP10,2026-09-11 23:00:00+00:00,29.0,-46.69696107799996,-23.776265983999963,
Grajaú-Parelheiros,MP10,2026-09-12 00:00:00+00:00,27.0,-46.69696107799996,-23.776265983999963,
Grajaú-Parelheiros,MP10,2026-09-12 01:00:00+00:00,24.0,-46.69696107799996,-23.776265983999963,
Grajaú-Parelheiros,MP10,2026-09-12 02:00:00+00:00,21.0,-46.69696107799996,-23.776265983999963,
Grajaú-Parelheiros,MP10,2026-09-12 03:00:00+00:00,19.0,-46.69696107799996,-23.776265983999963,
Grajaú-Parelheiros,MP10,2026-09-12 04:00:00+00:00,18.0,-46.69696107799996,-23.776265983999963,
Grajaú-Parelheiros,MP10,2026-09-12 05:00:00+00:00,17.0,-46.69696107799996,-23.776265983999963,
Grajaú-Parelheiros,MP10,2026-09-12 06:00:00+00:00,16.0,-46.69696107799996,-23.776265983999963,
Grajaú-Parelheiros,MP10,2026-09-12 07:00:00+00:00,15.0,-46.69696107799996,-23.776265983999963,
Grajaú-Parelheiros,MP10,2026-09-12 08:00:00+00:00,15.0,-46.69696107799996,-23.776265983999963,
Grajaú-Parelheiros,MP10,2026-09-12 09:00:00+00:00,15.0,-46.69696107799996,-23.776265983999963,
Grajaú-Parelheiros,MP10,2026-09-12 10:00:00+00:00,15.0,-46.69696107799996,-23.776265983999963,
Grajaú-Parelheiros,MP10,2026-09-12 11:00:00+00:00,14.0,-46.69696107799996,-23.776265983999963,
Grajaú-Parelheiros,MP10,2026-09-12 12:00:00+00:00,14.0,-46.69696107799996,-23.776265983999963,
Grajaú-Parelheiros,MP10,2026-09-12 13:00:00+00:00,13.0,-46.69696107799996,-23.776265983999963,
Grajaú-Parelheiros,MP10,2026-09-12 14:00:00+00:00,12.0,-46.69696107799996,-23.776265983999963,
Grajaú-Parelheiros,MP10,2026-09-12 15:00:00+00:00,11.0,-46.69696107799996,-23.776265983999963,
Grajaú-Parelheiros,MP10,2026-09-12 16:00:00+00:00,11.0,-46.69696107799996,-23.776265983999963,
Grajaú-Parelheiros,MP10,2026-09-12 17:00:00+00:00,11.0,-46.69696107799996,-23.776265983999963,
Grajaú-Parelheiros,MP10,2026-09-12 18:00:00+00:00,11.0,-46.69696107799996,-23.776265983999963,
Grajaú-Parelheiros,MP10,2026-09-12 19:00:00+00:00,10.0,-46.69696107799996,-23.776265983999963,
Grajaú-Parelheiros,MP10,2026-09-12 20:00:00+00:00,9.0,-46.69696107799996,-23.776265983999963,
Grajaú-Parelheiros,MP10,2026-09-12 21:00:00+00:00,8.0,-46.69696107799996,-23.776265983999963,
Grajaú-Parelheiros,MP10,2026-09-12 22:00:00+00:00,7.0,-46.69696107799996,-23.776265983999963,
Grajaú-Parelheiros,MP10,2026-09-12 23:00:00+00:00,7.0,-46.69696107799996,-23.776265983999963,
Grajaú-Parelheiros,MP10,2026-09-13 00:00:00+00:00,7.0,-46.69696107799996,-23.776265983999963,
Grajaú-Parelheiros,MP10,2026-09-13 01:00:00+00:00,7.0,-46.69696107799996,-23.776265983999963,
Grajaú-Parelheiros,MP10,2026-09-13 02:00:00+00:00,7.0,-46.69696107799996,-23.776265983999963,
Grajaú-Parelheiros,MP10,2026-09-13 03:00:00+00:00,7.0,-46.69696107799996,-23.776265983999963,
Grajaú-Parelheiros,MP10,2026-09-13 04:00:00+00:00,7.0,-46.69696107799996,-23.776265983999963,
Grajaú-Parelheiros,MP10,2026-09-13 05:00:00+00:00,7.0,-46.69696107799996,-23.776265983999963,
Grajaú-Parelheiros,MP10,2026-09-13 06:00:00+00:00,7.0,-46.69696107799996,-23.776265983999963,
Grajaú-Parelheiros,MP10,2026-09-13 07:00:00+00:00,7.0,-46.69696107799996,-23.776265983999963,
Grajaú-Parelheiros,MP10,2026-09-13 08:00:00+00:00,7.0,-46.69696107799996,-23.776265983999963,
Grajaú-Parelheiros,MP10,2026-09-13 09:00:00+00:00,6.0,-46.69696107799996,-23.776265983999963,
Grajaú-Parelheiros,MP10,2026-09-13 10:00:00+00:00,6.0,-46.69696107799996,-23.776265983999963,
Grajaú-Parelheiros,MP10,2026-09-13 11:00:00+00:00,5.0,-46.69696107799996,-23.776265983999963,
Grajaú-Parelheiros,MP10,2026-09-13 12:00:00+00:00,5.0,-46.69696107799996,-23.776265983999963,
Grajaú-Parelheiros,MP10,2026-09-13 13:00:00+00:00,5.0,-46.69696107799996,-23.776265983999963,
Grajaú-Parelheiros,MP10,2026-09-13 14:00:00+00:00,4.0,-46.69696107799996,-23.776265983999963,
Grajaú-Parelheiros,MP10,2026-09-13 15:00:00+00:00,4.0,-46.69696107799996,-23.776265983999963,
Grajaú-Parelheiros,MP10,2026-09-13 16:00:00+00:00,4.0,-46.69696107799996,-23.776265983999963,
Grajaú-Parelheiros,MP10,2026-09-13 17:00:00+00:00,4.0,-46.69696107799996,-23.776265983999963,
Grajaú-Parelheiros,MP10,2026-09-13 18:00:00+00:00,4.0,-46.69696107799996,-23.776265983999963,
Guaratinguetá,MP10,2026-09-11 19:00:00+00:00,,-45.19112235999995,-22.801917138999954,
Guaratinguetá,MP10,2026-09-11 20:00:00+00:00,,-45.19112235999995,-22.801917138999954,
Guaratinguetá,MP10,2026-09-11 21:00:00+00:00,,-45.19112235999995,-22.801917138999954,
Guaratinguetá,MP10,2026-09-11 22:00:00+00:00,,-45.19112235999995,-22.801917138999954,
Guaratinguetá,MP10,2026-09-11 23:00:00+00:00,,-45.19112235999995,-22.801917138999954,
Guaratinguetá,MP10,2026-09-12 00:00:00+00:00,,-45.19112235999995,-22.801917138999954,
Guaratinguetá,MP10,2026-09-12 01:00:00+00:00,,-45.19112235999995,-22.801917138999954,
Guaratinguetá,MP10,2026-09-12 02:00:00+00:00,,-45.19112235999995,-22.801917138999954,
Guaratinguetá,MP10,2026-09-12 03:00:00+00:00,,-45.19112235999995,-22.801917138999954,
Guaratinguetá,MP10,2026-09-12 04:00:00+00:00,,-45.19112235999995,-22.801917138999954,
Guaratinguetá,MP10,2026-09-12 05:00:00+00:00,,-45.19112235999995,-22.801917138999954,
Guaratinguetá,MP10,2026-09-12 06:00:00+00:00,,-45.19112235999995,-22.801917138999954,
Guaratinguetá,MP10,2026-09-12 07:00:00+00:00,,-45.19112235999995,-22.801917138999954,
Guaratinguetá,MP10,2026-09-12 08:00:00+00:00,,-45.19112235999995,-22.801917138999954,
Guaratinguetá,MP10,2026-09-12 09:00:00+00:00,,-45.19112235999995,-22.801917138999954,
Guaratinguetá,MP10,2026-09-12 10:00:00+00:00,,-45.19112235999995,-22.801917138999954,
Guaratinguetá,MP10,2026-09-12 11:00:00+00:00,,-45.19112235999995,-22.801917138999954,
Guaratinguetá,MP10,2026-09-12 12:00:00+00:00,,-45.19112235999995,-22.801917138999954,
Guaratinguetá,MP10,2026-09-12 13:00:00+00:00,,-45.19112235999995,-22.801917138999954,
Guaratinguetá,MP10,2026-09-12 14:00:00+00:00,,-45.19112235999995,-22.801917138999954,
Guaratinguetá,MP10,2026-09-12 15:00:00+00:00,,-45.19112235999995,-22.801917138999954,
Guaratinguetá,MP10,2026-09-12 16:00:00+00:00,,-45.19112235999995,-22.801917138999954,
Guaratinguetá,MP10,2026-09-12 17:00:00+00:00,,-45.19112235999995,-22.801917138999954,
Guaratinguetá,MP10,2026-09-12 18:00:00+00:00,,-45.19112235999995,-22.801917138999954,
Guaratinguetá,MP10,2026-09-12 19:00:00+00:00,,-45.19112235999995,-22.801917138999954,
Guaratinguetá,MP10,2026-09-12 20:00:00+00:00,,-45.19112235999995,-22.801917138999954,
Guaratinguetá,MP10,2026-09-12 21:00:00+00:00,,-45.19112235999995,-22.801917138999954,
Guaratinguetá,MP10,2026-09-12 22:00:00+00:00,,-45.19112235999995,-22.801917138999954,
Guaratinguetá,MP10,2026-09-12 23:00:00+00:00,,-45.19112235999995,-22.801917138999954,
Guaratinguetá,MP10,2026-09-13 00:00:00+00:00,,-45.19112235999995,-22.801917138999954,
Guaratinguetá,MP10,2026-09-13 01:00:00+00:00,,-45.19112235999995,-22.801917138999954,
Guaratinguetá,MP10,2026-09-13 02:00:00+00:00,,-45.19112235999995,-22.801917138999954,
Guaratinguetá,MP10,2026-09-13 03:00:00+00:00,,-45.19112235999995,-22.801917138999954,
Guaratinguetá,MP10,2026-09-13 04:00:00+00:00,,-45.19112235999995,-22.801917138999954,
Guaratinguetá,MP10,2026-09-13 05:00:00+00:00,,-45.19112235999995,-22.801917138999954,
Guaratinguetá,MP10,2026-09-13 06:00:00+00:00,,-45.19112235999995,-22.801917138999954,
Guaratinguetá,MP10,2026-09-13 07:00:00+00:00,,-45.19112235999995,-22.801917138999954,
Guaratinguetá,MP10,2026-09-13 08:00:00+00:00,,-45.19112235999995,-22.801917138999954,
Guaratinguetá,MP10,2026-09-13 09:00:00+00:00,,-45.19112235999995,-22.801917138999954,
Guaratinguetá,MP10,2026-09-13 10:00:00+00:00,,-45.19112235999995,-22.801917138999954,
Guaratinguetá,MP10,2026-09-13 11:00:00+00:00,,-45.19112235999995,-22.801917138999954,
Guaratinguetá,MP10,2026-09-13 12:00:00+00:00,,-45.19112235999995,-22.801917138999954,
Guaratinguetá,MP10,2026-09-13 13:00:00+00:00,,-45.19112235999995,-22.801917138999954,
Guaratinguetá,MP10,2026-09-13 14:00:00+00:00,,-45.19112235999995,-22.801917138999954,
Guaratinguetá,MP10,2026-09-13 15:00:00+00:00,,-45.19112235999995,-22.801917138999954,
Guaratinguetá,MP10,2026-09-13 16:00:00+00:00,,-45.19112235999995,-22.801917138999954,
Guaratinguetá,MP10,2026-09-13 17:00:00+00:00,,-45.19112235999995,-22.801917138999954,
Guaratinguetá,MP10,2026-09-13 18:00:00+00:00,,-45.19112235999995,-22.801917138999954,
Guarulhos-Paço Municipal,MP10,2026-09-11 19:00:00+00:00,8.0,-46.518533402999935,-23.455534257999943,
Guarulhos-Paço Municipal,MP10,2026-09-11 20:00:00+00:00,9.0,-46.518533402999935,-23.455534257999943,
Guarulhos-Paço Municipal,MP10,2026-09-11 21:00:00+00:00,9.0,-46.518533402999935,-23.455534257999943,
Guarulhos-Paço Municipal,MP10,2026-09-11 22:00:00+00:00,10.0,-46.518533402999935,-23.455534257999943,
Guarulhos-Paço Municipal,MP10,2026-09-11 23:00:00+00:00,9.0,-46.518533402999935,-23.455534257999943,
Guarulhos-Paço Municipal,MP10,2026-09-12 00:00:00+00:00,10.0,-46.518533402999935,-23.455534257999943,
Guarulhos-Paço Municipal,MP10,2026-09-12 01:00:00+00:00,11.0,-46.518533402999935,-23.455534257999943,
Guarulhos-Paço Municipal,MP10,2026-09-12 02:00:00+00:00,10.0,-46.518533402999935,-23.455534257999943,
Guarulhos-Paço Municipal,MP10,2026-09-12 03:00:00+00:00,9.0,-46.518533402999935,-23.455534257999943,
Guarulhos-Paço Municipal,MP10,2026-09-12 04:00:00+00:00,9.0,-46.518533402999935,-23.455534257999943,
Guarulhos-Paço Municipal,MP10,2026-09-12 05:00:00+00:00,9.0,-46.518533402999935,-23.455534257999943,
Guarulhos-Paço Municipal,MP10,2026-09-12 06:00:00+00:00,8.0,-46.518533402999935,-23.455534257999943,
Guarulhos-Paço Municipal,MP10,2026-09-12 07:00:00+00:00,8.0,-46.518533402999935,-23.455534257999943,
Guarulhos-Paço Municipal,MP10,2026-09-12 08:00:00+00:00,9.0,-46.518533402999935,-23.455534257999943,
Guarulhos-Paço Municipal,MP10,2026-09-12 09:00:00+00:00,9.0,-46.518533402999935,-23.455534257999943,
Guarulhos-Paço Municipal,MP10,2026-09-12 10:00:00+00:00,9.0,-46.518533402999935,-23.455534257999943,
Guarulhos-Paço Municipal,MP10,2026-09-12 11:00:00+00:00,9.0,-46.518533402999935,-23.455534257999943,
Guarulhos-Paço Municipal,MP10,2026-09-12 12:00:00+00:00,9.0,-46.518533402999935,-23.455534257999943,
Guarulhos-Paço Municipal,MP10,2026-09-12 13:00:00+00:00,9.0,-46.518533402999935,-23.455534257999943,
Guarulhos-Paço Municipal,MP10,2026-09-12 14:00:00+00:00,9.0,-46.518533402999935,-23.455534257999943,
Guarulhos-Paço Municipal,MP10,2026-09-12 15:00:00+00:00,9.0,-46.518533402999935,-23.455534257999943,
Guarulhos-Paço Municipal,MP10,2026-09-12 16:00:00+00:00,9.0,-46.518533402999935,-23.455534257999943,
Guarulhos-Paço Municipal,MP10,2026-09-12 17:00:00+00:00,9.0,-46.518533402999935,-23.455534257999943,
Guarulhos-Paço Municipal,MP10,2026-09-12 18:00:00+00:00,8.0,-46.518533402999935,-23.455534257999943,
Guarulhos-Paço Municipal,MP10,2026-09-12 19:00:00+00:00,8.0,-46.518533402999935,-23.455534257999943,
Guarulhos-Paço Municipal,MP10,2026-09-12 20:00:00+00:00,9.0,-46.518533402999935,-23.455534257999943,
Guarulhos-Paço Municipal,MP10,2026-09-12 21:00:00+00:00,8.0,-46.518533402999935,-23.455534257999943,
Guarulhos-Paço Municipal,MP10,2026-09-12 22:00:00+00:00,9.0,-46.518533402999935,-23.455534257999943,
Guarulhos-Paço Municipal,MP10,2026-09-12 23:00:00+00:00,9.0,-46.518533402999935,-23.455534257999943,
Guarulhos-Paço Municipal,MP10,2026-09-13 00:00:00+00:00,8.0,-46.518533402999935,-23.455534257999943,
Guarulhos-Paço Municipal,MP10,2026-09-13 01:00:00+00:00,8.0,-46.518533402999935,-23.455534257999943,
Guarulhos-Paço Municipal,MP10,2026-09-13 02:00:00+00:00,8.0,-46.518533402999935,-23.455534257999943,
Guarulhos-Paço Municipal,MP10,2026-09-13 03:00:00+00:00,8.0,-46.518533402999935,-23.455534257999943,
Guarulhos-Paço Municipal,MP10,2026-09-13 04:00:00+00:00,8.0,-46.518533402999935,-23.455534257999943,
Guarulhos-Paço Municipal,MP10,2026-09-13 05:00:00+00:00,8.0,-46.518533402999935,-23.455534257999943,
Guarulhos-Paço Municipal,MP10,2026-09-13 06:00:00+00:00,8.0,-46.518533402999935,-23.455534257999943,
Guarulhos-Paço Municipal,MP10,2026-09-13 07:00:00+00:00,8.0,-46.518533402999935,-23.455534257999943,
Guarulhos-Paço Municipal,MP10,2026-09-13 08:00:00+00:00,8.0,-46.518533402999935,-23.455534257999943,
Guarulhos-Paço Municipal,MP10,2026-09-13 09:00:00+00:00,8.0,-46.518533402999935,-23.455534257999943,
Guarulhos-Paço Municipal,MP10,2026-09-13 10:00:00+00:00,8.0,-46.518533402999935,-23.455534257999943,
Guarulhos-Paço Municipal,MP10,2026-09-13 11:00:00+00:00,7.0,-46.518533402999935,-23.455534257999943,
Guarulhos-Paço Municipal,MP10,2026-09-13 12:00:00+00:00,7.0,-46.518533402999935,-23.455534257999943,
Guarulhos-Paço Municipal,MP10,2026-09-13 13:00:00+00:00,7.0,-46.518533402999935,-23.455534257999943,
Guarulhos-Paço Municipal,MP10,2026-09-13 14:00:00+00:00,7.0,-46.518533402999935,-23.455534257999943,
Guarulhos-Paço Municipal,MP10,2026-09-13 15:00:00+00:00,7.0,-46.518533402999935,-23.455534257999943,
Guarulhos-Paço Municipal,MP10,2026-09-13 16:00:00+00:00,7.0,-46.518533402999935,-23.455534257999943,
Guarulhos-Paço Municipal,MP10,2026-09-13 17:00:00+00:00,7.0,-46.518533402999935,-23.455534257999943,
Guarulhos-Paço Municipal,MP10,2026-09-13 18:00:00+00:00,7.0,-46.518533402999935,-23.455534257999943,
Guarulhos-Pimentas,MP10,2026-09-11 19:00:00+00:00,11.0,-46.40994877099996,-23.44011700799996,
Guarulhos-Pimentas,MP10,2026-09-11 20:00:00+00:00,12.0,-46.40994877099996,-23.44011700799996,
Guarulhos-Pimentas,MP10,2026-09-11 21:00:00+00:00,14.0,-46.40994877099996,-23.44011700799996,
Guarulhos-Pimentas,MP10,2026-09-11 22:00:00+00:00,15.0,-46.40994877099996,-23.44011700799996,
Guarulhos-Pimentas,MP10,2026-09-11 23:00:00+00:00,16.0,-46.40994877099996,-23.44011700799996,
Guarulhos-Pimentas,MP10,2026-09-12 00:00:00+00:00,16.0,-46.40994877099996,-23.44011700799996,
Guarulhos-Pimentas,MP10,2026-09-12 01:00:00+00:00,15.0,-46.40994877099996,-23.44011700799996,
Guarulhos-Pimentas,MP10,2026-09-12 02:00:00+00:00,14.0,-46.40994877099996,-23.44011700799996,
Guarulhos-Pimentas,MP10,2026-09-12 03:00:00+00:00,13.0,-46.40994877099996,-23.44011700799996,
Guarulhos-Pimentas,MP10,2026-09-12 04:00:00+00:00,13.0,-46.40994877099996,-23.44011700799996,
Guarulhos-Pimentas,MP10,2026-09-12 05:00:00+00:00,12.0,-46.40994877099996,-23.44011700799996,
Guarulhos-Pimentas,MP10,2026-09-12 06:00:00+00:00,12.0,-46.40994877099996,-23.44011700799996,
Guarulhos-Pimentas,MP10,2026-09-12 07:00:00+00:00,12.0,-46.40994877099996,-23.44011700799996,
Guarulhos-Pimentas,MP10,2026-09-12 08:00:00+00:00,12.0,-46.40994877099996,-23.44011700799996,
Guarulhos-Pimentas,MP10,2026-09-12 09:00:00+00:00,12.0,-46.40994877099996,-23.44011700799996,
Guarulhos-Pimentas,MP10,2026-09-12 10:00:00+00:00,12.0,-46.40994877099996,-23.44011700799996,
Guarulhos-Pimentas,MP10,2026-09-12 11:00:00+00:00,12.0,-46.40994877099996,-23.44011700799996,
Guarulhos-Pimentas,MP10,2026-09-12 12:00:00+00:00,12.0,-46.40994877099996,-23.44011700799996,
Guarulhos-Pimentas,MP10,2026-09-12 13:00:00+00:00,12.0,-46.40994877099996,-23.44011700799996,
Guarulhos-Pimentas,MP10,2026-09-12 14:00:00+00:00,12.0,-46.40994877099996,-23.44011700799996,
Guarulhos-Pimentas,MP10,2026-09-12 15:00:00+00:00,12.0,-46.40994877099996,-23.44011700799996,
Guarulhos-Pimentas,MP10,2026-09-12 16:00:00+00:00,12.0,-46.40994877099996,-23.44011700799996,
Guarulhos-Pimentas,MP10,2026-09-12 17:00:00+00:00,11.0,-46.40994877099996,-23.44011700799996,
Guarulhos-Pimentas,MP10,2026-09-12 18:00:00+00:00,11.0,-46.40994877099996,-23.44011700799996,
Guarulhos-Pimentas,MP10,2026-09-12 19:00:00+00:00,11.0,-46.40994877099996,-23.44011700799996,
Guarulhos-Pimentas,MP10,2026-09-12 20:00:00+00:00,11.0,-46.40994877099996,-23.44011700799996,
Guarulhos-Pimentas,MP10,2026-09-12 21:00:00+00:00,10.0,-46.40994877099996,-23.44011700799996,
Guarulhos-Pimentas,MP10,2026-09-12 22:00:00+00:00,9.0,-46.40994877099996,-23.44011700799996,
Guarulhos-Pimentas,MP10,2026-09-12 23:00:00+00:00,8.0,-46.40994877099996,-23.44011700799996,
Guarulhos-Pimentas,MP10,2026-09-13 00:00:00+00:00,7.0,-46.40994877099996,-23.44011700799996,
Guarulhos-Pimentas,MP10,2026-09-13 01:00:00+00:00,7.0,-46.40994877099996,-23.44011700799996,
Guarulhos-Pimentas,MP10,2026-09-13 02:00:00+00:00,7.0,-46.40994877099996,-23.44011700799996,
Guarulhos-Pimentas,MP10,2026-09-13 03:00:00+00:00,7.0,-46.40994877099996,-23.44011700799996,
Guarulhos-Pimentas,MP10,2026-09-13 04:00:00+00:00,7.0,-46.40994877099996,-23.44011700799996,
Guarulhos-Pimentas,MP10,2026-09-13 05:00:00+00:00,7.0,-46.40994877099996,-23.44011700799996,
Guarulhos-Pimentas,MP10,2026-09-13 06:00:00+00:00,7.0,-46.40994877099996,-23.44011700799996,
Guarulhos-Pimentas,MP10,2026-09-13 07:00:00+00:00,7.0,-46.40994877099996,-23.44011700799996,
Guarulhos-Pimentas,MP10,2026-09-13 08:00:00+00:00,7.0,-46.40994877099996,-23.44011700799996,
Guarulhos-Pimentas,MP10,2026-09-13 09:00:00+00:00,7.0,-46.40994877099996,-23.44011700799996,
Guarulhos-Pimentas,MP10,2026-09-13 10:00:00+00:00,7.0,-46.40994877099996,-23.44011700799996,
Guarulhos-Pimentas,MP10,2026-09-13 11:00:00+00:00,7.0,-46.40994877099996,-23.44011700799996,
Guarulhos-Pimentas,MP10,2026-09-13 12:00:00+00:00,7.0,-46.40994877099996,-23.44011700799996,
Guarulhos-Pimentas,MP10,2026-09-13 13:00:00+00:00,7.0,-46.40994877099996,-23.44011700799996,
Guarulhos-Pimentas,MP10,2026-09-13 14:00:00+00:00,8.0,-46.40994877099996,-23.44011700799996,
Guarulhos-Pimentas,MP10,2026-09-13 15:00:00+00:00,8.0,-46.40994877099996,-23.44011700799996,
Guarulhos-Pimentas,MP10,2026-09-13 16:00:00+00:00,8.0,-46.40994877099996,-23.44011700799996,
Guarulhos-Pimentas,MP10,2026-09-13 17:00:00+00:00,8.0,-46.40994877099996,-23.44011700799996,
Guarulhos-Pimentas,MP10,2026-09-13 18:00:00+00:00,7.0,-46.40994877099996,-23.44011700799996,
Itaim Paulista,MP10,2026-09-11 19:00:00+00:00,11.0,-46.42073683899997,-23.50154736099995,
Itaim Paulista,MP10,2026-09-11 20:00:00+00:00,11.0,-46.42073683899997,-23.50154736099995,
Itaim Paulista,MP10,2026-09-11 21:00:00+00:00,11.0,-46.42073683899997,-23.50154736099995,
Itaim Paulista,MP10,2026-09-11 22:00:00+00:00,12.0,-46.42073683899997,-23.50154736099995,
Itaim Paulista,MP10,2026-09-11 23:00:00+00:00,13.0,-46.42073683899997,-23.50154736099995,
Itaim Paulista,MP10,2026-09-12 00:00:00+00:00,14.0,-46.42073683899997,-23.50154736099995,
Itaim Paulista,MP10,2026-09-12 01:00:00+00:00,14.0,-46.42073683899997,-23.50154736099995,
Itaim Paulista,MP10,2026-09-12 02:00:00+00:00,13.0,-46.42073683899997,-23.50154736099995,
Itaim Paulista,MP10,2026-09-12 03:00:00+00:00,13.0,-46.42073683899997,-23.50154736099995,
Itaim Paulista,MP10,2026-09-12 04:00:00+00:00,12.0,-46.42073683899997,-23.50154736099995,
Itaim Paulista,MP10,2026-09-12 05:00:00+00:00,12.0,-46.42073683899997,-23.50154736099995,
Itaim Paulista,MP10,2026-09-12 06:00:00+00:00,12.0,-46.42073683899997,-23.50154736099995,
Itaim Paulista,MP10,2026-09-12 07:00:00+00:00,12.0,-46.42073683899997,-23.50154736099995,
Itaim Paulista,MP10,2026-09-12 08:00:00+00:00,13.0,-46.42073683899997,-23.50154736099995,
Itaim Paulista,MP10,2026-09-12 09:00:00+00:00,13.0,-46.42073683899997,-23.50154736099995,
Itaim Paulista,MP10,2026-09-12 10:00:00+00:00,13.0,-46.42073683899997,-23.50154736099995,
Itaim Paulista,MP10,2026-09-12 11:00:00+00:00,13.0,-46.42073683899997,-23.50154736099995,
Itaim Paulista,MP10,2026-09-12 12:00:00+00:00,13.0,-46.42073683899997,-23.50154736099995,
Itaim Paulista,MP10,2026-09-12 13:00:00+00:00,13.0,-46.42073683899997,-23.50154736099995,
Itaim Paulista,MP10,2026-09-12 14:00:00+00:00,13.0,-46.42073683899997,-23.50154736099995,
Itaim Paulista,MP10,2026-09-12 15:00:00+00:00,13.0,-46.42073683899997,-23.50154736099995,
Itaim Paulista,MP10,2026-09-12 16:00:00+00:00,13.0,-46.42073683899997,-23.50154736099995,
Itaim Paulista,MP10,2026-09-12 17:00:00+00:00,13.0,-46.42073683899997,-23.50154736099995,
Itaim Paulista,MP10,2026-09-12 18:00:00+00:00,13.0,-46.42073683899997,-23.50154736099995,
Itaim Paulista,MP10,2026-09-12 19:00:00+00:00,13.0,-46.42073683899997,-23.50154736099995,
Itaim Paulista,MP10,2026-09-12 20:00:00+00:00,13.0,-46.42073683899997,-23.50154736099995,
Itaim Paulista,MP10,2026-09-12 21:00:00+00:00,12.0,-46.42073683899997,-23.50154736099995,
Itaim Paulista,MP10,2026-09-12 22:00:00+00:00,12.0,-46.42073683899997,-23.50154736099995,
Itaim Paulista,MP10,2026-09-12 23:00:00+00:00,11.0,-46.42073683899997,-23.50154736099995,
Itaim Paulista,MP10,2026-09-13 00:00:00+00:00,11.0,-46.42073683899997,-23.50154736099995,
Itaim Paulista,MP10,2026-09-13 01:00:00+00:00,11.0,-46.42073683899997,-23.50154736099995,
Itaim Paulista,MP10,2026-09-13 02:00:00+00:00,11.0,-46.42073683899997,-23.50154736099995,
Itaim Paulista,MP10,2026-09-13 03:00:00+00:00,11.0,-46.42073683899997,-23.50154736099995,
Itaim Paulista,MP10,2026-09-13 04:00:00+00:00,11.0,-46.42073683899997,-23.50154736099995,
Itaim Paulista,MP10,2026-09-13 05:00:00+00:00,11.0,-46.42073683899997,-23.50154736099995,
Itaim Paulista,MP10,2026-09-13 06:00:00+00:00,11.0,-46.42073683899997,-23.50154736099995,
Itaim Paulista,MP10,2026-09-13 07:00:00+00:00,11.0,-46.42073683899997,-23.50154736099995,
Itaim Paulista,MP10,2026-09-13 08:00:00+00:00,11.0,-46.42073683899997,-23.50154736099995,
Itaim Paulista,MP10,2026-09-13 09:00:00+00:00,11.0,-46.42073683899997,-23.50154736099995,
Itaim Paulista,MP10,2026-09-13 10:00:00+00:00,11.0,-46.42073683899997,-23.50154736099995,
Itaim Paulista,MP10,2026-09-13 11:00:00+00:00,11.0,-46.42073683899997,-23.50154736099995,
Itaim Paulista,MP10,2026-09-13 12:00:00+00:00,11.0,-46.42073683899997,-23.50154736099995,
Itaim Paulista,MP10,2026-09-13 13:00:00+00:00,11.0,-46.42073683899997,-23.50154736099995,
Itaim Paulista,MP10,2026-09-13 14:00:00+00:00,11.0,-46.42073683899997,-23.50154736099995,
Itaim Paulista,MP10,2026-09-13 15:00:00+00:00,11.0,-46.42073683899997,-23.50154736099995,
Itaim Paulista,MP10,2026-09-13 16:00:00+00:00,11.0,-46.42073683899997,-23.50154736099995,
Itaim Paulista,MP10,2026-09-13 17:00:00+00:00,11.0,-46.42073683899997,-23.50154736099995,
Itaim Paulista,MP10,2026-09-13 18:00:00+00:00,10.0,-46.42073683899997,-23.50154736099995,
Jacareí,MP10,2026-09-11 19:00:00+00:00,11.0,-45.968233863999956,-23.29419924399997,
Jacareí,MP10,2026-09-11 20:00:00+00:00,11.0,-45.968233863999956,-23.29419924399997,
Jacareí,MP10,2026-09-11 21:00:00+00:00,12.0,-45.968233863999956,-23.29419924399997,
Jacareí,MP10,2026-09-11 22:00:00+00:00,12.0,-45.968233863999956,-23.29419924399997,
Jacareí,MP10,2026-09-11 23:00:00+00:00,12.0,-45.968233863999956,-23.29419924399997,
Jacareí,MP10,2026-09-12 00:00:00+00:00,13.0,-45.968233863999956,-23.29419924399997,
Jacareí,MP10,2026-09-12 01:00:00+00:00,13.0,-45.968233863999956,-23.29419924399997,
Jacareí,MP10,2026-09-12 02:00:00+00:00,12.0,-45.968233863999956,-23.29419924399997,
Jacareí,MP10,2026-09-12 03:00:00+00:00,12.0,-45.968233863999956,-23.29419924399997,
Jacareí,MP10,2026-09-12 04:00:00+00:00,12.0,-45.968233863999956,-23.29419924399997,
Jacareí,MP10,2026-09-12 05:00:00+00:00,12.0,-45.968233863999956,-23.29419924399997,
Jacareí,MP10,2026-09-12 06:00:00+00:00,11.0,-45.968233863999956,-23.29419924399997,
Jacareí,MP10,2026-09-12 07:00:00+00:00,11.0,-45.968233863999956,-23.29419924399997,
Jacareí,MP10,2026-09-12 08:00:00+00:00,11.0,-45.968233863999956,-23.29419924399997,
Jacareí,MP10,2026-09-12 09:00:00+00:00,11.0,-45.968233863999956,-23.29419924399997,
Jacareí,MP10,2026-09-12 10:00:00+00:00,11.0,-45.968233863999956,-23.29419924399997,
Jacareí,MP10,2026-09-12 11:00:00+00:00,11.0,-45.968233863999956,-23.29419924399997,
Jacareí,MP10,2026-09-12 12:00:00+00:00,11.0,-45.968233863999956,-23.29419924399997,
Jacareí,MP10,2026-09-12 13:00:00+00:00,11.0,-45.968233863999956,-23.29419924399997,
Jacareí,MP10,2026-09-12 14:00:00+00:00,11.0,-45.968233863999956,-23.29419924399997,
Jacareí,MP10,2026-09-12 15:00:00+00:00,11.0,-45.968233863999956,-23.29419924399997,
Jacareí,MP10,2026-09-12 16:00:00+00:00,11.0,-45.968233863999956,-23.29419924399997,
Jacareí,MP10,2026-09-12 17:00:00+00:00,11.0,-45.968233863999956,-23.29419924399997,
Jacareí,MP10,2026-09-12 18:00:00+00:00,10.0,-45.968233863999956,-23.29419924399997,
Jacareí,MP10,2026-09-12 19:00:00+00:00,11.0,-45.968233863999956,-23.29419924399997,
Jacareí,MP10,2026-09-12 20:00:00+00:00,10.0,-45.968233863999956,-23.29419924399997,
Jacareí,MP10,2026-09-12 21:00:00+00:00,10.0,-45.968233863999956,-23.29419924399997,
Jacareí,MP10,2026-09-12 22:00:00+00:00,9.0,-45.968233863999956,-23.29419924399997,
Jacareí,MP10,2026-09-12 23:00:00+00:00,8.0,-45.968233863999956,-23.29419924399997,
Jacareí,MP10,2026-09-13 00:00:00+00:00,7.0,-45.968233863999956,-23.29419924399997,
Jacareí,MP10,2026-09-13 01:00:00+00:00,6.0,-45.968233863999956,-23.29419924399997,
Jacareí,MP10,2026-09-13 02:00:00+00:00,6.0,-45.968233863999956,-23.29419924399997,
Jacareí,MP10,2026-09-13 03:00:00+00:00,6.0,-45.968233863999956,-23.29419924399997,
Jacareí,MP10,2026-09-13 04:00:00+00:00,6.0,-45.968233863999956,-23.29419924399997,
Jacareí,MP10,2026-09-13 05:00:00+00:00,6.0,-45.968233863999956,-23.29419924399997,
Jacareí,MP10,2026-09-13 06:00:00+00:00,6.0,-45.968233863999956,-23.29419924399997,
Jacareí,MP10,2026-09-13 07:00:00+00:00,6.0,-45.968233863999956,-23.29419924399997,
Jacareí,MP10,2026-09-13 08:00:00+00:00,6.0,-45.968233863999956,-23.29419924399997,
Jacareí,MP10,2026-09-13 09:00:00+00:00,6.0,-45.968233863999956,-23.29419924399997,
Jacareí,MP10,2026-09-13 10:00:00+00:00,6.0,-45.968233863999956,-23.29419924399997,
Jacareí,MP10,2026-09-13 11:00:00+00:00,6.0,-45.968233863999956,-23.29419924399997,
Jacareí,MP10,2026-09-13 12:00:00+00:00,6.0,-45.968233863999956,-23.29419924399997,
Jacareí,MP10,2026-09-13 13:00:00+00:00,6.0,-45.968233863999956,-23.29419924399997,
Jacareí,MP10,2026-09-13 14:00:00+00:00,6.0,-45.968233863999956,-23.29419924399997,
Jacareí,MP10,2026-09-13 15:00:00+00:00,5.0,-45.968233863999956,-23.29419924399997,
Jacareí,MP10,2026-09-13 16:00:00+00:00,5.0,-45.968233863999956,-23.29419924399997,
Jacareí,MP10,2026-09-13 17:00:00+00:00,5.0,-45.968233863999956,-23.29419924399997,
Jacareí,MP10,2026-09-13 18:00:00+00:00,,-45.968233863999956,-23.29419924399997,
Jaú,MP10,2026-09-11 19:00:00+00:00,11.0,-48.56745740499997,-22.298619663999943,
Jaú,MP10,2026-09-11 20:00:00+00:00,11.0,-48.56745740499997,-22.298619663999943,
Jaú,MP10,2026-09-11 21:00:00+00:00,12.0,-48.56745740499997,-22.298619663999943,
Jaú,MP10,2026-09-11 22:00:00+00:00,13.0,-48.56745740499997,-22.298619663999943,
Jaú,MP10,2026-09-11 23:00:00+00:00,13.0,-48.56745740499997,-22.298619663999943,
Jaú,MP10,2026-09-12 00:00:00+00:00,14.0,-48.56745740499997,-22.298619663999943,
Jaú,MP10,2026-09-12 01:00:00+00:00,14.0,-48.56745740499997,-22.298619663999943,
Jaú,MP10,2026-09-12 02:00:00+00:00,15.0,-48.56745740499997,-22.298619663999943,
Jaú,MP10,2026-09-12 03:00:00+00:00,16.0,-48.56745740499997,-22.298619663999943,
Jaú,MP10,2026-09-12 04:00:00+00:00,18.0,-48.56745740499997,-22.298619663999943,
Jaú,MP10,2026-09-12 05:00:00+00:00,18.0,-48.56745740499997,-22.298619663999943,
Jaú,MP10,2026-09-12 06:00:00+00:00,18.0,-48.56745740499997,-22.298619663999943,
Jaú,MP10,2026-09-12 07:00:00+00:00,18.0,-48.56745740499997,-22.298619663999943,
Jaú,MP10,2026-09-12 08:00:00+00:00,18.0,-48.56745740499997,-22.298619663999943,
Jaú,MP10,2026-09-12 09:00:00+00:00,18.0,-48.56745740499997,-22.298619663999943,
Jaú,MP10,2026-09-12 10:00:00+00:00,18.0,-48.56745740499997,-22.298619663999943,
Jaú,MP10,2026-09-12 11:00:00+00:00,18.0,-48.56745740499997,-22.298619663999943,
Jaú,MP10,2026-09-12 12:00:00+00:00,17.0,-48.56745740499997,-22.298619663999943,
Jaú,MP10,2026-09-12 13:00:00+00:00,17.0,-48.56745740499997,-22.298619663999943,
Jaú,MP10,2026-09-12 14:00:00+00:00,17.0,-48.56745740499997,-22.298619663999943,
Jaú,MP10,2026-09-12 15:00:00+00:00,17.0,-48.56745740499997,-22.298619663999943,
Jaú,MP10,2026-09-12 16:00:00+00:00,16.0,-48.56745740499997,-22.298619663999943,
Jaú,MP10,2026-09-12 17:00:00+00:00,16.0,-48.56745740499997,-22.298619663999943,
Jaú,MP10,2026-09-12 18:00:00+00:00,15.0,-48.56745740499997,-22.298619663999943,
Jaú,MP10,2026-09-12 19:00:00+00:00,14.0,-48.56745740499997,-22.298619663999943,
Jaú,MP10,2026-09-12 20:00:00+00:00,14.0,-48.56745740499997,-22.298619663999943,
Jaú,MP10,2026-09-12 21:00:00+00:00,14.0,-48.56745740499997,-22.298619663999943,
Jaú,MP10,2026-09-12 22:00:00+00:00,13.0,-48.56745740499997,-22.298619663999943,
Jaú,MP10,2026-09-12 23:00:00+00:00,12.0,-48.56745740499997,-22.298619663999943,
Jaú,MP10,2026-09-13 00:00:00+00:00,12.0,-48.56745740499997,-22.298619663999943,
Jaú,MP10,2026-09-13 01:00:00+00:00,11.0,-48.56745740499997,-22.298619663999943,
Jaú,MP10,2026-09-13 02:00:00+00:00,11.0,-48.56745740499997,-22.298619663999943,
Jaú,MP10,2026-09-13 03:00:00+00:00,11.0,-48.56745740499997,-22.298619663999943,
Jaú,MP10,2026-09-13 04:00:00+00:00,10.0,-48.56745740499997,-22.298619663999943,
Jaú,MP10,2026-09-13 05:00:00+00:00,11.0,-48.56745740499997,-22.298619663999943,
Jaú,MP10,2026-09-13 06:00:00+00:00,11.0,-48.56745740499997,-22.298619663999943,
Jaú,MP10,2026-09-13 07:00:00+00:00,11.0,-48.56745740499997,-22.298619663999943,
Jaú,MP10,2026-09-13 08:00:00+00:00,11.0,-48.56745740499997,-22.298619663999943,
Jaú,MP10,2026-09-13 09:00:00+00:00,11.0,-48.56745740499997,-22.298619663999943,
Jaú,MP10,2026-09-13 10:00:00+00:00,11.0,-48.56745740499997,-22.298619663999943,
Jaú,MP10,2026-09-13 11:00:00+00:00,11.0,-48.56745740499997,-22.298619663999943,
Jaú,MP10,2026-09-13 12:00:00+00:00,12.0,-48.56745740499997,-22.298619663999943,
Jaú,MP10,2026-09-13 13:00:00+00:00,12.0,-48.56745740499997,-22.298619663999943,
Jaú,MP10,2026-09-13 14:00:00+00:00,12.0,-48.56745740499997,-22.298619663999943,
Jaú,MP10,2026-09-13 15:00:00+00:00,11.0,-48.56745740499997,-22.298619663999943,
Jaú,MP10,2026-09-13 16:00:00+00:00,11.0,-48.56745740499997,-22.298619663999943,
Jaú,MP10,2026-09-13 17:00:00+00:00,11.0,-48.56745740499997,-22.298619663999943,
Jaú,MP10,2026-09-13 18:00:00+00:00,11.0,-48.56745740499997,-22.298619663999943,
Jundiaí,MP10,2026-09-11 19:00:00+00:00,20.0,-46.897097272999986,-23.19200374299993,
Jundiaí,MP10,2026-09-11 20:00:00+00:00,20.0,-46.897097272999986,-23.19200374299993,
Jundiaí,MP10,2026-09-11 21:00:00+00:00,20.0,-46.897097272999986,-23.19200374299993,
Jundiaí,MP10,2026-09-11 22:00:00+00:00,20.0,-46.897097272999986,-23.19200374299993,
Jundiaí,MP10,2026-09-11 23:00:00+00:00,18.0,-46.897097272999986,-23.19200374299993,
Jundiaí,MP10,2026-09-12 00:00:00+00:00,18.0,-46.897097272999986,-23.19200374299993,
Jundiaí,MP10,2026-09-12 01:00:00+00:00,18.0,-46.897097272999986,-23.19200374299993,
Jundiaí,MP10,2026-09-12 02:00:00+00:00,18.0,-46.897097272999986,-23.19200374299993,
Jundiaí,MP10,2026-09-12 03:00:00+00:00,18.0,-46.897097272999986,-23.19200374299993,
Jundiaí,MP10,2026-09-12 04:00:00+00:00,18.0,-46.897097272999986,-23.19200374299993,
Jundiaí,MP10,2026-09-12 05:00:00+00:00,18.0,-46.897097272999986,-23.19200374299993,
Jundiaí,MP10,2026-09-12 06:00:00+00:00,17.0,-46.897097272999986,-23.19200374299993,
Jundiaí,MP10,2026-09-12 07:00:00+00:00,15.0,-46.897097272999986,-23.19200374299993,
Jundiaí,MP10,2026-09-12 08:00:00+00:00,13.0,-46.897097272999986,-23.19200374299993,
Jundiaí,MP10,2026-09-12 09:00:00+00:00,13.0,-46.897097272999986,-23.19200374299993,
Jundiaí,MP10,2026-09-12 10:00:00+00:00,13.0,-46.897097272999986,-23.19200374299993,
Jundiaí,MP10,2026-09-12 11:00:00+00:00,13.0,-46.897097272999986,-23.19200374299993,
Jundiaí,MP10,2026-09-12 12:00:00+00:00,13.0,-46.897097272999986,-23.19200374299993,
Jundiaí,MP10,2026-09-12 13:00:00+00:00,12.0,-46.897097272999986,-23.19200374299993,
Jundiaí,MP10,2026-09-12 14:00:00+00:00,11.0,-46.897097272999986,-23.19200374299993,
Jundiaí,MP10,2026-09-12 15:00:00+00:00,11.0,-46.897097272999986,-23.19200374299993,
Jundiaí,MP10,2026-09-12 16:00:00+00:00,11.0,-46.897097272999986,-23.19200374299993,
Jundiaí,MP10,2026-09-12 17:00:00+00:00,10.0,-46.897097272999986,-23.19200374299993,
Jundiaí,MP10,2026-09-12 18:00:00+00:00,9.0,-46.897097272999986,-23.19200374299993,
Jundiaí,MP10,2026-09-12 19:00:00+00:00,9.0,-46.897097272999986,-23.19200374299993,
Jundiaí,MP10,2026-09-12 20:00:00+00:00,9.0,-46.897097272999986,-23.19200374299993,
Jundiaí,MP10,2026-09-12 21:00:00+00:00,9.0,-46.897097272999986,-23.19200374299993,
Jundiaí,MP10,2026-09-12 22:00:00+00:00,8.0,-46.897097272999986,-23.19200374299993,
Jundiaí,MP10,2026-09-12 23:00:00+00:00,7.0,-46.897097272999986,-23.19200374299993,
Jundiaí,MP10,2026-09-13 00:00:00+00:00,6.0,-46.897097272999986,-23.19200374299993,
Jundiaí,MP10,2026-09-13 01:00:00+00:00,6.0,-46.897097272999986,-23.19200374299993,
Jundiaí,MP10,2026-09-13 02:00:00+00:00,6.0,-46.897097272999986,-23.19200374299993,
Jundiaí,MP10,2026-09-13 03:00:00+00:00,7.0,-46.897097272999986,-23.19200374299993,
Jundiaí,MP10,2026-09-13 04:00:00+00:00,9.0,-46.897097272999986,-23.19200374299993,
Jundiaí,MP10,2026-09-13 05:00:00+00:00,9.0,-46.897097272999986,-23.19200374299993,
Jundiaí,MP10,2026-09-13 06:00:00+00:00,10.0,-46.897097272999986,-23.19200374299993,
Jundiaí,MP10,2026-09-13 07:00:00+00:00,10.0,-46.897097272999986,-23.19200374299993,
Jundiaí,MP10,2026-09-13 08:00:00+00:00,10.0,-46.897097272999986,-23.19200374299993,
Jundiaí,MP10,2026-09-13 09:00:00+00:00,11.0,-46.897097272999986,-23.19200374299993,
Jundiaí,MP10,2026-09-13 10:00:00+00:00,12.0,-46.897097272999986,-23.19200374299993,
Jundiaí,MP10,2026-09-13 11:00:00+00:00,13.0,-46.897097272999986,-23.19200374299993,
Jundiaí,MP10,2026-09-13 12:00:00+00:00,12.0,-46.897097272999986,-23.19200374299993,
Jundiaí,MP10,2026-09-13 13:00:00+00:00,11.0,-46.897097272999986,-23.19200374299993,
Jundiaí,MP10,2026-09-13 14:00:00+00:00,11.0,-46.897097272999986,-23.19200374299993,
Jundiaí,MP10,2026-09-13 15:00:00+00:00,10.0,-46.897097272999986,-23.19200374299993,
Jundiaí,MP10,2026-09-13 16:00:00+00:00,11.0,-46.897097272999986,-23.19200374299993,
Jundiaí,MP10,2026-09-13 17:00:00+00:00,11.0,-46.897097272999986,-23.19200374299993,
Jundiaí,MP10,2026-09-13 18:00:00+00:00,11.0,-46.897097272999986,-23.19200374299993,
Limeira,MP10,2026-09-11 19:00:00+00:00,31.0,-47.41431403399997,-22.56360377699997,
Limeira,MP10,2026-09-11 20:00:00+00:00,32.0,-47.41431403399997,-22.56360377699997,
Limeira,MP10,2026-09-11 21:00:00+00:00,34.0,-47.41431403399997,-22.56360377699997,
Limeira,MP10,2026-09-11 22:00:00+00:00,34.0,-47.41431403399997,-22.56360377699997,
Limeira,MP10,2026-09-11 23:00:00+00:00,35.0,-47.41431403399997,-22.56360377699997,
Limeira,MP10,2026-09-12 00:00:00+00:00,36.0,-47.41431403399997,-22.56360377699997,
Limeira,MP10,2026-09-12 01:00:00+00:00,35.0,-47.41431403399997,-22.56360377699997,
Limeira,MP10,2026-09-12 02:00:00+00:00,36.0,-47.41431403399997,-22.56360377699997,
Limeira,MP10,2026-09-12 03:00:00+00:00,37.0,-47.41431403399997,-22.56360377699997,
Limeira,MP10,2026-09-12 04:00:00+00:00,36.0,-47.41431403399997,-22.56360377699997,
Limeira,MP10,2026-09-12 05:00:00+00:00,37.0,-47.41431403399997,-22.56360377699997,
Limeira,MP10,2026-09-12 06:00:00+00:00,36.0,-47.41431403399997,-22.56360377699997,
Limeira,MP10,2026-09-12 07:00:00+00:00,35.0,-47.41431403399997,-22.56360377699997,
Limeira,MP10,2026-09-12 08:00:00+00:00,35.0,-47.41431403399997,-22.56360377699997,
Limeira,MP10,2026-09-12 09:00:00+00:00,36.0,-47.41431403399997,-22.56360377699997,
Limeira,MP10,2026-09-12 10:00:00+00:00,35.0,-47.41431403399997,-22.56360377699997,
Limeira,MP10,2026-09-12 11:00:00+00:00,33.0,-47.41431403399997,-22.56360377699997,
Limeira,MP10,2026-09-12 12:00:00+00:00,28.0,-47.41431403399997,-22.56360377699997,
Limeira,MP10,2026-09-12 13:00:00+00:00,25.0,-47.41431403399997,-22.56360377699997,
Limeira,MP10,2026-09-12 14:00:00+00:00,24.0,-47.41431403399997,-22.56360377699997,
Limeira,MP10,2026-09-12 15:00:00+00:00,24.0,-47.41431403399997,-22.56360377699997,
Limeira,MP10,2026-09-12 16:00:00+00:00,22.0,-47.41431403399997,-22.56360377699997,
Limeira,MP10,2026-09-12 17:00:00+00:00,21.0,-47.41431403399997,-22.56360377699997,
Limeira,MP10,2026-09-12 18:00:00+00:00,18.0,-47.41431403399997,-22.56360377699997,
Limeira,MP10,2026-09-12 19:00:00+00:00,18.0,-47.41431403399997,-22.56360377699997,
Limeira,MP10,2026-09-12 20:00:00+00:00,18.0,-47.41431403399997,-22.56360377699997,
Limeira,MP10,2026-09-12 21:00:00+00:00,16.0,-47.41431403399997,-22.56360377699997,
Limeira,MP10,2026-09-12 22:00:00+00:00,16.0,-47.41431403399997,-22.56360377699997,
Limeira,MP10,2026-09-12 23:00:00+00:00,15.0,-47.41431403399997,-22.56360377699997,
Limeira,MP10,2026-09-13 00:00:00+00:00,15.0,-47.41431403399997,-22.56360377699997,
Limeira,MP10,2026-09-13 01:00:00+00:00,15.0,-47.41431403399997,-22.56360377699997,
Limeira,MP10,2026-09-13 02:00:00+00:00,16.0,-47.41431403399997,-22.56360377699997,
Limeira,MP10,2026-09-13 03:00:00+00:00,16.0,-47.41431403399997,-22.56360377699997,
Limeira,MP10,2026-09-13 04:00:00+00:00,17.0,-47.41431403399997,-22.56360377699997,
Limeira,MP10,2026-09-13 05:00:00+00:00,16.0,-47.41431403399997,-22.56360377699997,
Limeira,MP10,2026-09-13 06:00:00+00:00,17.0,-47.41431403399997,-22.56360377699997,
Limeira,MP10,2026-09-13 07:00:00+00:00,17.0,-47.41431403399997,-22.56360377699997,
Limeira,MP10,2026-09-13 08:00:00+00:00,18.0,-47.41431403399997,-22.56360377699997,
Limeira,MP10,2026-09-13 09:00:00+00:00,17.0,-47.41431403399997,-22.56360377699997,
Limeira,MP10,2026-09-13 10:00:00+00:00,17.0,-47.41431403399997,-22.56360377699997,
Limeira,MP10,2026-09-13 11:00:00+00:00,17.0,-47.41431403399997,-22.56360377699997,
Limeira,MP10,2026-09-13 12:00:00+00:00,18.0,-47.41431403399997,-22.56360377699997,
Limeira,MP10,2026-09-13 13:00:00+00:00,18.0,-47.41431403399997,-22.56360377699997,
Limeira,MP10,2026-09-13 14:00:00+00:00,18.0,-47.41431403399997,-22.56360377699997,
Limeira,MP10,2026-09-13 15:00:00+00:00,18.0,-47.41431403399997,-22.56360377699997,
Limeira,MP10,2026-09-13 16:00:00+00:00,18.0,-47.41431403399997,-22.56360377699997,
Limeira,MP10,2026-09-13 17:00:00+00:00,18.0,-47.41431403399997,-22.56360377699997,
Limeira,MP10,2026-09-13 18:00:00+00:00,18.0,-47.41431403399997,-22.56360377699997,
Marg.Tietê-Pte Remédios,MP10,2026-09-11 19:00:00+00:00,24.0,-46.74332004099995,-23.518705830999977,
Marg.Tietê-Pte Remédios,MP10,2026-09-11 20:00:00+00:00,24.0,-46.74332004099995,-23.518705830999977,
Marg.Tietê-Pte Remédios,MP10,2026-09-11 21:00:00+00:00,24.0,-46.74332004099995,-23.518705830999977,
Marg.Tietê-Pte Remédios,MP10,2026-09-11 22:00:00+00:00,25.0,-46.74332004099995,-23.518705830999977,
Marg.Tietê-Pte Remédios,MP10,2026-09-11 23:00:00+00:00,25.0,-46.74332004099995,-23.518705830999977,
Marg.Tietê-Pte Remédios,MP10,2026-09-12 00:00:00+00:00,24.0,-46.74332004099995,-23.518705830999977,
Marg.Tietê-Pte Remédios,MP10,2026-09-12 01:00:00+00:00,23.0,-46.74332004099995,-23.518705830999977,
Marg.Tietê-Pte Remédios,MP10,2026-09-12 02:00:00+00:00,22.0,-46.74332004099995,-23.518705830999977,
Marg.Tietê-Pte Remédios,MP10,2026-09-12 03:00:00+00:00,21.0,-46.74332004099995,-23.518705830999977,
Marg.Tietê-Pte Remédios,MP10,2026-09-12 04:00:00+00:00,20.0,-46.74332004099995,-23.518705830999977,
Marg.Tietê-Pte Remédios,MP10,2026-09-12 05:00:00+00:00,20.0,-46.74332004099995,-23.518705830999977,
Marg.Tietê-Pte Remédios,MP10,2026-09-12 06:00:00+00:00,19.0,-46.74332004099995,-23.518705830999977,
Marg.Tietê-Pte Remédios,MP10,2026-09-12 07:00:00+00:00,18.0,-46.74332004099995,-23.518705830999977,
Marg.Tietê-Pte Remédios,MP10,2026-09-12 08:00:00+00:00,18.0,-46.74332004099995,-23.518705830999977,
Marg.Tietê-Pte Remédios,MP10,2026-09-12 09:00:00+00:00,18.0,-46.74332004099995,-23.518705830999977,
Marg.Tietê-Pte Remédios,MP10,2026-09-12 10:00:00+00:00,18.0,-46.74332004099995,-23.518705830999977,
Marg.Tietê-Pte Remédios,MP10,2026-09-12 11:00:00+00:00,18.0,-46.74332004099995,-23.518705830999977,
Marg.Tietê-Pte Remédios,MP10,2026-09-12 12:00:00+00:00,17.0,-46.74332004099995,-23.518705830999977,
Marg.Tietê-Pte Remédios,MP10,2026-09-12 13:00:00+00:00,17.0,-46.74332004099995,-23.518705830999977,
Marg.Tietê-Pte Remédios,MP10,2026-09-12 14:00:00+00:00,16.0,-46.74332004099995,-23.518705830999977,
Marg.Tietê-Pte Remédios,MP10,2026-09-12 15:00:00+00:00,16.0,-46.74332004099995,-23.518705830999977,
Marg.Tietê-Pte Remédios,MP10,2026-09-12 16:00:00+00:00,16.0,-46.74332004099995,-23.518705830999977,
Marg.Tietê-Pte Remédios,MP10,2026-09-12 17:00:00+00:00,15.0,-46.74332004099995,-23.518705830999977,
Marg.Tietê-Pte Remédios,MP10,2026-09-12 18:00:00+00:00,15.0,-46.74332004099995,-23.518705830999977,
Marg.Tietê-Pte Remédios,MP10,2026-09-12 19:00:00+00:00,15.0,-46.74332004099995,-23.518705830999977,
Marg.Tietê-Pte Remédios,MP10,2026-09-12 20:00:00+00:00,15.0,-46.74332004099995,-23.518705830999977,
Marg.Tietê-Pte Remédios,MP10,2026-09-12 21:00:00+00:00,14.0,-46.74332004099995,-23.518705830999977,
Marg.Tietê-Pte Remédios,MP10,2026-09-12 22:00:00+00:00,13.0,-46.74332004099995,-23.518705830999977,
Marg.Tietê-Pte Remédios,MP10,2026-09-12 23:00:00+00:00,12.0,-46.74332004099995,-23.518705830999977,
Marg.Tietê-Pte Remédios,MP10,2026-09-13 00:00:00+00:00,11.0,-46.74332004099995,-23.518705830999977,
Marg.Tietê-Pte Remédios,MP10,2026-09-13 01:00:00+00:00,11.0,-46.74332004099995,-23.518705830999977,
Marg.Tietê-Pte Remédios,MP10,2026-09-13 02:00:00+00:00,11.0,-46.74332004099995,-23.518705830999977,
Marg.Tietê-Pte Remédios,MP10,2026-09-13 03:00:00+00:00,11.0,-46.74332004099995,-23.518705830999977,
Marg.Tietê-Pte Remédios,MP10,2026-09-13 04:00:00+00:00,11.0,-46.74332004099995,-23.518705830999977,
Marg.Tietê-Pte Remédios,MP10,2026-09-13 05:00:00+00:00,11.0,-46.74332004099995,-23.518705830999977,
Marg.Tietê-Pte Remédios,MP10,2026-09-13 06:00:00+00:00,11.0,-46.74332004099995,-23.518705830999977,
Marg.Tietê-Pte Remédios,MP10,2026-09-13 07:00:00+00:00,11.0,-46.74332004099995,-23.518705830999977,
Marg.Tietê-Pte Remédios,MP10,2026-09-13 08:00:00+00:00,10.0,-46.74332004099995,-23.518705830999977,
Marg.Tietê-Pte Remédios,MP10,2026-09-13 09:00:00+00:00,10.0,-46.74332004099995,-23.518705830999977,
Marg.Tietê-Pte Remédios,MP10,2026-09-13 10:00:00+00:00,9.0,-46.74332004099995,-23.518705830999977,
Marg.Tietê-Pte Remédios,MP10,2026-09-13 11:00:00+00:00,9.0,-46.74332004099995,-23.518705830999977,
Marg.Tietê-Pte Remédios,MP10,2026-09-13 12:00:00+00:00,9.0,-46.74332004099995,-23.518705830999977,
Marg.Tietê-Pte Remédios,MP10,2026-09-13 13:00:00+00:00,8.0,-46.74332004099995,-23.518705830999977,
Marg.Tietê-Pte Remédios,MP10,2026-09-13 14:00:00+00:00,8.0,-46.74332004099995,-23.518705830999977,
Marg.Tietê-Pte Remédios,MP10,2026-09-13 15:00:00+00:00,7.0,-46.74332004099995,-23.518705830999977,
Marg.Tietê-Pte Remédios,MP10,2026-09-13 16:00:00+00:00,7.0,-46.74332004099995,-23.518705830999977,
Marg.Tietê-Pte Remédios,MP10,2026-09-13 17:00:00+00:00,6.0,-46.74332004099995,-23.518705830999977,
Marg.Tietê-Pte Remédios,MP10,2026-09-13 18:00:00+00:00,6.0,-46.74332004099995,-23.518705830999977,
Marília,MP10,2026-09-11 19:00:00+00:00,10.0,-49.959969745999956,-22.199809486999982,
Marília,MP10,2026-09-11 20:00:00+00:00,10.0,-49.959969745999956,-22.199809486999982,
Marília,MP10,2026-09-11 21:00:00+00:00,11.0,-49.959969745999956,-22.199809486999982,
Marília,MP10,2026-09-11 22:00:00+00:00,11.0,-49.959969745999956,-22.199809486999982,
Marília,MP10,2026-09-11 23:00:00+00:00,11.0,-49.959969745999956,-22.199809486999982,
Marília,MP10,2026-09-12 00:00:00+00:00,12.0,-49.959969745999956,-22.199809486999982,
Marília,MP10,2026-09-12 01:00:00+00:00,13.0,-49.959969745999956,-22.199809486999982,
Marília,MP10,2026-09-12 02:00:00+00:00,15.0,-49.959969745999956,-22.199809486999982,
Marília,MP10,2026-09-12 03:00:00+00:00,15.0,-49.959969745999956,-22.199809486999982,
Marília,MP10,2026-09-12 04:00:00+00:00,15.0,-49.959969745999956,-22.199809486999982,
Marília,MP10,2026-09-12 05:00:00+00:00,15.0,-49.959969745999956,-22.199809486999982,
Marília,MP10,2026-09-12 06:00:00+00:00,15.0,-49.959969745999956,-22.199809486999982,
Marília,MP10,2026-09-12 07:00:00+00:00,15.0,-49.959969745999956,-22.199809486999982,
Marília,MP10,2026-09-12 08:00:00+00:00,15.0,-49.959969745999956,-22.199809486999982,
Marília,MP10,2026-09-12 09:00:00+00:00,14.0,-49.959969745999956,-22.199809486999982,
Marília,MP10,2026-09-12 10:00:00+00:00,14.0,-49.959969745999956,-22.199809486999982,
Marília,MP10,2026-09-12 11:00:00+00:00,14.0,-49.959969745999956,-22.199809486999982,
Marília,MP10,2026-09-12 12:00:00+00:00,14.0,-49.959969745999956,-22.199809486999982,
Marília,MP10,2026-09-12 13:00:00+00:00,14.0,-49.959969745999956,-22.199809486999982,
Marília,MP10,2026-09-12 14:00:00+00:00,13.0,-49.959969745999956,-22.199809486999982,
Marília,MP10,2026-09-12 15:00:00+00:00,12.0,-49.959969745999956,-22.199809486999982,
Marília,MP10,2026-09-12 16:00:00+00:00,11.0,-49.959969745999956,-22.199809486999982,
Marília,MP10,2026-09-12 17:00:00+00:00,11.0,-49.959969745999956,-22.199809486999982,
Marília,MP10,2026-09-12 18:00:00+00:00,11.0,-49.959969745999956,-22.199809486999982,
Marília,MP10,2026-09-12 19:00:00+00:00,10.0,-49.959969745999956,-22.199809486999982,
Marília,MP10,2026-09-12 20:00:00+00:00,10.0,-49.959969745999956,-22.199809486999982,
Marília,MP10,2026-09-12 21:00:00+00:00,10.0,-49.959969745999956,-22.199809486999982,
Marília,MP10,2026-09-12 22:00:00+00:00,10.0,-49.959969745999956,-22.199809486999982,
Marília,MP10,2026-09-12 23:00:00+00:00,9.0,-49.959969745999956,-22.199809486999982,
Marília,MP10,2026-09-13 00:00:00+00:00,8.0,-49.959969745999956,-22.199809486999982,
Marília,MP10,2026-09-13 01:00:00+00:00,8.0,-49.959969745999956,-22.199809486999982,
Marília,MP10,2026-09-13 02:00:00+00:00,7.0,-49.959969745999956,-22.199809486999982,
Marília,MP10,2026-09-13 03:00:00+00:00,6.0,-49.959969745999956,-22.199809486999982,
Marília,MP10,2026-09-13 04:00:00+00:00,6.0,-49.959969745999956,-22.199809486999982,
Marília,MP10,2026-09-13 05:00:00+00:00,6.0,-49.959969745999956,-22.199809486999982,
Marília,MP10,2026-09-13 06:00:00+00:00,6.0,-49.959969745999956,-22.199809486999982,
Marília,MP10,2026-09-13 07:00:00+00:00,6.0,-49.959969745999956,-22.199809486999982,
Marília,MP10,2026-09-13 08:00:00+00:00,6.0,-49.959969745999956,-22.199809486999982,
Marília,MP10,2026-09-13 09:00:00+00:00,6.0,-49.959969745999956,-22.199809486999982,
Marília,MP10,2026-09-13 10:00:00+00:00,7.0,-49.959969745999956,-22.199809486999982,
Marília,MP10,2026-09-13 11:00:00+00:00,7.0,-49.959969745999956,-22.199809486999982,
Marília,MP10,2026-09-13 12:00:00+00:00,7.0,-49.959969745999956,-22.199809486999982,
Marília,MP10,2026-09-13 13:00:00+00:00,7.0,-49.959969745999956,-22.199809486999982,
Marília,MP10,2026-09-13 14:00:00+00:00,8.0,-49.959969745999956,-22.199809486999982,
Marília,MP10,2026-09-13 15:00:00+00:00,8.0,-49.959969745999956,-22.199809486999982,
Marília,MP10,2026-09-13 16:00:00+00:00,8.0,-49.959969745999956,-22.199809486999982,
Marília,MP10,2026-09-13 17:00:00+00:00,8.0,-49.959969745999956,-22.199809486999982,
Marília,MP10,2026-09-13 18:00:00+00:00,8.0,-49.959969745999956,-22.199809486999982,
Mauá,MP10,2026-09-11 19:00:00+00:00,17.0,-46.46600027399995,-23.668548999999928,
Mauá,MP10,2026-09-11 20:00:00+00:00,18.0,-46.46600027399995,-23.668548999999928,
Mauá,MP10,2026-09-11 21:00:00+00:00,18.0,-46.46600027399995,-23.668548999999928,
Mauá,MP10,2026-09-11 22:00:00+00:00,20.0,-46.46600027399995,-23.668548999999928,
Mauá,MP10,2026-09-11 23:00:00+00:00,22.0,-46.46600027399995,-23.668548999999928,
Mauá,MP10,2026-09-12 00:00:00+00:00,22.0,-46.46600027399995,-23.668548999999928,
Mauá,MP10,2026-09-12 01:00:00+00:00,21.0,-46.46600027399995,-23.668548999999928,
Mauá,MP10,2026-09-12 02:00:00+00:00,21.0,-46.46600027399995,-23.668548999999928,
Mauá,MP10,2026-09-12 03:00:00+00:00,21.0,-46.46600027399995,-23.668548999999928,
Mauá,MP10,2026-09-12 04:00:00+00:00,18.0,-46.46600027399995,-23.668548999999928,
Mauá,MP10,2026-09-12 05:00:00+00:00,18.0,-46.46600027399995,-23.668548999999928,
Mauá,MP10,2026-09-12 06:00:00+00:00,18.0,-46.46600027399995,-23.668548999999928,
Mauá,MP10,2026-09-12 07:00:00+00:00,18.0,-46.46600027399995,-23.668548999999928,
Mauá,MP10,2026-09-12 08:00:00+00:00,18.0,-46.46600027399995,-23.668548999999928,
Mauá,MP10,2026-09-12 09:00:00+00:00,17.0,-46.46600027399995,-23.668548999999928,
Mauá,MP10,2026-09-12 10:00:00+00:00,17.0,-46.46600027399995,-23.668548999999928,
Mauá,MP10,2026-09-12 11:00:00+00:00,17.0,-46.46600027399995,-23.668548999999928,
Mauá,MP10,2026-09-12 12:00:00+00:00,15.0,-46.46600027399995,-23.668548999999928,
Mauá,MP10,2026-09-12 13:00:00+00:00,15.0,-46.46600027399995,-23.668548999999928,
Mauá,MP10,2026-09-12 14:00:00+00:00,14.0,-46.46600027399995,-23.668548999999928,
Mauá,MP10,2026-09-12 15:00:00+00:00,14.0,-46.46600027399995,-23.668548999999928,
Mauá,MP10,2026-09-12 16:00:00+00:00,14.0,-46.46600027399995,-23.668548999999928,
Mauá,MP10,2026-09-12 17:00:00+00:00,13.0,-46.46600027399995,-23.668548999999928,
Mauá,MP10,2026-09-12 18:00:00+00:00,13.0,-46.46600027399995,-23.668548999999928,
Mauá,MP10,2026-09-12 19:00:00+00:00,12.0,-46.46600027399995,-23.668548999999928,
Mauá,MP10,2026-09-12 20:00:00+00:00,11.0,-46.46600027399995,-23.668548999999928,
Mauá,MP10,2026-09-12 21:00:00+00:00,10.0,-46.46600027399995,-23.668548999999928,
Mauá,MP10,2026-09-12 22:00:00+00:00,7.0,-46.46600027399995,-23.668548999999928,
Mauá,MP10,2026-09-12 23:00:00+00:00,6.0,-46.46600027399995,-23.668548999999928,
Mauá,MP10,2026-09-13 00:00:00+00:00,6.0,-46.46600027399995,-23.668548999999928,
Mauá,MP10,2026-09-13 01:00:00+00:00,8.0,-46.46600027399995,-23.668548999999928,
Mauá,MP10,2026-09-13 02:00:00+00:00,8.0,-46.46600027399995,-23.668548999999928,
Mauá,MP10,2026-09-13 03:00:00+00:00,8.0,-46.46600027399995,-23.668548999999928,
Mauá,MP10,2026-09-13 04:00:00+00:00,8.0,-46.46600027399995,-23.668548999999928,
Mauá,MP10,2026-09-13 05:00:00+00:00,8.0,-46.46600027399995,-23.668548999999928,
Mauá,MP10,2026-09-13 06:00:00+00:00,7.0,-46.46600027399995,-23.668548999999928,
Mauá,MP10,2026-09-13 07:00:00+00:00,7.0,-46.46600027399995,-23.668548999999928,
Mauá,MP10,2026-09-13 08:00:00+00:00,8.0,-46.46600027399995,-23.668548999999928,
Mauá,MP10,2026-09-13 09:00:00+00:00,8.0,-46.46600027399995,-23.668548999999928,
Mauá,MP10,2026-09-13 10:00:00+00:00,8.0,-46.46600027399995,-23.668548999999928,
Mauá,MP10,2026-09-13 11:00:00+00:00,8.0,-46.46600027399995,-23.668548999999928,
Mauá,MP10,2026-09-13 12:00:00+00:00,7.0,-46.46600027399995,-23.668548999999928,
Mauá,MP10,2026-09-13 13:00:00+00:00,7.0,-46.46600027399995,-23.668548999999928,
Mauá,MP10,2026-09-13 14:00:00+00:00,7.0,-46.46600027399995,-23.668548999999928,
Mauá,MP10,2026-09-13 15:00:00+00:00,9.0,-46.46600027399995,-23.668548999999928,
Mauá,MP10,2026-09-13 16:00:00+00:00,8.0,-46.46600027399995,-23.668548999999928,
Mauá,MP10,2026-09-13 17:00:00+00:00,8.0,-46.46600027399995,-23.668548999999928,
Mauá,MP10,2026-09-13 18:00:00+00:00,7.0,-46.46600027399995,-23.668548999999928,
Osasco,MP10,2026-09-11 19:00:00+00:00,,-46.79207766099995,-23.526721418999955,
Osasco,MP10,2026-09-11 20:00:00+00:00,,-46.79207766099995,-23.526721418999955,
Osasco,MP10,2026-09-11 21:00:00+00:00,,-46.79207766099995,-23.526721418999955,
Osasco,MP10,2026-09-11 22:00:00+00:00,,-46.79207766099995,-23.526721418999955,
Osasco,MP10,2026-09-11 23:00:00+00:00,,-46.79207766099995,-23.526721418999955,
Osasco,MP10,2026-09-12 00:00:00+00:00,,-46.79207766099995,-23.526721418999955,
Osasco,MP10,2026-09-12 01:00:00+00:00,,-46.79207766099995,-23.526721418999955,
Osasco,MP10,2026-09-12 02:00:00+00:00,,-46.79207766099995,-23.526721418999955,
Osasco,MP10,2026-09-12 03:00:00+00:00,,-46.79207766099995,-23.526721418999955,
Osasco,MP10,2026-09-12 04:00:00+00:00,,-46.79207766099995,-23.526721418999955,
Osasco,MP10,2026-09-12 05:00:00+00:00,,-46.79207766099995,-23.526721418999955,
Osasco,MP10,2026-09-12 06:00:00+00:00,,-46.79207766099995,-23.526721418999955,
Osasco,MP10,2026-09-12 07:00:00+00:00,,-46.79207766099995,-23.526721418999955,
Osasco,MP10,2026-09-12 08:00:00+00:00,,-46.79207766099995,-23.526721418999955,
Osasco,MP10,2026-09-12 09:00:00+00:00,,-46.79207766099995,-23.526721418999955,
Osasco,MP10,2026-09-12 10:00:00+00:00,,-46.79207766099995,-23.526721418999955,
Osasco,MP10,2026-09-12 11:00:00+00:00,,-46.79207766099995,-23.526721418999955,
Osasco,MP10,2026-09-12 12:00:00+00:00,,-46.79207766099995,-23.526721418999955,
Osasco,MP10,2026-09-12 13:00:00+00:00,,-46.79207766099995,-23.526721418999955,
Osasco,MP10,2026-09-12 14:00:00+00:00,,-46.79207766099995,-23.526721418999955,
Osasco,MP10,2026-09-12 15:00:00+00:00,,-46.79207766099995,-23.526721418999955,
Osasco,MP10,2026-09-12 16:00:00+00:00,,-46.79207766099995,-23.526721418999955,
Osasco,MP10,2026-09-12 17:00:00+00:00,,-46.79207766099995,-23.526721418999955,
Osasco,MP10,2026-09-12 18:00:00+00:00,,-46.79207766099995,-23.526721418999955,
Osasco,MP10,2026-09-12 19:00:00+00:00,,-46.79207766099995,-23.526721418999955,
Osasco,MP10,2026-09-12 20:00:00+00:00,,-46.79207766099995,-23.526721418999955,
Osasco,MP10,2026-09-12 21:00:00+00:00,,-46.79207766099995,-23.526721418999955,
Osasco,MP10,2026-09-12 22:00:00+00:00,,-46.79207766099995,-23.526721418999955,
Osasco,MP10,2026-09-12 23:00:00+00:00,,-46.79207766099995,-23.526721418999955,
Osasco,MP10,2026-09-13 00:00:00+00:00,,-46.79207766099995,-23.526721418999955,
Osasco,MP10,2026-09-13 01:00:00+00:00,,-46.79207766099995,-23.526721418999955,
Osasco,MP10,2026-09-13 02:00:00+00:00,,-46.79207766099995,-23.526721418999955,
Osasco,MP10,2026-09-13 03:00:00+00:00,,-46.79207766099995,-23.526721418999955,
Osasco,MP10,2026-09-13 04:00:00+00:00,,-46.79207766099995,-23.526721418999955,
Osasco,MP10,2026-09-13 05:00:00+00:00,,-46.79207766099995,-23.526721418999955,
Osasco,MP10,2026-09-13 06:00:00+00:00,,-46.79207766099995,-23.526721418999955,
Osasco,MP10,2026-09-13 07:00:00+00:00,,-46.79207766099995,-23.526721418999955,
Osasco,MP10,2026-09-13 08:00:00+00:00,,-46.79207766099995,-23.526721418999955,
Osasco,MP10,2026-09-13 09:00:00+00:00,,-46.79207766099995,-23.526721418999955,
Osasco,MP10,2026-09-13 10:00:00+00:00,,-46.79207766099995,-23.526721418999955,
Osasco,MP10,2026-09-13 11:00:00+00:00,,-46.79207766099995,-23.526721418999955,
Osasco,MP10,2026-09-13 12:00:00+00:00,,-46.79207766099995,-23.526721418999955,
Osasco,MP10,2026-09-13 13:00:00+00:00,,-46.79207766099995,-23.526721418999955,
Osasco,MP10,2026-09-13 14:00:00+00:00,,-46.79207766099995,-23.526721418999955,
Osasco,MP10,2026-09-13 15:00:00+00:00,,-46.79207766099995,-23.526721418999955,
Osasco,MP10,2026-09-13 16:00:00+00:00,,-46.79207766099995,-23.526721418999955,
Osasco,MP10,2026-09-13 17:00:00+00:00,,-46.79207766099995,-23.526721418999955,
Osasco,MP10,2026-09-13 18:00:00+00:00,,-46.79207766099995,-23.526721418999955,
Parque D.Pedro II,MP10,2026-09-11 19:00:00+00:00,16.0,-46.62777375099995,-23.54486269199998,
Parque D.Pedro II,MP10,2026-09-11 20:00:00+00:00,16.0,-46.62777375099995,-23.54486269199998,
Parque D.Pedro II,MP10,2026-09-11 21:00:00+00:00,15.0,-46.62777375099995,-23.54486269199998,
Parque D.Pedro II,MP10,2026-09-11 22:00:00+00:00,16.0,-46.62777375099995,-23.54486269199998,
Parque D.Pedro II,MP10,2026-09-11 23:00:00+00:00,17.0,-46.62777375099995,-23.54486269199998,
Parque D.Pedro II,MP10,2026-09-12 00:00:00+00:00,17.0,-46.62777375099995,-23.54486269199998,
Parque D.Pedro II,MP10,2026-09-12 01:00:00+00:00,16.0,-46.62777375099995,-23.54486269199998,
Parque D.Pedro II,MP10,2026-09-12 02:00:00+00:00,15.0,-46.62777375099995,-23.54486269199998,
Parque D.Pedro II,MP10,2026-09-12 03:00:00+00:00,14.0,-46.62777375099995,-23.54486269199998,
Parque D.Pedro II,MP10,2026-09-12 04:00:00+00:00,13.0,-46.62777375099995,-23.54486269199998,
Parque D.Pedro II,MP10,2026-09-12 05:00:00+00:00,13.0,-46.62777375099995,-23.54486269199998,
Parque D.Pedro II,MP10,2026-09-12 06:00:00+00:00,12.0,-46.62777375099995,-23.54486269199998,
Parque D.Pedro II,MP10,2026-09-12 07:00:00+00:00,12.0,-46.62777375099995,-23.54486269199998,
Parque D.Pedro II,MP10,2026-09-12 08:00:00+00:00,12.0,-46.62777375099995,-23.54486269199998,
Parque D.Pedro II,MP10,2026-09-12 09:00:00+00:00,12.0,-46.62777375099995,-23.54486269199998,
Parque D.Pedro II,MP10,2026-09-12 10:00:00+00:00,11.0,-46.62777375099995,-23.54486269199998,
Parque D.Pedro II,MP10,2026-09-12 11:00:00+00:00,11.0,-46.62777375099995,-23.54486269199998,
Parque D.Pedro II,MP10,2026-09-12 12:00:00+00:00,11.0,-46.62777375099995,-23.54486269199998,
Parque D.Pedro II,MP10,2026-09-12 13:00:00+00:00,11.0,-46.62777375099995,-23.54486269199998,
Parque D.Pedro II,MP10,2026-09-12 14:00:00+00:00,11.0,-46.62777375099995,-23.54486269199998,
Parque D.Pedro II,MP10,2026-09-12 15:00:00+00:00,10.0,-46.62777375099995,-23.54486269199998,
Parque D.Pedro II,MP10,2026-09-12 16:00:00+00:00,9.0,-46.62777375099995,-23.54486269199998,
Parque D.Pedro II,MP10,2026-09-12 17:00:00+00:00,9.0,-46.62777375099995,-23.54486269199998,
Parque D.Pedro II,MP10,2026-09-12 18:00:00+00:00,10.0,-46.62777375099995,-23.54486269199998,
Parque D.Pedro II,MP10,2026-09-12 19:00:00+00:00,10.0,-46.62777375099995,-23.54486269199998,
Parque D.Pedro II,MP10,2026-09-12 20:00:00+00:00,11.0,-46.62777375099995,-23.54486269199998,
Parque D.Pedro II,MP10,2026-09-12 21:00:00+00:00,10.0,-46.62777375099995,-23.54486269199998,
Parque D.Pedro II,MP10,2026-09-12 22:00:00+00:00,10.0,-46.62777375099995,-23.54486269199998,
Parque D.Pedro II,MP10,2026-09-12 23:00:00+00:00,8.0,-46.62777375099995,-23.54486269199998,
Parque D.Pedro II,MP10,2026-09-13 00:00:00+00:00,8.0,-46.62777375099995,-23.54486269199998,
Parque D.Pedro II,MP10,2026-09-13 01:00:00+00:00,7.0,-46.62777375099995,-23.54486269199998,
Parque D.Pedro II,MP10,2026-09-13 02:00:00+00:00,8.0,-46.62777375099995,-23.54486269199998,
Parque D.Pedro II,MP10,2026-09-13 03:00:00+00:00,8.0,-46.62777375099995,-23.54486269199998,
Parque D.Pedro II,MP10,2026-09-13 04:00:00+00:00,8.0,-46.62777375099995,-23.54486269199998,
Parque D.Pedro II,MP10,2026-09-13 05:00:00+00:00,8.0,-46.62777375099995,-23.54486269199998,
Parque D.Pedro II,MP10,2026-09-13 06:00:00+00:00,8.0,-46.62777375099995,-23.54486269199998,
Parque D.Pedro II,MP10,2026-09-13 07:00:00+00:00,8.0,-46.62777375099995,-23.54486269199998,
Parque D.Pedro II,MP10,2026-09-13 08:00:00+00:00,8.0,-46.62777375099995,-23.54486269199998,
Parque D.Pedro II,MP10,2026-09-13 09:00:00+00:00,8.0,-46.62777375099995,-23.54486269199998,
Parque D.Pedro II,MP10,2026-09-13 10:00:00+00:00,8.0,-46.62777375099995,-23.54486269199998,
Parque D.Pedro II,MP10,2026-09-13 11:00:00+00:00,7.0,-46.62777375099995,-23.54486269199998,
Parque D.Pedro II,MP10,2026-09-13 12:00:00+00:00,7.0,-46.62777375099995,-23.54486269199998,
Parque D.Pedro II,MP10,2026-09-13 13:00:00+00:00,7.0,-46.62777375099995,-23.54486269199998,
Parque D.Pedro II,MP10,2026-09-13 14:00:00+00:00,7.0,-46.62777375099995,-23.54486269199998,
Parque D.Pedro II,MP10,2026-09-13 15:00:00+00:00,6.0,-46.62777375099995,-23.54486269199998,
Parque D.Pedro II,MP10,2026-09-13 16:00:00+00:00,6.0,-46.62777375099995,-23.54486269199998,
Parque D.Pedro II,MP10,2026-09-13 17:00:00+00:00,5.0,-46.62777375099995,-23.54486269199998,
Parque D.Pedro II,MP10,2026-09-13 18:00:00+00:00,5.0,-46.62777375099995,-23.54486269199998,
Paulínia,MP10,2026-09-11 19:00:00+00:00,13.0,-47.15484286599997,-22.772321378999948,
Paulínia,MP10,2026-09-11 20:00:00+00:00,13.0,-47.15484286599997,-22.772321378999948,
Paulínia,MP10,2026-09-11 21:00:00+00:00,14.0,-47.15484286599997,-22.772321378999948,
Paulínia,MP10,2026-09-11 22:00:00+00:00,14.0,-47.15484286599997,-22.772321378999948,
Paulínia,MP10,2026-09-11 23:00:00+00:00,15.0,-47.15484286599997,-22.772321378999948,
Paulínia,MP10,2026-09-12 00:00:00+00:00,14.0,-47.15484286599997,-22.772321378999948,
Paulínia,MP10,2026-09-12 01:00:00+00:00,15.0,-47.15484286599997,-22.772321378999948,
Paulínia,MP10,2026-09-12 02:00:00+00:00,15.0,-47.15484286599997,-22.772321378999948,
Paulínia,MP10,2026-09-12 03:00:00+00:00,16.0,-47.15484286599997,-22.772321378999948,
Paulínia,MP10,2026-09-12 04:00:00+00:00,15.0,-47.15484286599997,-22.772321378999948,
Paulínia,MP10,2026-09-12 05:00:00+00:00,15.0,-47.15484286599997,-22.772321378999948,
Paulínia,MP10,2026-09-12 06:00:00+00:00,15.0,-47.15484286599997,-22.772321378999948,
Paulínia,MP10,2026-09-12 07:00:00+00:00,15.0,-47.15484286599997,-22.772321378999948,
Paulínia,MP10,2026-09-12 08:00:00+00:00,15.0,-47.15484286599997,-22.772321378999948,
Paulínia,MP10,2026-09-12 09:00:00+00:00,15.0,-47.15484286599997,-22.772321378999948,
Paulínia,MP10,2026-09-12 10:00:00+00:00,16.0,-47.15484286599997,-22.772321378999948,
Paulínia,MP10,2026-09-12 11:00:00+00:00,15.0,-47.15484286599997,-22.772321378999948,
Paulínia,MP10,2026-09-12 12:00:00+00:00,15.0,-47.15484286599997,-22.772321378999948,
Paulínia,MP10,2026-09-12 13:00:00+00:00,14.0,-47.15484286599997,-22.772321378999948,
Paulínia,MP10,2026-09-12 14:00:00+00:00,15.0,-47.15484286599997,-22.772321378999948,
Paulínia,MP10,2026-09-12 15:00:00+00:00,14.0,-47.15484286599997,-22.772321378999948,
Paulínia,MP10,2026-09-12 16:00:00+00:00,14.0,-47.15484286599997,-22.772321378999948,
Paulínia,MP10,2026-09-12 17:00:00+00:00,14.0,-47.15484286599997,-22.772321378999948,
Paulínia,MP10,2026-09-12 18:00:00+00:00,14.0,-47.15484286599997,-22.772321378999948,
Paulínia,MP10,2026-09-12 19:00:00+00:00,14.0,-47.15484286599997,-22.772321378999948,
Paulínia,MP10,2026-09-12 20:00:00+00:00,14.0,-47.15484286599997,-22.772321378999948,
Paulínia,MP10,2026-09-12 21:00:00+00:00,14.0,-47.15484286599997,-22.772321378999948,
Paulínia,MP10,2026-09-12 22:00:00+00:00,14.0,-47.15484286599997,-22.772321378999948,
Paulínia,MP10,2026-09-12 23:00:00+00:00,14.0,-47.15484286599997,-22.772321378999948,
Paulínia,MP10,2026-09-13 00:00:00+00:00,14.0,-47.15484286599997,-22.772321378999948,
Paulínia,MP10,2026-09-13 01:00:00+00:00,14.0,-47.15484286599997,-22.772321378999948,
Paulínia,MP10,2026-09-13 02:00:00+00:00,14.0,-47.15484286599997,-22.772321378999948,
Paulínia,MP10,2026-09-13 03:00:00+00:00,13.0,-47.15484286599997,-22.772321378999948,
Paulínia,MP10,2026-09-13 04:00:00+00:00,14.0,-47.15484286599997,-22.772321378999948,
Paulínia,MP10,2026-09-13 05:00:00+00:00,15.0,-47.15484286599997,-22.772321378999948,
Paulínia,MP10,2026-09-13 06:00:00+00:00,15.0,-47.15484286599997,-22.772321378999948,
Paulínia,MP10,2026-09-13 07:00:00+00:00,15.0,-47.15484286599997,-22.772321378999948,
Paulínia,MP10,2026-09-13 08:00:00+00:00,15.0,-47.15484286599997,-22.772321378999948,
Paulínia,MP10,2026-09-13 09:00:00+00:00,15.0,-47.15484286599997,-22.772321378999948,
Paulínia,MP10,2026-09-13 10:00:00+00:00,15.0,-47.15484286599997,-22.772321378999948,
Paulínia,MP10,2026-09-13 11:00:00+00:00,15.0,-47.15484286599997,-22.772321378999948,
Paulínia,MP10,2026-09-13 12:00:00+00:00,15.0,-47.15484286599997,-22.772321378999948,
Paulínia,MP10,2026-09-13 13:00:00+00:00,14.0,-47.15484286599997,-22.772321378999948,
Paulínia,MP10,2026-09-13 14:00:00+00:00,14.0,-47.15484286599997,-22.772321378999948,
Paulínia,MP10,2026-09-13 15:00:00+00:00,14.0,-47.15484286599997,-22.772321378999948,
Paulínia,MP10,2026-09-13 16:00:00+00:00,14.0,-47.15484286599997,-22.772321378999948,
Paulínia,MP10,2026-09-13 17:00:00+00:00,14.0,-47.15484286599997,-22.772321378999948,
Paulínia,MP10,2026-09-13 18:00:00+00:00,16.0,-47.15484286599997,-22.772321378999948,
Paulínia-Sta Terezinha,MP10,2026-09-11 19:00:00+00:00,13.0,-47.13903649499997,-22.780208950999963,
Paulínia-Sta Terezinha,MP10,2026-09-11 20:00:00+00:00,13.0,-47.13903649499997,-22.780208950999963,
Paulínia-Sta Terezinha,MP10,2026-09-11 21:00:00+00:00,13.0,-47.13903649499997,-22.780208950999963,
Paulínia-Sta Terezinha,MP10,2026-09-11 22:00:00+00:00,14.0,-47.13903649499997,-22.780208950999963,
Paulínia-Sta Terezinha,MP10,2026-09-11 23:00:00+00:00,15.0,-47.13903649499997,-22.780208950999963,
Paulínia-Sta Terezinha,MP10,2026-09-12 00:00:00+00:00,15.0,-47.13903649499997,-22.780208950999963,
Paulínia-Sta Terezinha,MP10,2026-09-12 01:00:00+00:00,16.0,-47.13903649499997,-22.780208950999963,
Paulínia-Sta Terezinha,MP10,2026-09-12 02:00:00+00:00,16.0,-47.13903649499997,-22.780208950999963,
Paulínia-Sta Terezinha,MP10,2026-09-12 03:00:00+00:00,16.0,-47.13903649499997,-22.780208950999963,
Paulínia-Sta Terezinha,MP10,2026-09-12 04:00:00+00:00,17.0,-47.13903649499997,-22.780208950999963,
Paulínia-Sta Terezinha,MP10,2026-09-12 05:00:00+00:00,17.0,-47.13903649499997,-22.780208950999963,
Paulínia-Sta Terezinha,MP10,2026-09-12 06:00:00+00:00,17.0,-47.13903649499997,-22.780208950999963,
Paulínia-Sta Terezinha,MP10,2026-09-12 07:00:00+00:00,16.0,-47.13903649499997,-22.780208950999963,
Paulínia-Sta Terezinha,MP10,2026-09-12 08:00:00+00:00,17.0,-47.13903649499997,-22.780208950999963,
Paulínia-Sta Terezinha,MP10,2026-09-12 09:00:00+00:00,17.0,-47.13903649499997,-22.780208950999963,
Paulínia-Sta Terezinha,MP10,2026-09-12 10:00:00+00:00,16.0,-47.13903649499997,-22.780208950999963,
Paulínia-Sta Terezinha,MP10,2026-09-12 11:00:00+00:00,16.0,-47.13903649499997,-22.780208950999963,
Paulínia-Sta Terezinha,MP10,2026-09-12 12:00:00+00:00,15.0,-47.13903649499997,-22.780208950999963,
Paulínia-Sta Terezinha,MP10,2026-09-12 13:00:00+00:00,15.0,-47.13903649499997,-22.780208950999963,
Paulínia-Sta Terezinha,MP10,2026-09-12 14:00:00+00:00,15.0,-47.13903649499997,-22.780208950999963,
Paulínia-Sta Terezinha,MP10,2026-09-12 15:00:00+00:00,14.0,-47.13903649499997,-22.780208950999963,
Paulínia-Sta Terezinha,MP10,2026-09-12 16:00:00+00:00,14.0,-47.13903649499997,-22.780208950999963,
Paulínia-Sta Terezinha,MP10,2026-09-12 17:00:00+00:00,14.0,-47.13903649499997,-22.780208950999963,
Paulínia-Sta Terezinha,MP10,2026-09-12 18:00:00+00:00,13.0,-47.13903649499997,-22.780208950999963,
Paulínia-Sta Terezinha,MP10,2026-09-12 19:00:00+00:00,13.0,-47.13903649499997,-22.780208950999963,
Paulínia-Sta Terezinha,MP10,2026-09-12 20:00:00+00:00,13.0,-47.13903649499997,-22.780208950999963,
Paulínia-Sta Terezinha,MP10,2026-09-12 21:00:00+00:00,13.0,-47.13903649499997,-22.780208950999963,
Paulínia-Sta Terezinha,MP10,2026-09-12 22:00:00+00:00,13.0,-47.13903649499997,-22.780208950999963,
Paulínia-Sta Terezinha,MP10,2026-09-12 23:00:00+00:00,13.0,-47.13903649499997,-22.780208950999963,
Paulínia-Sta Terezinha,MP10,2026-09-13 00:00:00+00:00,13.0,-47.13903649499997,-22.780208950999963,
Paulínia-Sta Terezinha,MP10,2026-09-13 01:00:00+00:00,12.0,-47.13903649499997,-22.780208950999963,
Paulínia-Sta Terezinha,MP10,2026-09-13 02:00:00+00:00,12.0,-47.13903649499997,-22.780208950999963,
Paulínia-Sta Terezinha,MP10,2026-09-13 03:00:00+00:00,12.0,-47.13903649499997,-22.780208950999963,
Paulínia-Sta Terezinha,MP10,2026-09-13 04:00:00+00:00,12.0,-47.13903649499997,-22.780208950999963,
Paulínia-Sta Terezinha,MP10,2026-09-13 05:00:00+00:00,13.0,-47.13903649499997,-22.780208950999963,
Paulínia-Sta Terezinha,MP10,2026-09-13 06:00:00+00:00,13.0,-47.13903649499997,-22.780208950999963,
Paulínia-Sta Terezinha,MP10,2026-09-13 07:00:00+00:00,13.0,-47.13903649499997,-22.780208950999963,
Paulínia-Sta Terezinha,MP10,2026-09-13 08:00:00+00:00,13.0,-47.13903649499997,-22.780208950999963,
Paulínia-Sta Terezinha,MP10,2026-09-13 09:00:00+00:00,13.0,-47.13903649499997,-22.780208950999963,
Paulínia-Sta Terezinha,MP10,2026-09-13 10:00:00+00:00,13.0,-47.13903649499997,-22.780208950999963,
Paulínia-Sta Terezinha,MP10,2026-09-13 11:00:00+00:00,13.0,-47.13903649499997,-22.780208950999963,
Paulínia-Sta Terezinha,MP10,2026-09-13 12:00:00+00:00,14.0,-47.13903649499997,-22.780208950999963,
Paulínia-Sta Terezinha,MP10,2026-09-13 13:00:00+00:00,14.0,-47.13903649499997,-22.780208950999963,
Paulínia-Sta Terezinha,MP10,2026-09-13 14:00:00+00:00,14.0,-47.13903649499997,-22.780208950999963,
Paulínia-Sta Terezinha,MP10,2026-09-13 15:00:00+00:00,13.0,-47.13903649499997,-22.780208950999963,
Paulínia-Sta Terezinha,MP10,2026-09-13 16:00:00+00:00,14.0,-47.13903649499997,-22.780208950999963,
Paulínia-Sta Terezinha,MP10,2026-09-13 17:00:00+00:00,13.0,-47.13903649499997,-22.780208950999963,
Paulínia-Sta Terezinha,MP10,2026-09-13 18:00:00+00:00,13.0,-47.13903649499997,-22.780208950999963,
Perus,MP10,2026-09-11 19:00:00+00:00,16.0,-46.755683774999966,-23.413331292999942,
Perus,MP10,2026-09-11 20:00:00+00:00,17.0,-46.755683774999966,-23.413331292999942,
Perus,MP10,2026-09-11 21:00:00+00:00,17.0,-46.755683774999966,-23.413331292999942,
Perus,MP10,2026-09-11 22:00:00+00:00,18.0,-46.755683774999966,-23.413331292999942,
Perus,MP10,2026-09-11 23:00:00+00:00,18.0,-46.755683774999966,-23.413331292999942,
Perus,MP10,2026-09-12 00:00:00+00:00,18.0,-46.755683774999966,-23.413331292999942,
Perus,MP10,2026-09-12 01:00:00+00:00,19.0,-46.755683774999966,-23.413331292999942,
Perus,MP10,2026-09-12 02:00:00+00:00,18.0,-46.755683774999966,-23.413331292999942,
Perus,MP10,2026-09-12 03:00:00+00:00,18.0,-46.755683774999966,-23.413331292999942,
Perus,MP10,2026-09-12 04:00:00+00:00,18.0,-46.755683774999966,-23.413331292999942,
Perus,MP10,2026-09-12 05:00:00+00:00,18.0,-46.755683774999966,-23.413331292999942,
Perus,MP10,2026-09-12 06:00:00+00:00,18.0,-46.755683774999966,-23.413331292999942,
Perus,MP10,2026-09-12 07:00:00+00:00,18.0,-46.755683774999966,-23.413331292999942,
Perus,MP10,2026-09-12 08:00:00+00:00,18.0,-46.755683774999966,-23.413331292999942,
Perus,MP10,2026-09-12 09:00:00+00:00,18.0,-46.755683774999966,-23.413331292999942,
Perus,MP10,2026-09-12 10:00:00+00:00,18.0,-46.755683774999966,-23.413331292999942,
Perus,MP10,2026-09-12 11:00:00+00:00,18.0,-46.755683774999966,-23.413331292999942,
Perus,MP10,2026-09-12 12:00:00+00:00,18.0,-46.755683774999966,-23.413331292999942,
Perus,MP10,2026-09-12 13:00:00+00:00,18.0,-46.755683774999966,-23.413331292999942,
Perus,MP10,2026-09-12 14:00:00+00:00,17.0,-46.755683774999966,-23.413331292999942,
Perus,MP10,2026-09-12 15:00:00+00:00,17.0,-46.755683774999966,-23.413331292999942,
Perus,MP10,2026-09-12 16:00:00+00:00,17.0,-46.755683774999966,-23.413331292999942,
Perus,MP10,2026-09-12 17:00:00+00:00,16.0,-46.755683774999966,-23.413331292999942,
Perus,MP10,2026-09-12 18:00:00+00:00,16.0,-46.755683774999966,-23.413331292999942,
Perus,MP10,2026-09-12 19:00:00+00:00,16.0,-46.755683774999966,-23.413331292999942,
Perus,MP10,2026-09-12 20:00:00+00:00,16.0,-46.755683774999966,-23.413331292999942,
Perus,MP10,2026-09-12 21:00:00+00:00,16.0,-46.755683774999966,-23.413331292999942,
Perus,MP10,2026-09-12 22:00:00+00:00,15.0,-46.755683774999966,-23.413331292999942,
Perus,MP10,2026-09-12 23:00:00+00:00,15.0,-46.755683774999966,-23.413331292999942,
Perus,MP10,2026-09-13 00:00:00+00:00,14.0,-46.755683774999966,-23.413331292999942,
Perus,MP10,2026-09-13 01:00:00+00:00,14.0,-46.755683774999966,-23.413331292999942,
Perus,MP10,2026-09-13 02:00:00+00:00,14.0,-46.755683774999966,-23.413331292999942,
Perus,MP10,2026-09-13 03:00:00+00:00,14.0,-46.755683774999966,-23.413331292999942,
Perus,MP10,2026-09-13 04:00:00+00:00,14.0,-46.755683774999966,-23.413331292999942,
Perus,MP10,2026-09-13 05:00:00+00:00,14.0,-46.755683774999966,-23.413331292999942,
Perus,MP10,2026-09-13 06:00:00+00:00,14.0,-46.755683774999966,-23.413331292999942,
Perus,MP10,2026-09-13 07:00:00+00:00,14.0,-46.755683774999966,-23.413331292999942,
Perus,MP10,2026-09-13 08:00:00+00:00,14.0,-46.755683774999966,-23.413331292999942,
Perus,MP10,2026-09-13 09:00:00+00:00,14.0,-46.755683774999966,-23.413331292999942,
Perus,MP10,2026-09-13 10:00:00+00:00,14.0,-46.755683774999966,-23.413331292999942,
Perus,MP10,2026-09-13 11:00:00+00:00,15.0,-46.755683774999966,-23.413331292999942,
Perus,MP10,2026-09-13 12:00:00+00:00,15.0,-46.755683774999966,-23.413331292999942,
Perus,MP10,2026-09-13 13:00:00+00:00,15.0,-46.755683774999966,-23.413331292999942,
Perus,MP10,2026-09-13 14:00:00+00:00,15.0,-46.755683774999966,-23.413331292999942,
Perus,MP10,2026-09-13 15:00:00+00:00,15.0,-46.755683774999966,-23.413331292999942,
Perus,MP10,2026-09-13 16:00:00+00:00,15.0,-46.755683774999966,-23.413331292999942,
Perus,MP10,2026-09-13 17:00:00+00:00,15.0,-46.755683774999966,-23.413331292999942,
Perus,MP10,2026-09-13 18:00:00+00:00,15.0,-46.755683774999966,-23.413331292999942,
Pinheiros,MP10,2026-09-11 19:00:00+00:00,11.0,-46.702016507999986,-23.561459894999928,
Pinheiros,MP10,2026-09-11 20:00:00+00:00,12.0,-46.702016507999986,-23.561459894999928,
Pinheiros,MP10,2026-09-11 21:00:00+00:00,12.0,-46.702016507999986,-23.561459894999928,
Pinheiros,MP10,2026-09-11 22:00:00+00:00,13.0,-46.702016507999986,-23.561459894999928,
Pinheiros,MP10,2026-09-11 23:00:00+00:00,13.0,-46.702016507999986,-23.561459894999928,
Pinheiros,MP10,2026-09-12 00:00:00+00:00,12.0,-46.702016507999986,-23.561459894999928,
Pinheiros,MP10,2026-09-12 01:00:00+00:00,12.0,-46.702016507999986,-23.561459894999928,
Pinheiros,MP10,2026-09-12 02:00:00+00:00,11.0,-46.702016507999986,-23.561459894999928,
Pinheiros,MP10,2026-09-12 03:00:00+00:00,11.0,-46.702016507999986,-23.561459894999928,
Pinheiros,MP10,2026-09-12 04:00:00+00:00,11.0,-46.702016507999986,-23.561459894999928,
Pinheiros,MP10,2026-09-12 05:00:00+00:00,11.0,-46.702016507999986,-23.561459894999928,
Pinheiros,MP10,2026-09-12 06:00:00+00:00,10.0,-46.702016507999986,-23.561459894999928,
Pinheiros,MP10,2026-09-12 07:00:00+00:00,10.0,-46.702016507999986,-23.561459894999928,
Pinheiros,MP10,2026-09-12 08:00:00+00:00,10.0,-46.702016507999986,-23.561459894999928,
Pinheiros,MP10,2026-09-12 09:00:00+00:00,10.0,-46.702016507999986,-23.561459894999928,
Pinheiros,MP10,2026-09-12 10:00:00+00:00,10.0,-46.702016507999986,-23.561459894999928,
Pinheiros,MP10,2026-09-12 11:00:00+00:00,10.0,-46.702016507999986,-23.561459894999928,
Pinheiros,MP10,2026-09-12 12:00:00+00:00,10.0,-46.702016507999986,-23.561459894999928,
Pinheiros,MP10,2026-09-12 13:00:00+00:00,10.0,-46.702016507999986,-23.561459894999928,
Pinheiros,MP10,2026-09-12 14:00:00+00:00,10.0,-46.702016507999986,-23.561459894999928,
Pinheiros,MP10,2026-09-12 15:00:00+00:00,11.0,-46.702016507999986,-23.561459894999928,
Pinheiros,MP10,2026-09-12 16:00:00+00:00,11.0,-46.702016507999986,-23.561459894999928,
Pinheiros,MP10,2026-09-12 17:00:00+00:00,11.0,-46.702016507999986,-23.561459894999928,
Pinheiros,MP10,2026-09-12 18:00:00+00:00,10.0,-46.702016507999986,-23.561459894999928,
Pinheiros,MP10,2026-09-12 19:00:00+00:00,10.0,-46.702016507999986,-23.561459894999928,
Pinheiros,MP10,2026-09-12 20:00:00+00:00,10.0,-46.702016507999986,-23.561459894999928,
Pinheiros,MP10,2026-09-12 21:00:00+00:00,9.0,-46.702016507999986,-23.561459894999928,
Pinheiros,MP10,2026-09-12 22:00:00+00:00,8.0,-46.702016507999986,-23.561459894999928,
Pinheiros,MP10,2026-09-12 23:00:00+00:00,8.0,-46.702016507999986,-23.561459894999928,
Pinheiros,MP10,2026-09-13 00:00:00+00:00,7.0,-46.702016507999986,-23.561459894999928,
Pinheiros,MP10,2026-09-13 01:00:00+00:00,7.0,-46.702016507999986,-23.561459894999928,
Pinheiros,MP10,2026-09-13 02:00:00+00:00,7.0,-46.702016507999986,-23.561459894999928,
Pinheiros,MP10,2026-09-13 03:00:00+00:00,7.0,-46.702016507999986,-23.561459894999928,
Pinheiros,MP10,2026-09-13 04:00:00+00:00,7.0,-46.702016507999986,-23.561459894999928,
Pinheiros,MP10,2026-09-13 05:00:00+00:00,7.0,-46.702016507999986,-23.561459894999928,
Pinheiros,MP10,2026-09-13 06:00:00+00:00,7.0,-46.702016507999986,-23.561459894999928,
Pinheiros,MP10,2026-09-13 07:00:00+00:00,7.0,-46.702016507999986,-23.561459894999928,
Pinheiros,MP10,2026-09-13 08:00:00+00:00,7.0,-46.702016507999986,-23.561459894999928,
Pinheiros,MP10,2026-09-13 09:00:00+00:00,7.0,-46.702016507999986,-23.561459894999928,
Pinheiros,MP10,2026-09-13 10:00:00+00:00,7.0,-46.702016507999986,-23.561459894999928,
Pinheiros,MP10,2026-09-13 11:00:00+00:00,7.0,-46.702016507999986,-23.561459894999928,
Pinheiros,MP10,2026-09-13 12:00:00+00:00,7.0,-46.702016507999986,-23.561459894999928,
Pinheiros,MP10,2026-09-13 13:00:00+00:00,6.0,-46.702016507999986,-23.561459894999928,
Pinheiros,MP10,2026-09-13 14:00:00+00:00,6.0,-46.702016507999986,-23.561459894999928,
Pinheiros,MP10,2026-09-13 15:00:00+00:00,6.0,-46.702016507999986,-23.561459894999928,
Pinheiros,MP10,2026-09-13 16:00:00+00:00,5.0,-46.702016507999986,-23.561459894999928,
Pinheiros,MP10,2026-09-13 17:00:00+00:00,5.0,-46.702016507999986,-23.561459894999928,
Pinheiros,MP10,2026-09-13 18:00:00+00:00,5.0,-46.702016507999986,-23.561459894999928,
Piracicaba,MP10,2026-09-11 19:00:00+00:00,15.0,-47.64965268999998,-22.70122233999996,
Piracicaba,MP10,2026-09-11 20:00:00+00:00,16.0,-47.64965268999998,-22.70122233999996,
Piracicaba,MP10,2026-09-11 21:00:00+00:00,18.0,-47.64965268999998,-22.70122233999996,
Piracicaba,MP10,2026-09-11 22:00:00+00:00,18.0,-47.64965268999998,-22.70122233999996,
Piracicaba,MP10,2026-09-11 23:00:00+00:00,19.0,-47.64965268999998,-22.70122233999996,
Piracicaba,MP10,2026-09-12 00:00:00+00:00,19.0,-47.64965268999998,-22.70122233999996,
Piracicaba,MP10,2026-09-12 01:00:00+00:00,19.0,-47.64965268999998,-22.70122233999996,
Piracicaba,MP10,2026-09-12 02:00:00+00:00,20.0,-47.64965268999998,-22.70122233999996,
Piracicaba,MP10,2026-09-12 03:00:00+00:00,20.0,-47.64965268999998,-22.70122233999996,
Piracicaba,MP10,2026-09-12 04:00:00+00:00,20.0,-47.64965268999998,-22.70122233999996,
Piracicaba,MP10,2026-09-12 05:00:00+00:00,21.0,-47.64965268999998,-22.70122233999996,
Piracicaba,MP10,2026-09-12 06:00:00+00:00,21.0,-47.64965268999998,-22.70122233999996,
Piracicaba,MP10,2026-09-12 07:00:00+00:00,21.0,-47.64965268999998,-22.70122233999996,
Piracicaba,MP10,2026-09-12 08:00:00+00:00,20.0,-47.64965268999998,-22.70122233999996,
Piracicaba,MP10,2026-09-12 09:00:00+00:00,20.0,-47.64965268999998,-22.70122233999996,
Piracicaba,MP10,2026-09-12 10:00:00+00:00,20.0,-47.64965268999998,-22.70122233999996,
Piracicaba,MP10,2026-09-12 11:00:00+00:00,20.0,-47.64965268999998,-22.70122233999996,
Piracicaba,MP10,2026-09-12 12:00:00+00:00,20.0,-47.64965268999998,-22.70122233999996,
Piracicaba,MP10,2026-09-12 13:00:00+00:00,20.0,-47.64965268999998,-22.70122233999996,
Piracicaba,MP10,2026-09-12 14:00:00+00:00,20.0,-47.64965268999998,-22.70122233999996,
Piracicaba,MP10,2026-09-12 15:00:00+00:00,21.0,-47.64965268999998,-22.70122233999996,
Piracicaba,MP10,2026-09-12 16:00:00+00:00,21.0,-47.64965268999998,-22.70122233999996,
Piracicaba,MP10,2026-09-12 17:00:00+00:00,21.0,-47.64965268999998,-22.70122233999996,
Piracicaba,MP10,2026-09-12 18:00:00+00:00,21.0,-47.64965268999998,-22.70122233999996,
Piracicaba,MP10,2026-09-12 19:00:00+00:00,19.0,-47.64965268999998,-22.70122233999996,
Piracicaba,MP10,2026-09-12 20:00:00+00:00,19.0,-47.64965268999998,-22.70122233999996,
Piracicaba,MP10,2026-09-12 21:00:00+00:00,18.0,-47.64965268999998,-22.70122233999996,
Piracicaba,MP10,2026-09-12 22:00:00+00:00,18.0,-47.64965268999998,-22.70122233999996,
Piracicaba,MP10,2026-09-12 23:00:00+00:00,17.0,-47.64965268999998,-22.70122233999996,
Piracicaba,MP10,2026-09-13 00:00:00+00:00,16.0,-47.64965268999998,-22.70122233999996,
Piracicaba,MP10,2026-09-13 01:00:00+00:00,15.0,-47.64965268999998,-22.70122233999996,
Piracicaba,MP10,2026-09-13 02:00:00+00:00,15.0,-47.64965268999998,-22.70122233999996,
Piracicaba,MP10,2026-09-13 03:00:00+00:00,16.0,-47.64965268999998,-22.70122233999996,
Piracicaba,MP10,2026-09-13 04:00:00+00:00,16.0,-47.64965268999998,-22.70122233999996,
Piracicaba,MP10,2026-09-13 05:00:00+00:00,16.0,-47.64965268999998,-22.70122233999996,
Piracicaba,MP10,2026-09-13 06:00:00+00:00,17.0,-47.64965268999998,-22.70122233999996,
Piracicaba,MP10,2026-09-13 07:00:00+00:00,17.0,-47.64965268999998,-22.70122233999996,
Piracicaba,MP10,2026-09-13 08:00:00+00:00,17.0,-47.64965268999998,-22.70122233999996,
Piracicaba,MP10,2026-09-13 09:00:00+00:00,17.0,-47.64965268999998,-22.70122233999996,
Piracicaba,MP10,2026-09-13 10:00:00+00:00,17.0,-47.64965268999998,-22.70122233999996,
Piracicaba,MP10,2026-09-13 11:00:00+00:00,16.0,-47.64965268999998,-22.70122233999996,
Piracicaba,MP10,2026-09-13 12:00:00+00:00,17.0,-47.64965268999998,-22.70122233999996,
Piracicaba,MP10,2026-09-13 13:00:00+00:00,17.0,-47.64965268999998,-22.70122233999996,
Piracicaba,MP10,2026-09-13 14:00:00+00:00,17.0,-47.64965268999998,-22.70122233999996,
Piracicaba,MP10,2026-09-13 15:00:00+00:00,17.0,-47.64965268999998,-22.70122233999996,
Piracicaba,MP10,2026-09-13 16:00:00+00:00,17.0,-47.64965268999998,-22.70122233999996,
Piracicaba,MP10,2026-09-13 17:00:00+00:00,16.0,-47.64965268999998,-22.70122233999996,
Piracicaba,MP10,2026-09-13 18:00:00+00:00,15.0,-47.64965268999998,-22.70122233999996,
Presidente Prudente,MP10,2026-09-11 19:00:00+00:00,13.0,-51.40877706799995,-22.119936734999953,
Presidente Prudente,MP10,2026-09-11 20:00:00+00:00,14.0,-51.40877706799995,-22.119936734999953,
Presidente Prudente,MP10,2026-09-11 21:00:00+00:00,14.0,-51.40877706799995,-22.119936734999953,
Presidente Prudente,MP10,2026-09-11 22:00:00+00:00,15.0,-51.40877706799995,-22.119936734999953,
Presidente Prudente,MP10,2026-09-11 23:00:00+00:00,16.0,-51.40877706799995,-22.119936734999953,
Presidente Prudente,MP10,2026-09-12 00:00:00+00:00,17.0,-51.40877706799995,-22.119936734999953,
Presidente Prudente,MP10,2026-09-12 01:00:00+00:00,17.0,-51.40877706799995,-22.119936734999953,
Presidente Prudente,MP10,2026-09-12 02:00:00+00:00,17.0,-51.40877706799995,-22.119936734999953,
Presidente Prudente,MP10,2026-09-12 03:00:00+00:00,17.0,-51.40877706799995,-22.119936734999953,
Presidente Prudente,MP10,2026-09-12 04:00:00+00:00,17.0,-51.40877706799995,-22.119936734999953,
Presidente Prudente,MP10,2026-09-12 05:00:00+00:00,17.0,-51.40877706799995,-22.119936734999953,
Presidente Prudente,MP10,2026-09-12 06:00:00+00:00,16.0,-51.40877706799995,-22.119936734999953,
Presidente Prudente,MP10,2026-09-12 07:00:00+00:00,16.0,-51.40877706799995,-22.119936734999953,
Presidente Prudente,MP10,2026-09-12 08:00:00+00:00,16.0,-51.40877706799995,-22.119936734999953,
Presidente Prudente,MP10,2026-09-12 09:00:00+00:00,16.0,-51.40877706799995,-22.119936734999953,
Presidente Prudente,MP10,2026-09-12 10:00:00+00:00,15.0,-51.40877706799995,-22.119936734999953,
Presidente Prudente,MP10,2026-09-12 11:00:00+00:00,15.0,-51.40877706799995,-22.119936734999953,
Presidente Prudente,MP10,2026-09-12 12:00:00+00:00,15.0,-51.40877706799995,-22.119936734999953,
Presidente Prudente,MP10,2026-09-12 13:00:00+00:00,14.0,-51.40877706799995,-22.119936734999953,
Presidente Prudente,MP10,2026-09-12 14:00:00+00:00,13.0,-51.40877706799995,-22.119936734999953,
Presidente Prudente,MP10,2026-09-12 15:00:00+00:00,13.0,-51.40877706799995,-22.119936734999953,
Presidente Prudente,MP10,2026-09-12 16:00:00+00:00,12.0,-51.40877706799995,-22.119936734999953,
Presidente Prudente,MP10,2026-09-12 17:00:00+00:00,11.0,-51.40877706799995,-22.119936734999953,
Presidente Prudente,MP10,2026-09-12 18:00:00+00:00,11.0,-51.40877706799995,-22.119936734999953,
Presidente Prudente,MP10,2026-09-12 19:00:00+00:00,10.0,-51.40877706799995,-22.119936734999953,
Presidente Prudente,MP10,2026-09-12 20:00:00+00:00,10.0,-51.40877706799995,-22.119936734999953,
Presidente Prudente,MP10,2026-09-12 21:00:00+00:00,9.0,-51.40877706799995,-22.119936734999953,
Presidente Prudente,MP10,2026-09-12 22:00:00+00:00,9.0,-51.40877706799995,-22.119936734999953,
Presidente Prudente,MP10,2026-09-12 23:00:00+00:00,8.0,-51.40877706799995,-22.119936734999953,
Presidente Prudente,MP10,2026-09-13 00:00:00+00:00,7.0,-51.40877706799995,-22.119936734999953,
Presidente Prudente,MP10,2026-09-13 01:00:00+00:00,6.0,-51.40877706799995,-22.119936734999953,
Presidente Prudente,MP10,2026-09-13 02:00:00+00:00,7.0,-51.40877706799995,-22.119936734999953,
Presidente Prudente,MP10,2026-09-13 03:00:00+00:00,7.0,-51.40877706799995,-22.119936734999953,
Presidente Prudente,MP10,2026-09-13 04:00:00+00:00,7.0,-51.40877706799995,-22.119936734999953,
Presidente Prudente,MP10,2026-09-13 05:00:00+00:00,7.0,-51.40877706799995,-22.119936734999953,
Presidente Prudente,MP10,2026-09-13 06:00:00+00:00,7.0,-51.40877706799995,-22.119936734999953,
Presidente Prudente,MP10,2026-09-13 07:00:00+00:00,7.0,-51.40877706799995,-22.119936734999953,
Presidente Prudente,MP10,2026-09-13 08:00:00+00:00,7.0,-51.40877706799995,-22.119936734999953,
Presidente Prudente,MP10,2026-09-13 09:00:00+00:00,7.0,-51.40877706799995,-22.119936734999953,
Presidente Prudente,MP10,2026-09-13 10:00:00+00:00,7.0,-51.40877706799995,-22.119936734999953,
Presidente Prudente,MP10,2026-09-13 11:00:00+00:00,7.0,-51.40877706799995,-22.119936734999953,
Presidente Prudente,MP10,2026-09-13 12:00:00+00:00,7.0,-51.40877706799995,-22.119936734999953,
Presidente Prudente,MP10,2026-09-13 13:00:00+00:00,8.0,-51.40877706799995,-22.119936734999953,
Presidente Prudente,MP10,2026-09-13 14:00:00+00:00,8.0,-51.40877706799995,-22.119936734999953,
Presidente Prudente,MP10,2026-09-13 15:00:00+00:00,8.0,-51.40877706799995,-22.119936734999953,
Presidente Prudente,MP10,2026-09-13 16:00:00+00:00,7.0,-51.40877706799995,-22.119936734999953,
Presidente Prudente,MP10,2026-09-13 17:00:00+00:00,7.0,-51.40877706799995,-22.119936734999953,
Presidente Prudente,MP10,2026-09-13 18:00:00+00:00,7.0,-51.40877706799995,-22.119936734999953,
Ribeirão Preto,MP10,2026-09-11 19:00:00+00:00,17.0,-47.819133706999935,-21.17715377899998,
Ribeirão Preto,MP10,2026-09-11 20:00:00+00:00,18.0,-47.819133706999935,-21.17715377899998,
Ribeirão Preto,MP10,2026-09-11 21:00:00+00:00,19.0,-47.819133706999935,-21.17715377899998,
Ribeirão Preto,MP10,2026-09-11 22:00:00+00:00,21.0,-47.819133706999935,-21.17715377899998,
Ribeirão Preto,MP10,2026-09-11 23:00:00+00:00,23.0,-47.819133706999935,-21.17715377899998,
Ribeirão Preto,MP10,2026-09-12 00:00:00+00:00,24.0,-47.819133706999935,-21.17715377899998,
Ribeirão Preto,MP10,2026-09-12 01:00:00+00:00,25.0,-47.819133706999935,-21.17715377899998,
Ribeirão Preto,MP10,2026-09-12 02:00:00+00:00,26.0,-47.819133706999935,-21.17715377899998,
Ribeirão Preto,MP10,2026-09-12 03:00:00+00:00,26.0,-47.819133706999935,-21.17715377899998,
Ribeirão Preto,MP10,2026-09-12 04:00:00+00:00,27.0,-47.819133706999935,-21.17715377899998,
Ribeirão Preto,MP10,2026-09-12 05:00:00+00:00,29.0,-47.819133706999935,-21.17715377899998,
Ribeirão Preto,MP10,2026-09-12 06:00:00+00:00,30.0,-47.819133706999935,-21.17715377899998,
Ribeirão Preto,MP10,2026-09-12 07:00:00+00:00,31.0,-47.819133706999935,-21.17715377899998,
Ribeirão Preto,MP10,2026-09-12 08:00:00+00:00,30.0,-47.819133706999935,-21.17715377899998,
Ribeirão Preto,MP10,2026-09-12 09:00:00+00:00,30.0,-47.819133706999935,-21.17715377899998,
Ribeirão Preto,MP10,2026-09-12 10:00:00+00:00,26.0,-47.819133706999935,-21.17715377899998,
Ribeirão Preto,MP10,2026-09-12 11:00:00+00:00,26.0,-47.819133706999935,-21.17715377899998,
Ribeirão Preto,MP10,2026-09-12 12:00:00+00:00,27.0,-47.819133706999935,-21.17715377899998,
Ribeirão Preto,MP10,2026-09-12 13:00:00+00:00,27.0,-47.819133706999935,-21.17715377899998,
Ribeirão Preto,MP10,2026-09-12 14:00:00+00:00,26.0,-47.819133706999935,-21.17715377899998,
Ribeirão Preto,MP10,2026-09-12 15:00:00+00:00,26.0,-47.819133706999935,-21.17715377899998,
Ribeirão Preto,MP10,2026-09-12 16:00:00+00:00,25.0,-47.819133706999935,-21.17715377899998,
Ribeirão Preto,MP10,2026-09-12 17:00:00+00:00,24.0,-47.819133706999935,-21.17715377899998,
Ribeirão Preto,MP10,2026-09-12 18:00:00+00:00,24.0,-47.819133706999935,-21.17715377899998,
Ribeirão Preto,MP10,2026-09-12 19:00:00+00:00,24.0,-47.819133706999935,-21.17715377899998,
Ribeirão Preto,MP10,2026-09-12 20:00:00+00:00,23.0,-47.819133706999935,-21.17715377899998,
Ribeirão Preto,MP10,2026-09-12 21:00:00+00:00,22.0,-47.819133706999935,-21.17715377899998,
Ribeirão Preto,MP10,2026-09-12 22:00:00+00:00,20.0,-47.819133706999935,-21.17715377899998,
Ribeirão Preto,MP10,2026-09-12 23:00:00+00:00,19.0,-47.819133706999935,-21.17715377899998,
Ribeirão Preto,MP10,2026-09-13 00:00:00+00:00,18.0,-47.819133706999935,-21.17715377899998,
Ribeirão Preto,MP10,2026-09-13 01:00:00+00:00,18.0,-47.819133706999935,-21.17715377899998,
Ribeirão Preto,MP10,2026-09-13 02:00:00+00:00,17.0,-47.819133706999935,-21.17715377899998,
Ribeirão Preto,MP10,2026-09-13 03:00:00+00:00,17.0,-47.819133706999935,-21.17715377899998,
Ribeirão Preto,MP10,2026-09-13 04:00:00+00:00,16.0,-47.819133706999935,-21.17715377899998,
Ribeirão Preto,MP10,2026-09-13 05:00:00+00:00,15.0,-47.819133706999935,-21.17715377899998,
Ribeirão Preto,MP10,2026-09-13 06:00:00+00:00,14.0,-47.819133706999935,-21.17715377899998,
Ribeirão Preto,MP10,2026-09-13 07:00:00+00:00,13.0,-47.819133706999935,-21.17715377899998,
Ribeirão Preto,MP10,2026-09-13 08:00:00+00:00,13.0,-47.819133706999935,-21.17715377899998,
Ribeirão Preto,MP10,2026-09-13 09:00:00+00:00,13.0,-47.819133706999935,-21.17715377899998,
Ribeirão Preto,MP10,2026-09-13 10:00:00+00:00,13.0,-47.819133706999935,-21.17715377899998,
Ribeirão Preto,MP10,2026-09-13 11:00:00+00:00,14.0,-47.819133706999935,-21.17715377899998,
Ribeirão Preto,MP10,2026-09-13 12:00:00+00:00,14.0,-47.819133706999935,-21.17715377899998,
Ribeirão Preto,MP10,2026-09-13 13:00:00+00:00,15.0,-47.819133706999935,-21.17715377899998,
Ribeirão Preto,MP10,2026-09-13 14:00:00+00:00,14.0,-47.819133706999935,-21.17715377899998,
Ribeirão Preto,MP10,2026-09-13 15:00:00+00:00,14.0,-47.819133706999935,-21.17715377899998,
Ribeirão Preto,MP10,2026-09-13 16:00:00+00:00,15.0,-47.819133706999935,-21.17715377899998,
Ribeirão Preto,MP10,2026-09-13 17:00:00+00:00,15.0,-47.819133706999935,-21.17715377899998,
Ribeirão Preto,MP10,2026-09-13 18:00:00+00:00,16.0,-47.819133706999935,-21.17715377899998,
Rio Claro-Jd.Guanabara,MP10,2026-09-11 19:00:00+00:00,13.0,-47.581444519999934,-22.439062304999936,
Rio Claro-Jd.Guanabara,MP10,2026-09-11 20:00:00+00:00,14.0,-47.581444519999934,-22.439062304999936,
Rio Claro-Jd.Guanabara,MP10,2026-09-11 21:00:00+00:00,14.0,-47.581444519999934,-22.439062304999936,
Rio Claro-Jd.Guanabara,MP10,2026-09-11 22:00:00+00:00,15.0,-47.581444519999934,-22.439062304999936,
Rio Claro-Jd.Guanabara,MP10,2026-09-11 23:00:00+00:00,15.0,-47.581444519999934,-22.439062304999936,
Rio Claro-Jd.Guanabara,MP10,2026-09-12 00:00:00+00:00,15.0,-47.581444519999934,-22.439062304999936,
Rio Claro-Jd.Guanabara,MP10,2026-09-12 01:00:00+00:00,15.0,-47.581444519999934,-22.439062304999936,
Rio Claro-Jd.Guanabara,MP10,2026-09-12 02:00:00+00:00,15.0,-47.581444519999934,-22.439062304999936,
Rio Claro-Jd.Guanabara,MP10,2026-09-12 03:00:00+00:00,16.0,-47.581444519999934,-22.439062304999936,
Rio Claro-Jd.Guanabara,MP10,2026-09-12 04:00:00+00:00,17.0,-47.581444519999934,-22.439062304999936,
Rio Claro-Jd.Guanabara,MP10,2026-09-12 05:00:00+00:00,17.0,-47.581444519999934,-22.439062304999936,
Rio Claro-Jd.Guanabara,MP10,2026-09-12 06:00:00+00:00,17.0,-47.581444519999934,-22.439062304999936,
Rio Claro-Jd.Guanabara,MP10,2026-09-12 07:00:00+00:00,17.0,-47.581444519999934,-22.439062304999936,
Rio Claro-Jd.Guanabara,MP10,2026-09-12 08:00:00+00:00,17.0,-47.581444519999934,-22.439062304999936,
Rio Claro-Jd.Guanabara,MP10,2026-09-12 09:00:00+00:00,17.0,-47.581444519999934,-22.439062304999936,
Rio Claro-Jd.Guanabara,MP10,2026-09-12 10:00:00+00:00,17.0,-47.581444519999934,-22.439062304999936,
Rio Claro-Jd.Guanabara,MP10,2026-09-12 11:00:00+00:00,17.0,-47.581444519999934,-22.439062304999936,
Rio Claro-Jd.Guanabara,MP10,2026-09-12 12:00:00+00:00,17.0,-47.581444519999934,-22.439062304999936,
Rio Claro-Jd.Guanabara,MP10,2026-09-12 13:00:00+00:00,16.0,-47.581444519999934,-22.439062304999936,
Rio Claro-Jd.Guanabara,MP10,2026-09-12 14:00:00+00:00,16.0,-47.581444519999934,-22.439062304999936,
Rio Claro-Jd.Guanabara,MP10,2026-09-12 15:00:00+00:00,16.0,-47.581444519999934,-22.439062304999936,
Rio Claro-Jd.Guanabara,MP10,2026-09-12 16:00:00+00:00,16.0,-47.581444519999934,-22.439062304999936,
Rio Claro-Jd.Guanabara,MP10,2026-09-12 17:00:00+00:00,16.0,-47.581444519999934,-22.439062304999936,
Rio Claro-Jd.Guanabara,MP10,2026-09-12 18:00:00+00:00,17.0,-47.581444519999934,-22.439062304999936,
Rio Claro-Jd.Guanabara,MP10,2026-09-12 19:00:00+00:00,17.0,-47.581444519999934,-22.439062304999936,
Rio Claro-Jd.Guanabara,MP10,2026-09-12 20:00:00+00:00,16.0,-47.581444519999934,-22.439062304999936,
Rio Claro-Jd.Guanabara,MP10,2026-09-12 21:00:00+00:00,16.0,-47.581444519999934,-22.439062304999936,
Rio Claro-Jd.Guanabara,MP10,2026-09-12 22:00:00+00:00,15.0,-47.581444519999934,-22.439062304999936,
Rio Claro-Jd.Guanabara,MP10,2026-09-12 23:00:00+00:00,15.0,-47.581444519999934,-22.439062304999936,
Rio Claro-Jd.Guanabara,MP10,2026-09-13 00:00:00+00:00,14.0,-47.581444519999934,-22.439062304999936,
Rio Claro-Jd.Guanabara,MP10,2026-09-13 01:00:00+00:00,14.0,-47.581444519999934,-22.439062304999936,
Rio Claro-Jd.Guanabara,MP10,2026-09-13 02:00:00+00:00,14.0,-47.581444519999934,-22.439062304999936,
Rio Claro-Jd.Guanabara,MP10,2026-09-13 03:00:00+00:00,13.0,-47.581444519999934,-22.439062304999936,
Rio Claro-Jd.Guanabara,MP10,2026-09-13 04:00:00+00:00,12.0,-47.581444519999934,-22.439062304999936,
Rio Claro-Jd.Guanabara,MP10,2026-09-13 05:00:00+00:00,13.0,-47.581444519999934,-22.439062304999936,
Rio Claro-Jd.Guanabara,MP10,2026-09-13 06:00:00+00:00,13.0,-47.581444519999934,-22.439062304999936,
Rio Claro-Jd.Guanabara,MP10,2026-09-13 07:00:00+00:00,14.0,-47.581444519999934,-22.439062304999936,
Rio Claro-Jd.Guanabara,MP10,2026-09-13 08:00:00+00:00,14.0,-47.581444519999934,-22.439062304999936,
Rio Claro-Jd.Guanabara,MP10,2026-09-13 09:00:00+00:00,14.0,-47.581444519999934,-22.439062304999936,
Rio Claro-Jd.Guanabara,MP10,2026-09-13 10:00:00+00:00,14.0,-47.581444519999934,-22.439062304999936,
Rio Claro-Jd.Guanabara,MP10,2026-09-13 11:00:00+00:00,15.0,-47.581444519999934,-22.439062304999936,
Rio Claro-Jd.Guanabara,MP10,2026-09-13 12:00:00+00:00,15.0,-47.581444519999934,-22.439062304999936,
Rio Claro-Jd.Guanabara,MP10,2026-09-13 13:00:00+00:00,15.0,-47.581444519999934,-22.439062304999936,
Rio Claro-Jd.Guanabara,MP10,2026-09-13 14:00:00+00:00,15.0,-47.581444519999934,-22.439062304999936,
Rio Claro-Jd.Guanabara,MP10,2026-09-13 15:00:00+00:00,15.0,-47.581444519999934,-22.439062304999936,
Rio Claro-Jd.Guanabara,MP10,2026-09-13 16:00:00+00:00,15.0,-47.581444519999934,-22.439062304999936,
Rio Claro-Jd.Guanabara,MP10,2026-09-13 17:00:00+00:00,15.0,-47.581444519999934,-22.439062304999936,
Rio Claro-Jd.Guanabara,MP10,2026-09-13 18:00:00+00:00,12.0,-47.581444519999934,-22.439062304999936,
S.André-Capuava,MP10,2026-09-11 19:00:00+00:00,10.0,-46.49163676599994,-23.63980369899997,
S.André-Capuava,MP10,2026-09-11 20:00:00+00:00,10.0,-46.49163676599994,-23.63980369899997,
S.André-Capuava,MP10,2026-09-11 21:00:00+00:00,10.0,-46.49163676599994,-23.63980369899997,
S.André-Capuava,MP10,2026-09-11 22:00:00+00:00,11.0,-46.49163676599994,-23.63980369899997,
S.André-Capuava,MP10,2026-09-11 23:00:00+00:00,11.0,-46.49163676599994,-23.63980369899997,
S.André-Capuava,MP10,2026-09-12 00:00:00+00:00,11.0,-46.49163676599994,-23.63980369899997,
S.André-Capuava,MP10,2026-09-12 01:00:00+00:00,12.0,-46.49163676599994,-23.63980369899997,
S.André-Capuava,MP10,2026-09-12 02:00:00+00:00,11.0,-46.49163676599994,-23.63980369899997,
S.André-Capuava,MP10,2026-09-12 03:00:00+00:00,11.0,-46.49163676599994,-23.63980369899997,
S.André-Capuava,MP10,2026-09-12 04:00:00+00:00,11.0,-46.49163676599994,-23.63980369899997,
S.André-Capuava,MP10,2026-09-12 05:00:00+00:00,11.0,-46.49163676599994,-23.63980369899997,
S.André-Capuava,MP10,2026-09-12 06:00:00+00:00,11.0,-46.49163676599994,-23.63980369899997,
S.André-Capuava,MP10,2026-09-12 07:00:00+00:00,11.0,-46.49163676599994,-23.63980369899997,
S.André-Capuava,MP10,2026-09-12 08:00:00+00:00,11.0,-46.49163676599994,-23.63980369899997,
S.André-Capuava,MP10,2026-09-12 09:00:00+00:00,11.0,-46.49163676599994,-23.63980369899997,
S.André-Capuava,MP10,2026-09-12 10:00:00+00:00,11.0,-46.49163676599994,-23.63980369899997,
S.André-Capuava,MP10,2026-09-12 11:00:00+00:00,11.0,-46.49163676599994,-23.63980369899997,
S.André-Capuava,MP10,2026-09-12 12:00:00+00:00,11.0,-46.49163676599994,-23.63980369899997,
S.André-Capuava,MP10,2026-09-12 13:00:00+00:00,11.0,-46.49163676599994,-23.63980369899997,
S.André-Capuava,MP10,2026-09-12 14:00:00+00:00,11.0,-46.49163676599994,-23.63980369899997,
S.André-Capuava,MP10,2026-09-12 15:00:00+00:00,11.0,-46.49163676599994,-23.63980369899997,
S.André-Capuava,MP10,2026-09-12 16:00:00+00:00,11.0,-46.49163676599994,-23.63980369899997,
S.André-Capuava,MP10,2026-09-12 17:00:00+00:00,11.0,-46.49163676599994,-23.63980369899997,
S.André-Capuava,MP10,2026-09-12 18:00:00+00:00,11.0,-46.49163676599994,-23.63980369899997,
S.André-Capuava,MP10,2026-09-12 19:00:00+00:00,11.0,-46.49163676599994,-23.63980369899997,
S.André-Capuava,MP10,2026-09-12 20:00:00+00:00,10.0,-46.49163676599994,-23.63980369899997,
S.André-Capuava,MP10,2026-09-12 21:00:00+00:00,10.0,-46.49163676599994,-23.63980369899997,
S.André-Capuava,MP10,2026-09-12 22:00:00+00:00,9.0,-46.49163676599994,-23.63980369899997,
S.André-Capuava,MP10,2026-09-12 23:00:00+00:00,8.0,-46.49163676599994,-23.63980369899997,
S.André-Capuava,MP10,2026-09-13 00:00:00+00:00,8.0,-46.49163676599994,-23.63980369899997,
S.André-Capuava,MP10,2026-09-13 01:00:00+00:00,8.0,-46.49163676599994,-23.63980369899997,
S.André-Capuava,MP10,2026-09-13 02:00:00+00:00,7.0,-46.49163676599994,-23.63980369899997,
S.André-Capuava,MP10,2026-09-13 03:00:00+00:00,7.0,-46.49163676599994,-23.63980369899997,
S.André-Capuava,MP10,2026-09-13 04:00:00+00:00,8.0,-46.49163676599994,-23.63980369899997,
S.André-Capuava,MP10,2026-09-13 05:00:00+00:00,8.0,-46.49163676599994,-23.63980369899997,
S.André-Capuava,MP10,2026-09-13 06:00:00+00:00,8.0,-46.49163676599994,-23.63980369899997,
S.André-Capuava,MP10,2026-09-13 07:00:00+00:00,8.0,-46.49163676599994,-23.63980369899997,
S.André-Capuava,MP10,2026-09-13 08:00:00+00:00,8.0,-46.49163676599994,-23.63980369899997,
S.André-Capuava,MP10,2026-09-13 09:00:00+00:00,8.0,-46.49163676599994,-23.63980369899997,
S.André-Capuava,MP10,2026-09-13 10:00:00+00:00,8.0,-46.49163676599994,-23.63980369899997,
S.André-Capuava,MP10,2026-09-13 11:00:00+00:00,8.0,-46.49163676599994,-23.63980369899997,
S.André-Capuava,MP10,2026-09-13 12:00:00+00:00,7.0,-46.49163676599994,-23.63980369899997,
S.André-Capuava,MP10,2026-09-13 13:00:00+00:00,7.0,-46.49163676599994,-23.63980369899997,
S.André-Capuava,MP10,2026-09-13 14:00:00+00:00,7.0,-46.49163676599994,-23.63980369899997,
S.André-Capuava,MP10,2026-09-13 15:00:00+00:00,7.0,-46.49163676599994,-23.63980369899997,
S.André-Capuava,MP10,2026-09-13 16:00:00+00:00,7.0,-46.49163676599994,-23.63980369899997,
S.André-Capuava,MP10,2026-09-13 17:00:00+00:00,6.0,-46.49163676599994,-23.63980369899997,
S.André-Capuava,MP10,2026-09-13 18:00:00+00:00,6.0,-46.49163676599994,-23.63980369899997,
S.José Campos,MP10,2026-09-11 19:00:00+00:00,11.0,-45.871197622999944,-23.187887329999967,
S.José Campos,MP10,2026-09-11 20:00:00+00:00,11.0,-45.871197622999944,-23.187887329999967,
S.José Campos,MP10,2026-09-11 21:00:00+00:00,11.0,-45.871197622999944,-23.187887329999967,
S.José Campos,MP10,2026-09-11 22:00:00+00:00,12.0,-45.871197622999944,-23.187887329999967,
S.José Campos,MP10,2026-09-11 23:00:00+00:00,12.0,-45.871197622999944,-23.187887329999967,
S.José Campos,MP10,2026-09-12 00:00:00+00:00,13.0,-45.871197622999944,-23.187887329999967,
S.José Campos,MP10,2026-09-12 01:00:00+00:00,13.0,-45.871197622999944,-23.187887329999967,
S.José Campos,MP10,2026-09-12 02:00:00+00:00,14.0,-45.871197622999944,-23.187887329999967,
S.José Campos,MP10,2026-09-12 03:00:00+00:00,13.0,-45.871197622999944,-23.187887329999967,
S.José Campos,MP10,2026-09-12 04:00:00+00:00,13.0,-45.871197622999944,-23.187887329999967,
S.José Campos,MP10,2026-09-12 05:00:00+00:00,13.0,-45.871197622999944,-23.187887329999967,
S.José Campos,MP10,2026-09-12 06:00:00+00:00,13.0,-45.871197622999944,-23.187887329999967,
S.José Campos,MP10,2026-09-12 07:00:00+00:00,13.0,-45.871197622999944,-23.187887329999967,
S.José Campos,MP10,2026-09-12 08:00:00+00:00,12.0,-45.871197622999944,-23.187887329999967,
S.José Campos,MP10,2026-09-12 09:00:00+00:00,12.0,-45.871197622999944,-23.187887329999967,
S.José Campos,MP10,2026-09-12 10:00:00+00:00,12.0,-45.871197622999944,-23.187887329999967,
S.José Campos,MP10,2026-09-12 11:00:00+00:00,12.0,-45.871197622999944,-23.187887329999967,
S.José Campos,MP10,2026-09-12 12:00:00+00:00,12.0,-45.871197622999944,-23.187887329999967,
S.José Campos,MP10,2026-09-12 13:00:00+00:00,12.0,-45.871197622999944,-23.187887329999967,
S.José Campos,MP10,2026-09-12 14:00:00+00:00,13.0,-45.871197622999944,-23.187887329999967,
S.José Campos,MP10,2026-09-12 15:00:00+00:00,13.0,-45.871197622999944,-23.187887329999967,
S.José Campos,MP10,2026-09-12 16:00:00+00:00,13.0,-45.871197622999944,-23.187887329999967,
S.José Campos,MP10,2026-09-12 17:00:00+00:00,13.0,-45.871197622999944,-23.187887329999967,
S.José Campos,MP10,2026-09-12 18:00:00+00:00,12.0,-45.871197622999944,-23.187887329999967,
S.José Campos,MP10,2026-09-12 19:00:00+00:00,12.0,-45.871197622999944,-23.187887329999967,
S.José Campos,MP10,2026-09-12 20:00:00+00:00,13.0,-45.871197622999944,-23.187887329999967,
S.José Campos,MP10,2026-09-12 21:00:00+00:00,13.0,-45.871197622999944,-23.187887329999967,
S.José Campos,MP10,2026-09-12 22:00:00+00:00,12.0,-45.871197622999944,-23.187887329999967,
S.José Campos,MP10,2026-09-12 23:00:00+00:00,11.0,-45.871197622999944,-23.187887329999967,
S.José Campos,MP10,2026-09-13 00:00:00+00:00,11.0,-45.871197622999944,-23.187887329999967,
S.José Campos,MP10,2026-09-13 01:00:00+00:00,11.0,-45.871197622999944,-23.187887329999967,
S.José Campos,MP10,2026-09-13 02:00:00+00:00,10.0,-45.871197622999944,-23.187887329999967,
S.José Campos,MP10,2026-09-13 03:00:00+00:00,11.0,-45.871197622999944,-23.187887329999967,
S.José Campos,MP10,2026-09-13 04:00:00+00:00,10.0,-45.871197622999944,-23.187887329999967,
S.José Campos,MP10,2026-09-13 05:00:00+00:00,11.0,-45.871197622999944,-23.187887329999967,
S.José Campos,MP10,2026-09-13 06:00:00+00:00,11.0,-45.871197622999944,-23.187887329999967,
S.José Campos,MP10,2026-09-13 07:00:00+00:00,11.0,-45.871197622999944,-23.187887329999967,
S.José Campos,MP10,2026-09-13 08:00:00+00:00,11.0,-45.871197622999944,-23.187887329999967,
S.José Campos,MP10,2026-09-13 09:00:00+00:00,11.0,-45.871197622999944,-23.187887329999967,
S.José Campos,MP10,2026-09-13 10:00:00+00:00,11.0,-45.871197622999944,-23.187887329999967,
S.José Campos,MP10,2026-09-13 11:00:00+00:00,11.0,-45.871197622999944,-23.187887329999967,
S.José Campos,MP10,2026-09-13 12:00:00+00:00,11.0,-45.871197622999944,-23.187887329999967,
S.José Campos,MP10,2026-09-13 13:00:00+00:00,11.0,-45.871197622999944,-23.187887329999967,
S.José Campos,MP10,2026-09-13 14:00:00+00:00,11.0,-45.871197622999944,-23.187887329999967,
S.José Campos,MP10,2026-09-13 15:00:00+00:00,11.0,-45.871197622999944,-23.187887329999967,
S.José Campos,MP10,2026-09-13 16:00:00+00:00,11.0,-45.871197622999944,-23.187887329999967,
S.José Campos,MP10,2026-09-13 17:00:00+00:00,11.0,-45.871197622999944,-23.187887329999967,
S.José Campos,MP10,2026-09-13 18:00:00+00:00,11.0,-45.871197622999944,-23.187887329999967,
S.José Campos-Jd.Satelite,MP10,2026-09-11 19:00:00+00:00,10.0,-45.89079999599994,-23.223645481999938,
S.José Campos-Jd.Satelite,MP10,2026-09-11 20:00:00+00:00,10.0,-45.89079999599994,-23.223645481999938,
S.José Campos-Jd.Satelite,MP10,2026-09-11 21:00:00+00:00,10.0,-45.89079999599994,-23.223645481999938,
S.José Campos-Jd.Satelite,MP10,2026-09-11 22:00:00+00:00,10.0,-45.89079999599994,-23.223645481999938,
S.José Campos-Jd.Satelite,MP10,2026-09-11 23:00:00+00:00,11.0,-45.89079999599994,-23.223645481999938,
S.José Campos-Jd.Satelite,MP10,2026-09-12 00:00:00+00:00,11.0,-45.89079999599994,-23.223645481999938,
S.José Campos-Jd.Satelite,MP10,2026-09-12 01:00:00+00:00,11.0,-45.89079999599994,-23.223645481999938,
S.José Campos-Jd.Satelite,MP10,2026-09-12 02:00:00+00:00,11.0,-45.89079999599994,-23.223645481999938,
S.José Campos-Jd.Satelite,MP10,2026-09-12 03:00:00+00:00,11.0,-45.89079999599994,-23.223645481999938,
S.José Campos-Jd.Satelite,MP10,2026-09-12 04:00:00+00:00,11.0,-45.89079999599994,-23.223645481999938,
S.José Campos-Jd.Satelite,MP10,2026-09-12 05:00:00+00:00,11.0,-45.89079999599994,-23.223645481999938,
S.José Campos-Jd.Satelite,MP10,2026-09-12 06:00:00+00:00,11.0,-45.89079999599994,-23.223645481999938,
S.José Campos-Jd.Satelite,MP10,2026-09-12 07:00:00+00:00,11.0,-45.89079999599994,-23.223645481999938,
S.José Campos-Jd.Satelite,MP10,2026-09-12 08:00:00+00:00,11.0,-45.89079999599994,-23.223645481999938,
S.José Campos-Jd.Satelite,MP10,2026-09-12 09:00:00+00:00,11.0,-45.89079999599994,-23.223645481999938,
S.José Campos-Jd.Satelite,MP10,2026-09-12 10:00:00+00:00,10.0,-45.89079999599994,-23.223645481999938,
S.José Campos-Jd.Satelite,MP10,2026-09-12 11:00:00+00:00,10.0,-45.89079999599994,-23.223645481999938,
S.José Campos-Jd.Satelite,MP10,2026-09-12 12:00:00+00:00,10.0,-45.89079999599994,-23.223645481999938,
S.José Campos-Jd.Satelite,MP10,2026-09-12 13:00:00+00:00,10.0,-45.89079999599994,-23.223645481999938,
S.José Campos-Jd.Satelite,MP10,2026-09-12 14:00:00+00:00,10.0,-45.89079999599994,-23.223645481999938,
S.José Campos-Jd.Satelite,MP10,2026-09-12 15:00:00+00:00,10.0,-45.89079999599994,-23.223645481999938,
S.José Campos-Jd.Satelite,MP10,2026-09-12 16:00:00+00:00,10.0,-45.89079999599994,-23.223645481999938,
S.José Campos-Jd.Satelite,MP10,2026-09-12 17:00:00+00:00,9.0,-45.89079999599994,-23.223645481999938,
S.José Campos-Jd.Satelite,MP10,2026-09-12 18:00:00+00:00,9.0,-45.89079999599994,-23.223645481999938,
S.José Campos-Jd.Satelite,MP10,2026-09-12 19:00:00+00:00,8.0,-45.89079999599994,-23.223645481999938,
S.José Campos-Jd.Satelite,MP10,2026-09-12 20:00:00+00:00,8.0,-45.89079999599994,-23.223645481999938,
S.José Campos-Jd.Satelite,MP10,2026-09-12 21:00:00+00:00,8.0,-45.89079999599994,-23.223645481999938,
S.José Campos-Jd.Satelite,MP10,2026-09-12 22:00:00+00:00,9.0,-45.89079999599994,-23.223645481999938,
S.José Campos-Jd.Satelite,MP10,2026-09-12 23:00:00+00:00,7.0,-45.89079999599994,-23.223645481999938,
S.José Campos-Jd.Satelite,MP10,2026-09-13 00:00:00+00:00,6.0,-45.89079999599994,-23.223645481999938,
S.José Campos-Jd.Satelite,MP10,2026-09-13 01:00:00+00:00,5.0,-45.89079999599994,-23.223645481999938,
S.José Campos-Jd.Satelite,MP10,2026-09-13 02:00:00+00:00,5.0,-45.89079999599994,-23.223645481999938,
S.José Campos-Jd.Satelite,MP10,2026-09-13 03:00:00+00:00,5.0,-45.89079999599994,-23.223645481999938,
S.José Campos-Jd.Satelite,MP10,2026-09-13 04:00:00+00:00,5.0,-45.89079999599994,-23.223645481999938,
S.José Campos-Jd.Satelite,MP10,2026-09-13 05:00:00+00:00,6.0,-45.89079999599994,-23.223645481999938,
S.José Campos-Jd.Satelite,MP10,2026-09-13 06:00:00+00:00,6.0,-45.89079999599994,-23.223645481999938,
S.José Campos-Jd.Satelite,MP10,2026-09-13 07:00:00+00:00,6.0,-45.89079999599994,-23.223645481999938,
S.José Campos-Jd.Satelite,MP10,2026-09-13 08:00:00+00:00,6.0,-45.89079999599994,-23.223645481999938,
S.José Campos-Jd.Satelite,MP10,2026-09-13 09:00:00+00:00,6.0,-45.89079999599994,-23.223645481999938,
S.José Campos-Jd.Satelite,MP10,2026-09-13 10:00:00+00:00,6.0,-45.89079999599994,-23.223645481999938,
S.José Campos-Jd.Satelite,MP10,2026-09-13 11:00:00+00:00,6.0,-45.89079999599994,-23.223645481999938,
S.José Campos-Jd.Satelite,MP10,2026-09-13 12:00:00+00:00,6.0,-45.89079999599994,-23.223645481999938,
S.José Campos-Jd.Satelite,MP10,2026-09-13 13:00:00+00:00,6.0,-45.89079999599994,-23.223645481999938,
S.José Campos-Jd.Satelite,MP10,2026-09-13 14:00:00+00:00,6.0,-45.89079999599994,-23.223645481999938,
S.José Campos-Jd.Satelite,MP10,2026-09-13 15:00:00+00:00,5.0,-45.89079999599994,-23.223645481999938,
S.José Campos-Jd.Satelite,MP10,2026-09-13 16:00:00+00:00,5.0,-45.89079999599994,-23.223645481999938,
S.José Campos-Jd.Satelite,MP10,2026-09-13 17:00:00+00:00,5.0,-45.89079999599994,-23.223645481999938,
S.José Campos-Jd.Satelite,MP10,2026-09-13 18:00:00+00:00,5.0,-45.89079999599994,-23.223645481999938,
Santa Gertrudes,MP10,2026-09-11 19:00:00+00:00,16.0,-47.53629833999997,-22.459955268999977,
Santa Gertrudes,MP10,2026-09-11 20:00:00+00:00,16.0,-47.53629833999997,-22.459955268999977,
Santa Gertrudes,MP10,2026-09-11 21:00:00+00:00,17.0,-47.53629833999997,-22.459955268999977,
Santa Gertrudes,MP10,2026-09-11 22:00:00+00:00,18.0,-47.53629833999997,-22.459955268999977,
Santa Gertrudes,MP10,2026-09-11 23:00:00+00:00,18.0,-47.53629833999997,-22.459955268999977,
Santa Gertrudes,MP10,2026-09-12 00:00:00+00:00,19.0,-47.53629833999997,-22.459955268999977,
Santa Gertrudes,MP10,2026-09-12 01:00:00+00:00,19.0,-47.53629833999997,-22.459955268999977,
Santa Gertrudes,MP10,2026-09-12 02:00:00+00:00,20.0,-47.53629833999997,-22.459955268999977,
Santa Gertrudes,MP10,2026-09-12 03:00:00+00:00,20.0,-47.53629833999997,-22.459955268999977,
Santa Gertrudes,MP10,2026-09-12 04:00:00+00:00,21.0,-47.53629833999997,-22.459955268999977,
Santa Gertrudes,MP10,2026-09-12 05:00:00+00:00,22.0,-47.53629833999997,-22.459955268999977,
Santa Gertrudes,MP10,2026-09-12 06:00:00+00:00,22.0,-47.53629833999997,-22.459955268999977,
Santa Gertrudes,MP10,2026-09-12 07:00:00+00:00,22.0,-47.53629833999997,-22.459955268999977,
Santa Gertrudes,MP10,2026-09-12 08:00:00+00:00,24.0,-47.53629833999997,-22.459955268999977,
Santa Gertrudes,MP10,2026-09-12 09:00:00+00:00,24.0,-47.53629833999997,-22.459955268999977,
Santa Gertrudes,MP10,2026-09-12 10:00:00+00:00,24.0,-47.53629833999997,-22.459955268999977,
Santa Gertrudes,MP10,2026-09-12 11:00:00+00:00,24.0,-47.53629833999997,-22.459955268999977,
Santa Gertrudes,MP10,2026-09-12 12:00:00+00:00,24.0,-47.53629833999997,-22.459955268999977,
Santa Gertrudes,MP10,2026-09-12 13:00:00+00:00,23.0,-47.53629833999997,-22.459955268999977,
Santa Gertrudes,MP10,2026-09-12 14:00:00+00:00,24.0,-47.53629833999997,-22.459955268999977,
Santa Gertrudes,MP10,2026-09-12 15:00:00+00:00,24.0,-47.53629833999997,-22.459955268999977,
Santa Gertrudes,MP10,2026-09-12 16:00:00+00:00,24.0,-47.53629833999997,-22.459955268999977,
Santa Gertrudes,MP10,2026-09-12 17:00:00+00:00,23.0,-47.53629833999997,-22.459955268999977,
Santa Gertrudes,MP10,2026-09-12 18:00:00+00:00,23.0,-47.53629833999997,-22.459955268999977,
Santa Gertrudes,MP10,2026-09-12 19:00:00+00:00,23.0,-47.53629833999997,-22.459955268999977,
Santa Gertrudes,MP10,2026-09-12 20:00:00+00:00,22.0,-47.53629833999997,-22.459955268999977,
Santa Gertrudes,MP10,2026-09-12 21:00:00+00:00,22.0,-47.53629833999997,-22.459955268999977,
Santa Gertrudes,MP10,2026-09-12 22:00:00+00:00,21.0,-47.53629833999997,-22.459955268999977,
Santa Gertrudes,MP10,2026-09-12 23:00:00+00:00,20.0,-47.53629833999997,-22.459955268999977,
Santa Gertrudes,MP10,2026-09-13 00:00:00+00:00,19.0,-47.53629833999997,-22.459955268999977,
Santa Gertrudes,MP10,2026-09-13 01:00:00+00:00,18.0,-47.53629833999997,-22.459955268999977,
Santa Gertrudes,MP10,2026-09-13 02:00:00+00:00,18.0,-47.53629833999997,-22.459955268999977,
Santa Gertrudes,MP10,2026-09-13 03:00:00+00:00,17.0,-47.53629833999997,-22.459955268999977,
Santa Gertrudes,MP10,2026-09-13 04:00:00+00:00,15.0,-47.53629833999997,-22.459955268999977,
Santa Gertrudes,MP10,2026-09-13 05:00:00+00:00,,-47.53629833999997,-22.459955268999977,
Santa Gertrudes,MP10,2026-09-13 06:00:00+00:00,,-47.53629833999997,-22.459955268999977,
Santa Gertrudes,MP10,2026-09-13 07:00:00+00:00,,-47.53629833999997,-22.459955268999977,
Santa Gertrudes,MP10,2026-09-13 08:00:00+00:00,,-47.53629833999997,-22.459955268999977,
Santa Gertrudes,MP10,2026-09-13 09:00:00+00:00,,-47.53629833999997,-22.459955268999977,
Santa Gertrudes,MP10,2026-09-13 10:00:00+00:00,,-47.53629833999997,-22.459955268999977,
Santa Gertrudes,MP10,2026-09-13 11:00:00+00:00,,-47.53629833999997,-22.459955268999977,
Santa Gertrudes,MP10,2026-09-13 12:00:00+00:00,,-47.53629833999997,-22.459955268999977,
Santa Gertrudes,MP10,2026-09-13 13:00:00+00:00,,-47.53629833999997,-22.459955268999977,
Santa Gertrudes,MP10,2026-09-13 14:00:00+00:00,,-47.53629833999997,-22.459955268999977,
Santa Gertrudes,MP10,2026-09-13 15:00:00+00:00,,-47.53629833999997,-22.459955268999977,
Santa Gertrudes,MP10,2026-09-13 16:00:00+00:00,,-47.53629833999997,-22.459955268999977,
Santa Gertrudes,MP10,2026-09-13 17:00:00+00:00,,-47.53629833999997,-22.459955268999977,
Santa Gertrudes,MP10,2026-09-13 18:00:00+00:00,,-47.53629833999997,-22.459955268999977,
Santos,MP10,2026-09-11 19:00:00+00:00,12.0,-46.32103298499993,-23.963103537999928,
Santos,MP10,2026-09-11 20:00:00+00:00,12.0,-46.32103298499993,-23.963103537999928,
Santos,MP10,2026-09-11 21:00:00+00:00,13.0,-46.32103298499993,-23.963103537999928,
Santos,MP10,2026-09-11 22:00:00+00:00,13.0,-46.32103298499993,-23.963103537999928,
Santos,MP10,2026-09-11 23:00:00+00:00,13.0,-46.32103298499993,-23.963103537999928,
Santos,MP10,2026-09-12 00:00:00+00:00,13.0,-46.32103298499993,-23.963103537999928,
Santos,MP10,2026-09-12 01:00:00+00:00,13.0,-46.32103298499993,-23.963103537999928,
Santos,MP10,2026-09-12 02:00:00+00:00,13.0,-46.32103298499993,-23.963103537999928,
Santos,MP10,2026-09-12 03:00:00+00:00,13.0,-46.32103298499993,-23.963103537999928,
Santos,MP10,2026-09-12 04:00:00+00:00,13.0,-46.32103298499993,-23.963103537999928,
Santos,MP10,2026-09-12 05:00:00+00:00,13.0,-46.32103298499993,-23.963103537999928,
Santos,MP10,2026-09-12 06:00:00+00:00,12.0,-46.32103298499993,-23.963103537999928,
Santos,MP10,2026-09-12 07:00:00+00:00,12.0,-46.32103298499993,-23.963103537999928,
Santos,MP10,2026-09-12 08:00:00+00:00,12.0,-46.32103298499993,-23.963103537999928,
Santos,MP10,2026-09-12 09:00:00+00:00,11.0,-46.32103298499993,-23.963103537999928,
Santos,MP10,2026-09-12 10:00:00+00:00,11.0,-46.32103298499993,-23.963103537999928,
Santos,MP10,2026-09-12 11:00:00+00:00,11.0,-46.32103298499993,-23.963103537999928,
Santos,MP10,2026-09-12 12:00:00+00:00,11.0,-46.32103298499993,-23.963103537999928,
Santos,MP10,2026-09-12 13:00:00+00:00,11.0,-46.32103298499993,-23.963103537999928,
Santos,MP10,2026-09-12 14:00:00+00:00,11.0,-46.32103298499993,-23.963103537999928,
Santos,MP10,2026-09-12 15:00:00+00:00,11.0,-46.32103298499993,-23.963103537999928,
Santos,MP10,2026-09-12 16:00:00+00:00,11.0,-46.32103298499993,-23.963103537999928,
Santos,MP10,2026-09-12 17:00:00+00:00,11.0,-46.32103298499993,-23.963103537999928,
Santos,MP10,2026-09-12 18:00:00+00:00,10.0,-46.32103298499993,-23.963103537999928,
Santos,MP10,2026-09-12 19:00:00+00:00,10.0,-46.32103298499993,-23.963103537999928,
Santos,MP10,2026-09-12 20:00:00+00:00,10.0,-46.32103298499993,-23.963103537999928,
Santos,MP10,2026-09-12 21:00:00+00:00,10.0,-46.32103298499993,-23.963103537999928,
Santos,MP10,2026-09-12 22:00:00+00:00,9.0,-46.32103298499993,-23.963103537999928,
Santos,MP10,2026-09-12 23:00:00+00:00,9.0,-46.32103298499993,-23.963103537999928,
Santos,MP10,2026-09-13 00:00:00+00:00,8.0,-46.32103298499993,-23.963103537999928,
Santos,MP10,2026-09-13 01:00:00+00:00,8.0,-46.32103298499993,-23.963103537999928,
Santos,MP10,2026-09-13 02:00:00+00:00,8.0,-46.32103298499993,-23.963103537999928,
Santos,MP10,2026-09-13 03:00:00+00:00,8.0,-46.32103298499993,-23.963103537999928,
Santos,MP10,2026-09-13 04:00:00+00:00,8.0,-46.32103298499993,-23.963103537999928,
Santos,MP10,2026-09-13 05:00:00+00:00,8.0,-46.32103298499993,-23.963103537999928,
Santos,MP10,2026-09-13 06:00:00+00:00,8.0,-46.32103298499993,-23.963103537999928,
Santos,MP10,2026-09-13 07:00:00+00:00,8.0,-46.32103298499993,-23.963103537999928,
Santos,MP10,2026-09-13 08:00:00+00:00,8.0,-46.32103298499993,-23.963103537999928,
Santos,MP10,2026-09-13 09:00:00+00:00,8.0,-46.32103298499993,-23.963103537999928,
Santos,MP10,2026-09-13 10:00:00+00:00,7.0,-46.32103298499993,-23.963103537999928,
Santos,MP10,2026-09-13 11:00:00+00:00,7.0,-46.32103298499993,-23.963103537999928,
Santos,MP10,2026-09-13 12:00:00+00:00,7.0,-46.32103298499993,-23.963103537999928,
Santos,MP10,2026-09-13 13:00:00+00:00,6.0,-46.32103298499993,-23.963103537999928,
Santos,MP10,2026-09-13 14:00:00+00:00,6.0,-46.32103298499993,-23.963103537999928,
Santos,MP10,2026-09-13 15:00:00+00:00,6.0,-46.32103298499993,-23.963103537999928,
Santos,MP10,2026-09-13 16:00:00+00:00,5.0,-46.32103298499993,-23.963103537999928,
Santos,MP10,2026-09-13 17:00:00+00:00,5.0,-46.32103298499993,-23.963103537999928,
Santos,MP10,2026-09-13 18:00:00+00:00,4.0,-46.32103298499993,-23.963103537999928,
Santos-Ponta da Praia,MP10,2026-09-11 19:00:00+00:00,21.0,-46.30028210299997,-23.98115259399998,
Santos-Ponta da Praia,MP10,2026-09-11 20:00:00+00:00,22.0,-46.30028210299997,-23.98115259399998,
Santos-Ponta da Praia,MP10,2026-09-11 21:00:00+00:00,23.0,-46.30028210299997,-23.98115259399998,
Santos-Ponta da Praia,MP10,2026-09-11 22:00:00+00:00,24.0,-46.30028210299997,-23.98115259399998,
Santos-Ponta da Praia,MP10,2026-09-11 23:00:00+00:00,23.0,-46.30028210299997,-23.98115259399998,
Santos-Ponta da Praia,MP10,2026-09-12 00:00:00+00:00,22.0,-46.30028210299997,-23.98115259399998,
Santos-Ponta da Praia,MP10,2026-09-12 01:00:00+00:00,22.0,-46.30028210299997,-23.98115259399998,
Santos-Ponta da Praia,MP10,2026-09-12 02:00:00+00:00,21.0,-46.30028210299997,-23.98115259399998,
Santos-Ponta da Praia,MP10,2026-09-12 03:00:00+00:00,20.0,-46.30028210299997,-23.98115259399998,
Santos-Ponta da Praia,MP10,2026-09-12 04:00:00+00:00,20.0,-46.30028210299997,-23.98115259399998,
Santos-Ponta da Praia,MP10,2026-09-12 05:00:00+00:00,19.0,-46.30028210299997,-23.98115259399998,
Santos-Ponta da Praia,MP10,2026-09-12 06:00:00+00:00,19.0,-46.30028210299997,-23.98115259399998,
Santos-Ponta da Praia,MP10,2026-09-12 07:00:00+00:00,18.0,-46.30028210299997,-23.98115259399998,
Santos-Ponta da Praia,MP10,2026-09-12 08:00:00+00:00,18.0,-46.30028210299997,-23.98115259399998,
Santos-Ponta da Praia,MP10,2026-09-12 09:00:00+00:00,18.0,-46.30028210299997,-23.98115259399998,
Santos-Ponta da Praia,MP10,2026-09-12 10:00:00+00:00,18.0,-46.30028210299997,-23.98115259399998,
Santos-Ponta da Praia,MP10,2026-09-12 11:00:00+00:00,18.0,-46.30028210299997,-23.98115259399998,
Santos-Ponta da Praia,MP10,2026-09-12 12:00:00+00:00,17.0,-46.30028210299997,-23.98115259399998,
Santos-Ponta da Praia,MP10,2026-09-12 13:00:00+00:00,16.0,-46.30028210299997,-23.98115259399998,
Santos-Ponta da Praia,MP10,2026-09-12 14:00:00+00:00,16.0,-46.30028210299997,-23.98115259399998,
Santos-Ponta da Praia,MP10,2026-09-12 15:00:00+00:00,16.0,-46.30028210299997,-23.98115259399998,
Santos-Ponta da Praia,MP10,2026-09-12 16:00:00+00:00,16.0,-46.30028210299997,-23.98115259399998,
Santos-Ponta da Praia,MP10,2026-09-12 17:00:00+00:00,16.0,-46.30028210299997,-23.98115259399998,
Santos-Ponta da Praia,MP10,2026-09-12 18:00:00+00:00,15.0,-46.30028210299997,-23.98115259399998,
Santos-Ponta da Praia,MP10,2026-09-12 19:00:00+00:00,15.0,-46.30028210299997,-23.98115259399998,
Santos-Ponta da Praia,MP10,2026-09-12 20:00:00+00:00,14.0,-46.30028210299997,-23.98115259399998,
Santos-Ponta da Praia,MP10,2026-09-12 21:00:00+00:00,13.0,-46.30028210299997,-23.98115259399998,
Santos-Ponta da Praia,MP10,2026-09-12 22:00:00+00:00,11.0,-46.30028210299997,-23.98115259399998,
Santos-Ponta da Praia,MP10,2026-09-12 23:00:00+00:00,11.0,-46.30028210299997,-23.98115259399998,
Santos-Ponta da Praia,MP10,2026-09-13 00:00:00+00:00,11.0,-46.30028210299997,-23.98115259399998,
Santos-Ponta da Praia,MP10,2026-09-13 01:00:00+00:00,11.0,-46.30028210299997,-23.98115259399998,
Santos-Ponta da Praia,MP10,2026-09-13 02:00:00+00:00,11.0,-46.30028210299997,-23.98115259399998,
Santos-Ponta da Praia,MP10,2026-09-13 03:00:00+00:00,11.0,-46.30028210299997,-23.98115259399998,
Santos-Ponta da Praia,MP10,2026-09-13 04:00:00+00:00,11.0,-46.30028210299997,-23.98115259399998,
Santos-Ponta da Praia,MP10,2026-09-13 05:00:00+00:00,10.0,-46.30028210299997,-23.98115259399998,
Santos-Ponta da Praia,MP10,2026-09-13 06:00:00+00:00,10.0,-46.30028210299997,-23.98115259399998,
Santos-Ponta da Praia,MP10,2026-09-13 07:00:00+00:00,10.0,-46.30028210299997,-23.98115259399998,
Santos-Ponta da Praia,MP10,2026-09-13 08:00:00+00:00,10.0,-46.30028210299997,-23.98115259399998,
Santos-Ponta da Praia,MP10,2026-09-13 09:00:00+00:00,9.0,-46.30028210299997,-23.98115259399998,
Santos-Ponta da Praia,MP10,2026-09-13 10:00:00+00:00,9.0,-46.30028210299997,-23.98115259399998,
Santos-Ponta da Praia,MP10,2026-09-13 11:00:00+00:00,9.0,-46.30028210299997,-23.98115259399998,
Santos-Ponta da Praia,MP10,2026-09-13 12:00:00+00:00,9.0,-46.30028210299997,-23.98115259399998,
Santos-Ponta da Praia,MP10,2026-09-13 13:00:00+00:00,9.0,-46.30028210299997,-23.98115259399998,
Santos-Ponta da Praia,MP10,2026-09-13 14:00:00+00:00,8.0,-46.30028210299997,-23.98115259399998,
Santos-Ponta da Praia,MP10,2026-09-13 15:00:00+00:00,8.0,-46.30028210299997,-23.98115259399998,
Santos-Ponta da Praia,MP10,2026-09-13 16:00:00+00:00,7.0,-46.30028210299997,-23.98115259399998,
Santos-Ponta da Praia,MP10,2026-09-13 17:00:00+00:00,6.0,-46.30028210299997,-23.98115259399998,
Santos-Ponta da Praia,MP10,2026-09-13 18:00:00+00:00,5.0,-46.30028210299997,-23.98115259399998,
Sapopemba,MP10,2026-09-11 19:00:00+00:00,11.0,-46.50245582799994,-23.60605120599996,
Sapopemba,MP10,2026-09-11 20:00:00+00:00,12.0,-46.50245582799994,-23.60605120599996,
Sapopemba,MP10,2026-09-11 21:00:00+00:00,12.0,-46.50245582799994,-23.60605120599996,
Sapopemba,MP10,2026-09-11 22:00:00+00:00,13.0,-46.50245582799994,-23.60605120599996,
Sapopemba,MP10,2026-09-11 23:00:00+00:00,14.0,-46.50245582799994,-23.60605120599996,
Sapopemba,MP10,2026-09-12 00:00:00+00:00,14.0,-46.50245582799994,-23.60605120599996,
Sapopemba,MP10,2026-09-12 01:00:00+00:00,14.0,-46.50245582799994,-23.60605120599996,
Sapopemba,MP10,2026-09-12 02:00:00+00:00,13.0,-46.50245582799994,-23.60605120599996,
Sapopemba,MP10,2026-09-12 03:00:00+00:00,13.0,-46.50245582799994,-23.60605120599996,
Sapopemba,MP10,2026-09-12 04:00:00+00:00,12.0,-46.50245582799994,-23.60605120599996,
Sapopemba,MP10,2026-09-12 05:00:00+00:00,12.0,-46.50245582799994,-23.60605120599996,
Sapopemba,MP10,2026-09-12 06:00:00+00:00,11.0,-46.50245582799994,-23.60605120599996,
Sapopemba,MP10,2026-09-12 07:00:00+00:00,11.0,-46.50245582799994,-23.60605120599996,
Sapopemba,MP10,2026-09-12 08:00:00+00:00,11.0,-46.50245582799994,-23.60605120599996,
Sapopemba,MP10,2026-09-12 09:00:00+00:00,11.0,-46.50245582799994,-23.60605120599996,
Sapopemba,MP10,2026-09-12 10:00:00+00:00,11.0,-46.50245582799994,-23.60605120599996,
Sapopemba,MP10,2026-09-12 11:00:00+00:00,11.0,-46.50245582799994,-23.60605120599996,
Sapopemba,MP10,2026-09-12 12:00:00+00:00,11.0,-46.50245582799994,-23.60605120599996,
Sapopemba,MP10,2026-09-12 13:00:00+00:00,11.0,-46.50245582799994,-23.60605120599996,
Sapopemba,MP10,2026-09-12 14:00:00+00:00,11.0,-46.50245582799994,-23.60605120599996,
Sapopemba,MP10,2026-09-12 15:00:00+00:00,11.0,-46.50245582799994,-23.60605120599996,
Sapopemba,MP10,2026-09-12 16:00:00+00:00,11.0,-46.50245582799994,-23.60605120599996,
Sapopemba,MP10,2026-09-12 17:00:00+00:00,11.0,-46.50245582799994,-23.60605120599996,
Sapopemba,MP10,2026-09-12 18:00:00+00:00,11.0,-46.50245582799994,-23.60605120599996,
Sapopemba,MP10,2026-09-12 19:00:00+00:00,11.0,-46.50245582799994,-23.60605120599996,
Sapopemba,MP10,2026-09-12 20:00:00+00:00,11.0,-46.50245582799994,-23.60605120599996,
Sapopemba,MP10,2026-09-12 21:00:00+00:00,10.0,-46.50245582799994,-23.60605120599996,
Sapopemba,MP10,2026-09-12 22:00:00+00:00,10.0,-46.50245582799994,-23.60605120599996,
Sapopemba,MP10,2026-09-12 23:00:00+00:00,8.0,-46.50245582799994,-23.60605120599996,
Sapopemba,MP10,2026-09-13 00:00:00+00:00,8.0,-46.50245582799994,-23.60605120599996,
Sapopemba,MP10,2026-09-13 01:00:00+00:00,8.0,-46.50245582799994,-23.60605120599996,
Sapopemba,MP10,2026-09-13 02:00:00+00:00,9.0,-46.50245582799994,-23.60605120599996,
Sapopemba,MP10,2026-09-13 03:00:00+00:00,9.0,-46.50245582799994,-23.60605120599996,
Sapopemba,MP10,2026-09-13 04:00:00+00:00,9.0,-46.50245582799994,-23.60605120599996,
Sapopemba,MP10,2026-09-13 05:00:00+00:00,9.0,-46.50245582799994,-23.60605120599996,
Sapopemba,MP10,2026-09-13 06:00:00+00:00,9.0,-46.50245582799994,-23.60605120599996,
Sapopemba,MP10,2026-09-13 07:00:00+00:00,9.0,-46.50245582799994,-23.60605120599996,
Sapopemba,MP10,2026-09-13 08:00:00+00:00,9.0,-46.50245582799994,-23.60605120599996,
Sapopemba,MP10,2026-09-13 09:00:00+00:00,9.0,-46.50245582799994,-23.60605120599996,
Sapopemba,MP10,2026-09-13 10:00:00+00:00,9.0,-46.50245582799994,-23.60605120599996,
Sapopemba,MP10,2026-09-13 11:00:00+00:00,8.0,-46.50245582799994,-23.60605120599996,
Sapopemba,MP10,2026-09-13 12:00:00+00:00,8.0,-46.50245582799994,-23.60605120599996,
Sapopemba,MP10,2026-09-13 13:00:00+00:00,8.0,-46.50245582799994,-23.60605120599996,
Sapopemba,MP10,2026-09-13 14:00:00+00:00,8.0,-46.50245582799994,-23.60605120599996,
Sapopemba,MP10,2026-09-13 15:00:00+00:00,8.0,-46.50245582799994,-23.60605120599996,
Sapopemba,MP10,2026-09-13 16:00:00+00:00,8.0,-46.50245582799994,-23.60605120599996,
Sapopemba,MP10,2026-09-13 17:00:00+00:00,8.0,-46.50245582799994,-23.60605120599996,
Sapopemba,MP10,2026-09-13 18:00:00+00:00,7.0,-46.50245582799994,-23.60605120599996,
Sorocaba,MP10,2026-09-11 19:00:00+00:00,15.0,-47.47902991199993,-23.502426583999977,
Sorocaba,MP10,2026-09-11 20:00:00+00:00,16.0,-47.47902991199993,-23.502426583999977,
Sorocaba,MP10,2026-09-11 21:00:00+00:00,16.0,-47.47902991199993,-23.502426583999977,
Sorocaba,MP10,2026-09-11 22:00:00+00:00,16.0,-47.47902991199993,-23.502426583999977,
Sorocaba,MP10,2026-09-11 23:00:00+00:00,16.0,-47.47902991199993,-23.502426583999977,
Sorocaba,MP10,2026-09-12 00:00:00+00:00,17.0,-47.47902991199993,-23.502426583999977,
Sorocaba,MP10,2026-09-12 01:00:00+00:00,17.0,-47.47902991199993,-23.502426583999977,
Sorocaba,MP10,2026-09-12 02:00:00+00:00,16.0,-47.47902991199993,-23.502426583999977,
Sorocaba,MP10,2026-09-12 03:00:00+00:00,16.0,-47.47902991199993,-23.502426583999977,
Sorocaba,MP10,2026-09-12 04:00:00+00:00,15.0,-47.47902991199993,-23.502426583999977,
Sorocaba,MP10,2026-09-12 05:00:00+00:00,14.0,-47.47902991199993,-23.502426583999977,
Sorocaba,MP10,2026-09-12 06:00:00+00:00,14.0,-47.47902991199993,-23.502426583999977,
Sorocaba,MP10,2026-09-12 07:00:00+00:00,14.0,-47.47902991199993,-23.502426583999977,
Sorocaba,MP10,2026-09-12 08:00:00+00:00,14.0,-47.47902991199993,-23.502426583999977,
Sorocaba,MP10,2026-09-12 09:00:00+00:00,14.0,-47.47902991199993,-23.502426583999977,
Sorocaba,MP10,2026-09-12 10:00:00+00:00,14.0,-47.47902991199993,-23.502426583999977,
Sorocaba,MP10,2026-09-12 11:00:00+00:00,14.0,-47.47902991199993,-23.502426583999977,
Sorocaba,MP10,2026-09-12 12:00:00+00:00,14.0,-47.47902991199993,-23.502426583999977,
Sorocaba,MP10,2026-09-12 13:00:00+00:00,14.0,-47.47902991199993,-23.502426583999977,
Sorocaba,MP10,2026-09-12 14:00:00+00:00,14.0,-47.47902991199993,-23.502426583999977,
Sorocaba,MP10,2026-09-12 15:00:00+00:00,13.0,-47.47902991199993,-23.502426583999977,
Sorocaba,MP10,2026-09-12 16:00:00+00:00,13.0,-47.47902991199993,-23.502426583999977,
Sorocaba,MP10,2026-09-12 17:00:00+00:00,13.0,-47.47902991199993,-23.502426583999977,
Sorocaba,MP10,2026-09-12 18:00:00+00:00,12.0,-47.47902991199993,-23.502426583999977,
Sorocaba,MP10,2026-09-12 19:00:00+00:00,12.0,-47.47902991199993,-23.502426583999977,
Sorocaba,MP10,2026-09-12 20:00:00+00:00,12.0,-47.47902991199993,-23.502426583999977,
Sorocaba,MP10,2026-09-12 21:00:00+00:00,12.0,-47.47902991199993,-23.502426583999977,
Sorocaba,MP10,2026-09-12 22:00:00+00:00,12.0,-47.47902991199993,-23.502426583999977,
Sorocaba,MP10,2026-09-12 23:00:00+00:00,11.0,-47.47902991199993,-23.502426583999977,
Sorocaba,MP10,2026-09-13 00:00:00+00:00,10.0,-47.47902991199993,-23.502426583999977,
Sorocaba,MP10,2026-09-13 01:00:00+00:00,10.0,-47.47902991199993,-23.502426583999977,
Sorocaba,MP10,2026-09-13 02:00:00+00:00,10.0,-47.47902991199993,-23.502426583999977,
Sorocaba,MP10,2026-09-13 03:00:00+00:00,9.0,-47.47902991199993,-23.502426583999977,
Sorocaba,MP10,2026-09-13 04:00:00+00:00,9.0,-47.47902991199993,-23.502426583999977,
Sorocaba,MP10,2026-09-13 05:00:00+00:00,9.0,-47.47902991199993,-23.502426583999977,
Sorocaba,MP10,2026-09-13 06:00:00+00:00,9.0,-47.47902991199993,-23.502426583999977,
Sorocaba,MP10,2026-09-13 07:00:00+00:00,9.0,-47.47902991199993,-23.502426583999977,
Sorocaba,MP10,2026-09-13 08:00:00+00:00,8.0,-47.47902991199993,-23.502426583999977,
Sorocaba,MP10,2026-09-13 09:00:00+00:00,8.0,-47.47902991199993,-23.502426583999977,
Sorocaba,MP10,2026-09-13 10:00:00+00:00,8.0,-47.47902991199993,-23.502426583999977,
Sorocaba,MP10,2026-09-13 11:00:00+00:00,7.0,-47.47902991199993,-23.502426583999977,
Sorocaba,MP10,2026-09-13 12:00:00+00:00,7.0,-47.47902991199993,-23.502426583999977,
Sorocaba,MP10,2026-09-13 13:00:00+00:00,7.0,-47.47902991199993,-23.502426583999977,
Sorocaba,MP10,2026-09-13 14:00:00+00:00,7.0,-47.47902991199993,-23.502426583999977,
Sorocaba,MP10,2026-09-13 15:00:00+00:00,6.0,-47.47902991199993,-23.502426583999977,
Sorocaba,MP10,2026-09-13 16:00:00+00:00,6.0,-47.47902991199993,-23.502426583999977,
Sorocaba,MP10,2026-09-13 17:00:00+00:00,6.0,-47.47902991199993,-23.502426583999977,
Sorocaba,MP10,2026-09-13 18:00:00+00:00,5.0,-47.47902991199993,-23.502426583999977,
São José do Rio Preto,MP10,2026-09-11 19:00:00+00:00,17.0,-49.39827779299998,-20.784689283999967,
São José do Rio Preto,MP10,2026-09-11 20:00:00+00:00,17.0,-49.39827779299998,-20.784689283999967,
São José do Rio Preto,MP10,2026-09-11 21:00:00+00:00,18.0,-49.39827779299998,-20.784689283999967,
São José do Rio Preto,MP10,2026-09-11 22:00:00+00:00,18.0,-49.39827779299998,-20.784689283999967,
São José do Rio Preto,MP10,2026-09-11 23:00:00+00:00,19.0,-49.39827779299998,-20.784689283999967,
São José do Rio Preto,MP10,2026-09-12 00:00:00+00:00,20.0,-49.39827779299998,-20.784689283999967,
São José do Rio Preto,MP10,2026-09-12 01:00:00+00:00,21.0,-49.39827779299998,-20.784689283999967,
São José do Rio Preto,MP10,2026-09-12 02:00:00+00:00,22.0,-49.39827779299998,-20.784689283999967,
São José do Rio Preto,MP10,2026-09-12 03:00:00+00:00,23.0,-49.39827779299998,-20.784689283999967,
São José do Rio Preto,MP10,2026-09-12 04:00:00+00:00,24.0,-49.39827779299998,-20.784689283999967,
São José do Rio Preto,MP10,2026-09-12 05:00:00+00:00,25.0,-49.39827779299998,-20.784689283999967,
São José do Rio Preto,MP10,2026-09-12 06:00:00+00:00,25.0,-49.39827779299998,-20.784689283999967,
São José do Rio Preto,MP10,2026-09-12 07:00:00+00:00,25.0,-49.39827779299998,-20.784689283999967,
São José do Rio Preto,MP10,2026-09-12 08:00:00+00:00,25.0,-49.39827779299998,-20.784689283999967,
São José do Rio Preto,MP10,2026-09-12 09:00:00+00:00,24.0,-49.39827779299998,-20.784689283999967,
São José do Rio Preto,MP10,2026-09-12 10:00:00+00:00,24.0,-49.39827779299998,-20.784689283999967,
São José do Rio Preto,MP10,2026-09-12 11:00:00+00:00,23.0,-49.39827779299998,-20.784689283999967,
São José do Rio Preto,MP10,2026-09-12 12:00:00+00:00,23.0,-49.39827779299998,-20.784689283999967,
São José do Rio Preto,MP10,2026-09-12 13:00:00+00:00,22.0,-49.39827779299998,-20.784689283999967,
São José do Rio Preto,MP10,2026-09-12 14:00:00+00:00,21.0,-49.39827779299998,-20.784689283999967,
São José do Rio Preto,MP10,2026-09-12 15:00:00+00:00,21.0,-49.39827779299998,-20.784689283999967,
São José do Rio Preto,MP10,2026-09-12 16:00:00+00:00,20.0,-49.39827779299998,-20.784689283999967,
São José do Rio Preto,MP10,2026-09-12 17:00:00+00:00,20.0,-49.39827779299998,-20.784689283999967,
São José do Rio Preto,MP10,2026-09-12 18:00:00+00:00,19.0,-49.39827779299998,-20.784689283999967,
São José do Rio Preto,MP10,2026-09-12 19:00:00+00:00,18.0,-49.39827779299998,-20.784689283999967,
São José do Rio Preto,MP10,2026-09-12 20:00:00+00:00,18.0,-49.39827779299998,-20.784689283999967,
São José do Rio Preto,MP10,2026-09-12 21:00:00+00:00,17.0,-49.39827779299998,-20.784689283999967,
São José do Rio Preto,MP10,2026-09-12 22:00:00+00:00,16.0,-49.39827779299998,-20.784689283999967,
São José do Rio Preto,MP10,2026-09-12 23:00:00+00:00,16.0,-49.39827779299998,-20.784689283999967,
São José do Rio Preto,MP10,2026-09-13 00:00:00+00:00,16.0,-49.39827779299998,-20.784689283999967,
São José do Rio Preto,MP10,2026-09-13 01:00:00+00:00,15.0,-49.39827779299998,-20.784689283999967,
São José do Rio Preto,MP10,2026-09-13 02:00:00+00:00,15.0,-49.39827779299998,-20.784689283999967,
São José do Rio Preto,MP10,2026-09-13 03:00:00+00:00,14.0,-49.39827779299998,-20.784689283999967,
São José do Rio Preto,MP10,2026-09-13 04:00:00+00:00,14.0,-49.39827779299998,-20.784689283999967,
São José do Rio Preto,MP10,2026-09-13 05:00:00+00:00,16.0,-49.39827779299998,-20.784689283999967,
São José do Rio Preto,MP10,2026-09-13 06:00:00+00:00,20.0,-49.39827779299998,-20.784689283999967,
São José do Rio Preto,MP10,2026-09-13 07:00:00+00:00,20.0,-49.39827779299998,-20.784689283999967,
São José do Rio Preto,MP10,2026-09-13 08:00:00+00:00,20.0,-49.39827779299998,-20.784689283999967,
São José do Rio Preto,MP10,2026-09-13 09:00:00+00:00,20.0,-49.39827779299998,-20.784689283999967,
São José do Rio Preto,MP10,2026-09-13 10:00:00+00:00,21.0,-49.39827779299998,-20.784689283999967,
São José do Rio Preto,MP10,2026-09-13 11:00:00+00:00,21.0,-49.39827779299998,-20.784689283999967,
São José do Rio Preto,MP10,2026-09-13 12:00:00+00:00,21.0,-49.39827779299998,-20.784689283999967,
São José do Rio Preto,MP10,2026-09-13 13:00:00+00:00,21.0,-49.39827779299998,-20.784689283999967,
São José do Rio Preto,MP10,2026-09-13 14:00:00+00:00,22.0,-49.39827779299998,-20.784689283999967,
São José do Rio Preto,MP10,2026-09-13 15:00:00+00:00,22.0,-49.39827779299998,-20.784689283999967,
São José do Rio Preto,MP10,2026-09-13 16:00:00+00:00,22.0,-49.39827779299998,-20.784689283999967,
São José do Rio Preto,MP10,2026-09-13 17:00:00+00:00,23.0,-49.39827779299998,-20.784689283999967,
São José do Rio Preto,MP10,2026-09-13 18:00:00+00:00,23.0,-49.39827779299998,-20.784689283999967,
São Sebastião,MP10,2026-09-11 19:00:00+00:00,11.0,-45.400072044999945,-23.805198464999933,
São Sebastião,MP10,2026-09-11 20:00:00+00:00,11.0,-45.400072044999945,-23.805198464999933,
São Sebastião,MP10,2026-09-11 21:00:00+00:00,11.0,-45.400072044999945,-23.805198464999933,
São Sebastião,MP10,2026-09-11 22:00:00+00:00,12.0,-45.400072044999945,-23.805198464999933,
São Sebastião,MP10,2026-09-11 23:00:00+00:00,13.0,-45.400072044999945,-23.805198464999933,
São Sebastião,MP10,2026-09-12 00:00:00+00:00,13.0,-45.400072044999945,-23.805198464999933,
São Sebastião,MP10,2026-09-12 01:00:00+00:00,13.0,-45.400072044999945,-23.805198464999933,
São Sebastião,MP10,2026-09-12 02:00:00+00:00,13.0,-45.400072044999945,-23.805198464999933,
São Sebastião,MP10,2026-09-12 03:00:00+00:00,13.0,-45.400072044999945,-23.805198464999933,
São Sebastião,MP10,2026-09-12 04:00:00+00:00,13.0,-45.400072044999945,-23.805198464999933,
São Sebastião,MP10,2026-09-12 05:00:00+00:00,13.0,-45.400072044999945,-23.805198464999933,
São Sebastião,MP10,2026-09-12 06:00:00+00:00,13.0,-45.400072044999945,-23.805198464999933,
São Sebastião,MP10,2026-09-12 07:00:00+00:00,13.0,-45.400072044999945,-23.805198464999933,
São Sebastião,MP10,2026-09-12 08:00:00+00:00,12.0,-45.400072044999945,-23.805198464999933,
São Sebastião,MP10,2026-09-12 09:00:00+00:00,12.0,-45.400072044999945,-23.805198464999933,
São Sebastião,MP10,2026-09-12 10:00:00+00:00,11.0,-45.400072044999945,-23.805198464999933,
São Sebastião,MP10,2026-09-12 11:00:00+00:00,11.0,-45.400072044999945,-23.805198464999933,
São Sebastião,MP10,2026-09-12 12:00:00+00:00,11.0,-45.400072044999945,-23.805198464999933,
São Sebastião,MP10,2026-09-12 13:00:00+00:00,11.0,-45.400072044999945,-23.805198464999933,
São Sebastião,MP10,2026-09-12 14:00:00+00:00,11.0,-45.400072044999945,-23.805198464999933,
São Sebastião,MP10,2026-09-12 15:00:00+00:00,11.0,-45.400072044999945,-23.805198464999933,
São Sebastião,MP10,2026-09-12 16:00:00+00:00,12.0,-45.400072044999945,-23.805198464999933,
São Sebastião,MP10,2026-09-12 17:00:00+00:00,12.0,-45.400072044999945,-23.805198464999933,
São Sebastião,MP10,2026-09-12 18:00:00+00:00,12.0,-45.400072044999945,-23.805198464999933,
São Sebastião,MP10,2026-09-12 19:00:00+00:00,12.0,-45.400072044999945,-23.805198464999933,
São Sebastião,MP10,2026-09-12 20:00:00+00:00,11.0,-45.400072044999945,-23.805198464999933,
São Sebastião,MP10,2026-09-12 21:00:00+00:00,11.0,-45.400072044999945,-23.805198464999933,
São Sebastião,MP10,2026-09-12 22:00:00+00:00,11.0,-45.400072044999945,-23.805198464999933,
São Sebastião,MP10,2026-09-12 23:00:00+00:00,10.0,-45.400072044999945,-23.805198464999933,
São Sebastião,MP10,2026-09-13 00:00:00+00:00,10.0,-45.400072044999945,-23.805198464999933,
São Sebastião,MP10,2026-09-13 01:00:00+00:00,10.0,-45.400072044999945,-23.805198464999933,
São Sebastião,MP10,2026-09-13 02:00:00+00:00,10.0,-45.400072044999945,-23.805198464999933,
São Sebastião,MP10,2026-09-13 03:00:00+00:00,10.0,-45.400072044999945,-23.805198464999933,
São Sebastião,MP10,2026-09-13 04:00:00+00:00,10.0,-45.400072044999945,-23.805198464999933,
São Sebastião,MP10,2026-09-13 05:00:00+00:00,10.0,-45.400072044999945,-23.805198464999933,
São Sebastião,MP10,2026-09-13 06:00:00+00:00,9.0,-45.400072044999945,-23.805198464999933,
São Sebastião,MP10,2026-09-13 07:00:00+00:00,9.0,-45.400072044999945,-23.805198464999933,
São Sebastião,MP10,2026-09-13 08:00:00+00:00,9.0,-45.400072044999945,-23.805198464999933,
São Sebastião,MP10,2026-09-13 09:00:00+00:00,9.0,-45.400072044999945,-23.805198464999933,
São Sebastião,MP10,2026-09-13 10:00:00+00:00,9.0,-45.400072044999945,-23.805198464999933,
São Sebastião,MP10,2026-09-13 11:00:00+00:00,9.0,-45.400072044999945,-23.805198464999933,
São Sebastião,MP10,2026-09-13 12:00:00+00:00,9.0,-45.400072044999945,-23.805198464999933,
São Sebastião,MP10,2026-09-13 13:00:00+00:00,9.0,-45.400072044999945,-23.805198464999933,
São Sebastião,MP10,2026-09-13 14:00:00+00:00,9.0,-45.400072044999945,-23.805198464999933,
São Sebastião,MP10,2026-09-13 15:00:00+00:00,9.0,-45.400072044999945,-23.805198464999933,
São Sebastião,MP10,2026-09-13 16:00:00+00:00,8.0,-45.400072044999945,-23.805198464999933,
São Sebastião,MP10,2026-09-13 17:00:00+00:00,8.0,-45.400072044999945,-23.805198464999933,
São Sebastião,MP10,2026-09-13 18:00:00+00:00,7.0,-45.400072044999945,-23.805198464999933,
Tatuí,MP10,2026-09-11 19:00:00+00:00,11.0,-47.87079906599996,-23.36075153799993,
Tatuí,MP10,2026-09-11 20:00:00+00:00,11.0,-47.87079906599996,-23.36075153799993,
Tatuí,MP10,2026-09-11 21:00:00+00:00,13.0,-47.87079906599996,-23.36075153799993,
Tatuí,MP10,2026-09-11 22:00:00+00:00,14.0,-47.87079906599996,-23.36075153799993,
Tatuí,MP10,2026-09-11 23:00:00+00:00,15.0,-47.87079906599996,-23.36075153799993,
Tatuí,MP10,2026-09-12 00:00:00+00:00,15.0,-47.87079906599996,-23.36075153799993,
Tatuí,MP10,2026-09-12 01:00:00+00:00,15.0,-47.87079906599996,-23.36075153799993,
Tatuí,MP10,2026-09-12 02:00:00+00:00,15.0,-47.87079906599996,-23.36075153799993,
Tatuí,MP10,2026-09-12 03:00:00+00:00,14.0,-47.87079906599996,-23.36075153799993,
Tatuí,MP10,2026-09-12 04:00:00+00:00,14.0,-47.87079906599996,-23.36075153799993,
Tatuí,MP10,2026-09-12 05:00:00+00:00,14.0,-47.87079906599996,-23.36075153799993,
Tatuí,MP10,2026-09-12 06:00:00+00:00,13.0,-47.87079906599996,-23.36075153799993,
Tatuí,MP10,2026-09-12 07:00:00+00:00,13.0,-47.87079906599996,-23.36075153799993,
Tatuí,MP10,2026-09-12 08:00:00+00:00,13.0,-47.87079906599996,-23.36075153799993,
Tatuí,MP10,2026-09-12 09:00:00+00:00,13.0,-47.87079906599996,-23.36075153799993,
Tatuí,MP10,2026-09-12 10:00:00+00:00,13.0,-47.87079906599996,-23.36075153799993,
Tatuí,MP10,2026-09-12 11:00:00+00:00,13.0,-47.87079906599996,-23.36075153799993,
Tatuí,MP10,2026-09-12 12:00:00+00:00,13.0,-47.87079906599996,-23.36075153799993,
Tatuí,MP10,2026-09-12 13:00:00+00:00,13.0,-47.87079906599996,-23.36075153799993,
Tatuí,MP10,2026-09-12 14:00:00+00:00,13.0,-47.87079906599996,-23.36075153799993,
Tatuí,MP10,2026-09-12 15:00:00+00:00,13.0,-47.87079906599996,-23.36075153799993,
Tatuí,MP10,2026-09-12 16:00:00+00:00,12.0,-47.87079906599996,-23.36075153799993,
Tatuí,MP10,2026-09-12 17:00:00+00:00,12.0,-47.87079906599996,-23.36075153799993,
Tatuí,MP10,2026-09-12 18:00:00+00:00,11.0,-47.87079906599996,-23.36075153799993,
Tatuí,MP10,2026-09-12 19:00:00+00:00,11.0,-47.87079906599996,-23.36075153799993,
Tatuí,MP10,2026-09-12 20:00:00+00:00,11.0,-47.87079906599996,-23.36075153799993,
Tatuí,MP10,2026-09-12 21:00:00+00:00,10.0,-47.87079906599996,-23.36075153799993,
Tatuí,MP10,2026-09-12 22:00:00+00:00,9.0,-47.87079906599996,-23.36075153799993,
Tatuí,MP10,2026-09-12 23:00:00+00:00,8.0,-47.87079906599996,-23.36075153799993,
Tatuí,MP10,2026-09-13 00:00:00+00:00,7.0,-47.87079906599996,-23.36075153799993,
Tatuí,MP10,2026-09-13 01:00:00+00:00,7.0,-47.87079906599996,-23.36075153799993,
Tatuí,MP10,2026-09-13 02:00:00+00:00,7.0,-47.87079906599996,-23.36075153799993,
Tatuí,MP10,2026-09-13 03:00:00+00:00,7.0,-47.87079906599996,-23.36075153799993,
Tatuí,MP10,2026-09-13 04:00:00+00:00,7.0,-47.87079906599996,-23.36075153799993,
Tatuí,MP10,2026-09-13 05:00:00+00:00,7.0,-47.87079906599996,-23.36075153799993,
Tatuí,MP10,2026-09-13 06:00:00+00:00,8.0,-47.87079906599996,-23.36075153799993,
Tatuí,MP10,2026-09-13 07:00:00+00:00,8.0,-47.87079906599996,-23.36075153799993,
Tatuí,MP10,2026-09-13 08:00:00+00:00,8.0,-47.87079906599996,-23.36075153799993,
Tatuí,MP10,2026-09-13 09:00:00+00:00,7.0,-47.87079906599996,-23.36075153799993,
Tatuí,MP10,2026-09-13 10:00:00+00:00,7.0,-47.87079906599996,-23.36075153799993,
Tatuí,MP10,2026-09-13 11:00:00+00:00,7.0,-47.87079906599996,-23.36075153799993,
Tatuí,MP10,2026-09-13 12:00:00+00:00,9.0,-47.87079906599996,-23.36075153799993,
Tatuí,MP10,2026-09-13 13:00:00+00:00,9.0,-47.87079906599996,-23.36075153799993,
Tatuí,MP10,2026-09-13 14:00:00+00:00,9.0,-47.87079906599996,-23.36075153799993,
Tatuí,MP10,2026-09-13 15:00:00+00:00,9.0,-47.87079906599996,-23.36075153799993,
Tatuí,MP10,2026-09-13 16:00:00+00:00,8.0,-47.87079906599996,-23.36075153799993,
Tatuí,MP10,2026-09-13 17:00:00+00:00,8.0,-47.87079906599996,-23.36075153799993,
Tatuí,MP10,2026-09-13 18:00:00+00:00,8.0,-47.87079906599996,-23.36075153799993,
Taubaté,MP10,2026-09-11 19:00:00+00:00,14.0,-45.575805024999966,-23.032350958999928,
Taubaté,MP10,2026-09-11 20:00:00+00:00,14.0,-45.575805024999966,-23.032350958999928,
Taubaté,MP10,2026-09-11 21:00:00+00:00,14.0,-45.575805024999966,-23.032350958999928,
Taubaté,MP10,2026-09-11 22:00:00+00:00,13.0,-45.575805024999966,-23.032350958999928,
Taubaté,MP10,2026-09-11 23:00:00+00:00,14.0,-45.575805024999966,-23.032350958999928,
Taubaté,MP10,2026-09-12 00:00:00+00:00,14.0,-45.575805024999966,-23.032350958999928,
Taubaté,MP10,2026-09-12 01:00:00+00:00,14.0,-45.575805024999966,-23.032350958999928,
Taubaté,MP10,2026-09-12 02:00:00+00:00,14.0,-45.575805024999966,-23.032350958999928,
Taubaté,MP10,2026-09-12 03:00:00+00:00,15.0,-45.575805024999966,-23.032350958999928,
Taubaté,MP10,2026-09-12 04:00:00+00:00,14.0,-45.575805024999966,-23.032350958999928,
Taubaté,MP10,2026-09-12 05:00:00+00:00,14.0,-45.575805024999966,-23.032350958999928,
Taubaté,MP10,2026-09-12 06:00:00+00:00,13.0,-45.575805024999966,-23.032350958999928,
Taubaté,MP10,2026-09-12 07:00:00+00:00,14.0,-45.575805024999966,-23.032350958999928,
Taubaté,MP10,2026-09-12 08:00:00+00:00,14.0,-45.575805024999966,-23.032350958999928,
Taubaté,MP10,2026-09-12 09:00:00+00:00,14.0,-45.575805024999966,-23.032350958999928,
Taubaté,MP10,2026-09-12 10:00:00+00:00,14.0,-45.575805024999966,-23.032350958999928,
Taubaté,MP10,2026-09-12 11:00:00+00:00,15.0,-45.575805024999966,-23.032350958999928,
Taubaté,MP10,2026-09-12 12:00:00+00:00,14.0,-45.575805024999966,-23.032350958999928,
Taubaté,MP10,2026-09-12 13:00:00+00:00,14.0,-45.575805024999966,-23.032350958999928,
Taubaté,MP10,2026-09-12 14:00:00+00:00,14.0,-45.575805024999966,-23.032350958999928,
Taubaté,MP10,2026-09-12 15:00:00+00:00,14.0,-45.575805024999966,-23.032350958999928,
Taubaté,MP10,2026-09-12 16:00:00+00:00,14.0,-45.575805024999966,-23.032350958999928,
Taubaté,MP10,2026-09-12 17:00:00+00:00,13.0,-45.575805024999966,-23.032350958999928,
Taubaté,MP10,2026-09-12 18:00:00+00:00,12.0,-45.575805024999966,-23.032350958999928,
Taubaté,MP10,2026-09-12 19:00:00+00:00,13.0,-45.575805024999966,-23.032350958999928,
Taubaté,MP10,2026-09-12 20:00:00+00:00,13.0,-45.575805024999966,-23.032350958999928,
Taubaté,MP10,2026-09-12 21:00:00+00:00,13.0,-45.575805024999966,-23.032350958999928,
Taubaté,MP10,2026-09-12 22:00:00+00:00,13.0,-45.575805024999966,-23.032350958999928,
Taubaté,MP10,2026-09-12 23:00:00+00:00,12.0,-45.575805024999966,-23.032350958999928,
Taubaté,MP10,2026-09-13 00:00:00+00:00,12.0,-45.575805024999966,-23.032350958999928,
Taubaté,MP10,2026-09-13 01:00:00+00:00,13.0,-45.575805024999966,-23.032350958999928,
Taubaté,MP10,2026-09-13 02:00:00+00:00,13.0,-45.575805024999966,-23.032350958999928,
Taubaté,MP10,2026-09-13 03:00:00+00:00,12.0,-45.575805024999966,-23.032350958999928,
Taubaté,MP10,2026-09-13 04:00:00+00:00,12.0,-45.575805024999966,-23.032350958999928,
Taubaté,MP10,2026-09-13 05:00:00+00:00,12.0,-45.575805024999966,-23.032350958999928,
Taubaté,MP10,2026-09-13 06:00:00+00:00,12.0,-45.575805024999966,-23.032350958999928,
Taubaté,MP10,2026-09-13 07:00:00+00:00,12.0,-45.575805024999966,-23.032350958999928,
Taubaté,MP10,2026-09-13 08:00:00+00:00,12.0,-45.575805024999966,-23.032350958999928,
Taubaté,MP10,2026-09-13 09:00:00+00:00,12.0,-45.575805024999966,-23.032350958999928,
Taubaté,MP10,2026-09-13 10:00:00+00:00,12.0,-45.575805024999966,-23.032350958999928,
Taubaté,MP10,2026-09-13 11:00:00+00:00,12.0,-45.575805024999966,-23.032350958999928,
Taubaté,MP10,2026-09-13 12:00:00+00:00,12.0,-45.575805024999966,-23.032350958999928,
Taubaté,MP10,2026-09-13 13:00:00+00:00,12.0,-45.575805024999966,-23.032350958999928,
Taubaté,MP10,2026-09-13 14:00:00+00:00,13.0,-45.575805024999966,-23.032350958999928,
Taubaté,MP10,2026-09-13 15:00:00+00:00,13.0,-45.575805024999966,-23.032350958999928,
Taubaté,MP10,2026-09-13 16:00:00+00:00,13.0,-45.575805024999966,-23.032350958999928,
Taubaté,MP10,2026-09-13 17:00:00+00:00,13.0,-45.575805024999966,-23.032350958999928,
Taubaté,MP10,2026-09-13 18:00:00+00:00,13.0,-45.575805024999966,-23.032350958999928,
Av.Salim F.Maluf-Pte Tatuapé,MP2.5,2026-09-11 19:00:00+00:00,35.0,-46.58408161999995,-23.535326141999974,13.12
Av.Salim F.Maluf-Pte Tatuapé,MP2.5,2026-09-11 20:00:00+00:00,35.0,-46.58408161999995,-23.535326141999974,13.12
Av.Salim F.Maluf-Pte Tatuapé,MP2.5,2026-09-11 21:00:00+00:00,32.0,-46.58408161999995,-23.535326141999974,12.0
Av.Salim F.Maluf-Pte Tatuapé,MP2.5,2026-09-11 22:00:00+00:00,35.0,-46.58408161999995,-23.535326141999974,13.12
Av.Salim F.Maluf-Pte Tatuapé,MP2.5,2026-09-11 23:00:00+00:00,32.0,-46.58408161999995,-23.535326141999974,12.0
Av.Salim F.Maluf-Pte Tatuapé,MP2.5,2026-09-12 00:00:00+00:00,32.0,-46.58408161999995,-23.535326141999974,12.0
Av.Salim F.Maluf-Pte Tatuapé,MP2.5,2026-09-12 01:00:00+00:00,32.0,-46.58408161999995,-23.535326141999974,12.0
Av.Salim F.Maluf-Pte Tatuapé,MP2.5,2026-09-12 02:00:00+00:00,29.0,-46.58408161999995,-23.535326141999974,10.88
Av.Salim F.Maluf-Pte Tatuapé,MP2.5,2026-09-12 03:00:00+00:00,29.0,-46.58408161999995,-23.535326141999974,10.88
Av.Salim F.Maluf-Pte Tatuapé,MP2.5,2026-09-12 04:00:00+00:00,27.0,-46.58408161999995,-23.535326141999974,10.12
Av.Salim F.Maluf-Pte Tatuapé,MP2.5,2026-09-12 05:00:00+00:00,24.0,-46.58408161999995,-23.535326141999974,9.0
Av.Salim F.Maluf-Pte Tatuapé,MP2.5,2026-09-12 06:00:00+00:00,24.0,-46.58408161999995,-23.535326141999974,9.0
Av.Salim F.Maluf-Pte Tatuapé,MP2.5,2026-09-12 07:00:00+00:00,21.0,-46.58408161999995,-23.535326141999974,7.88
Av.Salim F.Maluf-Pte Tatuapé,MP2.5,2026-09-12 08:00:00+00:00,21.0,-46.58408161999995,-23.535326141999974,7.88
Av.Salim F.Maluf-Pte Tatuapé,MP2.5,2026-09-12 09:00:00+00:00,21.0,-46.58408161999995,-23.535326141999974,7.88
Av.Salim F.Maluf-Pte Tatuapé,MP2.5,2026-09-12 10:00:00+00:00,21.0,-46.58408161999995,-23.535326141999974,7.88
Av.Salim F.Maluf-Pte Tatuapé,MP2.5,2026-09-12 11:00:00+00:00,21.0,-46.58408161999995,-23.535326141999974,7.88
Av.Salim F.Maluf-Pte Tatuapé,MP2.5,2026-09-12 12:00:00+00:00,21.0,-46.58408161999995,-23.535326141999974,7.88
Av.Salim F.Maluf-Pte Tatuapé,MP2.5,2026-09-12 13:00:00+00:00,21.0,-46.58408161999995,-23.535326141999974,7.88
Av.Salim F.Maluf-Pte Tatuapé,MP2.5,2026-09-12 14:00:00+00:00,19.0,-46.58408161999995,-23.535326141999974,7.12
Av.Salim F.Maluf-Pte Tatuapé,MP2.5,2026-09-12 15:00:00+00:00,21.0,-46.58408161999995,-23.535326141999974,7.88
Av.Salim F.Maluf-Pte Tatuapé,MP2.5,2026-09-12 16:00:00+00:00,21.0,-46.58408161999995,-23.535326141999974,7.88
Av.Salim F.Maluf-Pte Tatuapé,MP2.5,2026-09-12 17:00:00+00:00,21.0,-46.58408161999995,-23.535326141999974,7.88
Av.Salim F.Maluf-Pte Tatuapé,MP2.5,2026-09-12 18:00:00+00:00,21.0,-46.58408161999995,-23.535326141999974,7.88
Av.Salim F.Maluf-Pte Tatuapé,MP2.5,2026-09-12 19:00:00+00:00,21.0,-46.58408161999995,-23.535326141999974,7.88
Av.Salim F.Maluf-Pte Tatuapé,MP2.5,2026-09-12 20:00:00+00:00,21.0,-46.58408161999995,-23.535326141999974,7.88
Av.Salim F.Maluf-Pte Tatuapé,MP2.5,2026-09-12 21:00:00+00:00,24.0,-46.58408161999995,-23.535326141999974,9.0
Av.Salim F.Maluf-Pte Tatuapé,MP2.5,2026-09-12 22:00:00+00:00,24.0,-46.58408161999995,-23.535326141999974,9.0
Av.Salim F.Maluf-Pte Tatuapé,MP2.5,2026-09-12 23:00:00+00:00,21.0,-46.58408161999995,-23.535326141999974,7.88
Av.Salim F.Maluf-Pte Tatuapé,MP2.5,2026-09-13 00:00:00+00:00,21.0,-46.58408161999995,-23.535326141999974,7.88
Av.Salim F.Maluf-Pte Tatuapé,MP2.5,2026-09-13 01:00:00+00:00,21.0,-46.58408161999995,-23.535326141999974,7.88
Av.Salim F.Maluf-Pte Tatuapé,MP2.5,2026-09-13 02:00:00+00:00,21.0,-46.58408161999995,-23.535326141999974,7.88
Av.Salim F.Maluf-Pte Tatuapé,MP2.5,2026-09-13 03:00:00+00:00,21.0,-46.58408161999995,-23.535326141999974,7.88
Av.Salim F.Maluf-Pte Tatuapé,MP2.5,2026-09-13 04:00:00+00:00,21.0,-46.58408161999995,-23.535326141999974,7.88
Av.Salim F.Maluf-Pte Tatuapé,MP2.5,2026-09-13 05:00:00+00:00,21.0,-46.58408161999995,-23.535326141999974,7.88
Av.Salim F.Maluf-Pte Tatuapé,MP2.5,2026-09-13 06:00:00+00:00,21.0,-46.58408161999995,-23.535326141999974,7.88
Av.Salim F.Maluf-Pte Tatuapé,MP2.5,2026-09-13 07:00:00+00:00,19.0,-46.58408161999995,-23.535326141999974,7.12
Av.Salim F.Maluf-Pte Tatuapé,MP2.5,2026-09-13 08:00:00+00:00,19.0,-46.58408161999995,-23.535326141999974,7.12
Av.Salim F.Maluf-Pte Tatuapé,MP2.5,2026-09-13 09:00:00+00:00,19.0,-46.58408161999995,-23.535326141999974,7.12
Av.Salim F.Maluf-Pte Tatuapé,MP2.5,2026-09-13 10:00:00+00:00,16.0,-46.58408161999995,-23.535326141999974,6.0
Av.Salim F.Maluf-Pte Tatuapé,MP2.5,2026-09-13 11:00:00+00:00,16.0,-46.58408161999995,-23.535326141999974,6.0
Av.Salim F.Maluf-Pte Tatuapé,MP2.5,2026-09-13 12:00:00+00:00,16.0,-46.58408161999995,-23.535326141999974,6.0
Av.Salim F.Maluf-Pte Tatuapé,MP2.5,2026-09-13 13:00:00+00:00,16.0,-46.58408161999995,-23.535326141999974,6.0
Av.Salim F.Maluf-Pte Tatuapé,MP2.5,2026-09-13 14:00:00+00:00,16.0,-46.58408161999995,-23.535326141999974,6.0
Av.Salim F.Maluf-Pte Tatuapé,MP2.5,2026-09-13 15:00:00+00:00,13.0,-46.58408161999995,-23.535326141999974,4.88
Av.Salim F.Maluf-Pte Tatuapé,MP2.5,2026-09-13 16:00:00+00:00,13.0,-46.58408161999995,-23.535326141999974,4.88
Av.Salim F.Maluf-Pte Tatuapé,MP2.5,2026-09-13 17:00:00+00:00,13.0,-46.58408161999995,-23.535326141999974,4.88
Av.Salim F.Maluf-Pte Tatuapé,MP2.5,2026-09-13 18:00:00+00:00,13.0,-46.58408161999995,-23.535326141999974,4.88
Bauru,MP2.5,2026-09-11 19:00:00+00:00,27.0,-49.09279652899994,-22.32672623299993,10.12
Bauru,MP2.5,2026-09-11 20:00:00+00:00,27.0,-49.09279652899994,-22.32672623299993,10.12
Bauru,MP2.5,2026-09-11 21:00:00+00:00,29.0,-49.09279652899994,-22.32672623299993,10.88
Bauru,MP2.5,2026-09-11 22:00:00+00:00,29.0,-49.09279652899994,-22.32672623299993,10.88
Bauru,MP2.5,2026-09-11 23:00:00+00:00,32.0,-49.09279652899994,-22.32672623299993,12.0
Bauru,MP2.5,2026-09-12 00:00:00+00:00,35.0,-49.09279652899994,-22.32672623299993,13.12
Bauru,MP2.5,2026-09-12 01:00:00+00:00,35.0,-49.09279652899994,-22.32672623299993,13.12
Bauru,MP2.5,2026-09-12 02:00:00+00:00,37.0,-49.09279652899994,-22.32672623299993,13.88
Bauru,MP2.5,2026-09-12 03:00:00+00:00,37.0,-49.09279652899994,-22.32672623299993,13.88
Bauru,MP2.5,2026-09-12 04:00:00+00:00,37.0,-49.09279652899994,-22.32672623299993,13.88
Bauru,MP2.5,2026-09-12 05:00:00+00:00,37.0,-49.09279652899994,-22.32672623299993,13.88
Bauru,MP2.5,2026-09-12 06:00:00+00:00,37.0,-49.09279652899994,-22.32672623299993,13.88
Bauru,MP2.5,2026-09-12 07:00:00+00:00,37.0,-49.09279652899994,-22.32672623299993,13.88
Bauru,MP2.5,2026-09-12 08:00:00+00:00,37.0,-49.09279652899994,-22.32672623299993,13.88
Bauru,MP2.5,2026-09-12 09:00:00+00:00,37.0,-49.09279652899994,-22.32672623299993,13.88
Bauru,MP2.5,2026-09-12 10:00:00+00:00,37.0,-49.09279652899994,-22.32672623299993,13.88
Bauru,MP2.5,2026-09-12 11:00:00+00:00,37.0,-49.09279652899994,-22.32672623299993,13.88
Bauru,MP2.5,2026-09-12 12:00:00+00:00,35.0,-49.09279652899994,-22.32672623299993,13.12
Bauru,MP2.5,2026-09-12 13:00:00+00:00,35.0,-49.09279652899994,-22.32672623299993,13.12
Bauru,MP2.5,2026-09-12 14:00:00+00:00,32.0,-49.09279652899994,-22.32672623299993,12.0
Bauru,MP2.5,2026-09-12 15:00:00+00:00,29.0,-49.09279652899994,-22.32672623299993,10.88
Bauru,MP2.5,2026-09-12 16:00:00+00:00,29.0,-49.09279652899994,-22.32672623299993,10.88
Bauru,MP2.5,2026-09-12 17:00:00+00:00,27.0,-49.09279652899994,-22.32672623299993,10.12
Bauru,MP2.5,2026-09-12 18:00:00+00:00,24.0,-49.09279652899994,-22.32672623299993,9.0
Bauru,MP2.5,2026-09-12 19:00:00+00:00,24.0,-49.09279652899994,-22.32672623299993,9.0
Bauru,MP2.5,2026-09-12 20:00:00+00:00,24.0,-49.09279652899994,-22.32672623299993,9.0
Bauru,MP2.5,2026-09-12 21:00:00+00:00,21.0,-49.09279652899994,-22.32672623299993,7.88
Bauru,MP2.5,2026-09-12 22:00:00+00:00,21.0,-49.09279652899994,-22.32672623299993,7.88
Bauru,MP2.5,2026-09-12 23:00:00+00:00,19.0,-49.09279652899994,-22.32672623299993,7.12
Bauru,MP2.5,2026-09-13 00:00:00+00:00,16.0,-49.09279652899994,-22.32672623299993,6.0
Bauru,MP2.5,2026-09-13 01:00:00+00:00,16.0,-49.09279652899994,-22.32672623299993,6.0
Bauru,MP2.5,2026-09-13 02:00:00+00:00,16.0,-49.09279652899994,-22.32672623299993,6.0
Bauru,MP2.5,2026-09-13 03:00:00+00:00,13.0,-49.09279652899994,-22.32672623299993,4.88
Bauru,MP2.5,2026-09-13 04:00:00+00:00,13.0,-49.09279652899994,-22.32672623299993,4.88
Bauru,MP2.5,2026-09-13 05:00:00+00:00,13.0,-49.09279652899994,-22.32672623299993,4.88
Bauru,MP2.5,2026-09-13 06:00:00+00:00,16.0,-49.09279652899994,-22.32672623299993,6.0
Bauru,MP2.5,2026-09-13 07:00:00+00:00,16.0,-49.09279652899994,-22.32672623299993,6.0
Bauru,MP2.5,2026-09-13 08:00:00+00:00,16.0,-49.09279652899994,-22.32672623299993,6.0
Bauru,MP2.5,2026-09-13 09:00:00+00:00,16.0,-49.09279652899994,-22.32672623299993,6.0
Bauru,MP2.5,2026-09-13 10:00:00+00:00,13.0,-49.09279652899994,-22.32672623299993,4.88
Bauru,MP2.5,2026-09-13 11:00:00+00:00,13.0,-49.09279652899994,-22.32672623299993,4.88
Bauru,MP2.5,2026-09-13 12:00:00+00:00,13.0,-49.09279652899994,-22.32672623299993,4.88
Bauru,MP2.5,2026-09-13 13:00:00+00:00,13.0,-49.09279652899994,-22.32672623299993,4.88
Bauru,MP2.5,2026-09-13 14:00:00+00:00,13.0,-49.09279652899994,-22.32672623299993,4.88
Bauru,MP2.5,2026-09-13 15:00:00+00:00,13.0,-49.09279652899994,-22.32672623299993,4.88
Bauru,MP2.5,2026-09-13 16:00:00+00:00,13.0,-49.09279652899994,-22.32672623299993,4.88
Bauru,MP2.5,2026-09-13 17:00:00+00:00,13.0,-49.09279652899994,-22.32672623299993,4.88
Bauru,MP2.5,2026-09-13 18:00:00+00:00,13.0,-49.09279652899994,-22.32672623299993,4.88
Campinas-Taquaral,MP2.5,2026-09-11 19:00:00+00:00,11.0,-47.058972756999935,-22.874618944999952,4.12
Campinas-Taquaral,MP2.5,2026-09-11 20:00:00+00:00,11.0,-47.058972756999935,-22.874618944999952,4.12
Campinas-Taquaral,MP2.5,2026-09-11 21:00:00+00:00,11.0,-47.058972756999935,-22.874618944999952,4.12
Campinas-Taquaral,MP2.5,2026-09-11 22:00:00+00:00,11.0,-47.058972756999935,-22.874618944999952,4.12
Campinas-Taquaral,MP2.5,2026-09-11 23:00:00+00:00,13.0,-47.058972756999935,-22.874618944999952,4.88
Campinas-Taquaral,MP2.5,2026-09-12 00:00:00+00:00,13.0,-47.058972756999935,-22.874618944999952,4.88
Campinas-Taquaral,MP2.5,2026-09-12 01:00:00+00:00,13.0,-47.058972756999935,-22.874618944999952,4.88
Campinas-Taquaral,MP2.5,2026-09-12 02:00:00+00:00,13.0,-47.058972756999935,-22.874618944999952,4.88
Campinas-Taquaral,MP2.5,2026-09-12 03:00:00+00:00,13.0,-47.058972756999935,-22.874618944999952,4.88
Campinas-Taquaral,MP2.5,2026-09-12 04:00:00+00:00,13.0,-47.058972756999935,-22.874618944999952,4.88
Campinas-Taquaral,MP2.5,2026-09-12 05:00:00+00:00,16.0,-47.058972756999935,-22.874618944999952,6.0
Campinas-Taquaral,MP2.5,2026-09-12 06:00:00+00:00,16.0,-47.058972756999935,-22.874618944999952,6.0
Campinas-Taquaral,MP2.5,2026-09-12 07:00:00+00:00,13.0,-47.058972756999935,-22.874618944999952,4.88
Campinas-Taquaral,MP2.5,2026-09-12 08:00:00+00:00,13.0,-47.058972756999935,-22.874618944999952,4.88
Campinas-Taquaral,MP2.5,2026-09-12 09:00:00+00:00,13.0,-47.058972756999935,-22.874618944999952,4.88
Campinas-Taquaral,MP2.5,2026-09-12 10:00:00+00:00,13.0,-47.058972756999935,-22.874618944999952,4.88
Campinas-Taquaral,MP2.5,2026-09-12 11:00:00+00:00,13.0,-47.058972756999935,-22.874618944999952,4.88
Campinas-Taquaral,MP2.5,2026-09-12 12:00:00+00:00,13.0,-47.058972756999935,-22.874618944999952,4.88
Campinas-Taquaral,MP2.5,2026-09-12 13:00:00+00:00,13.0,-47.058972756999935,-22.874618944999952,4.88
Campinas-Taquaral,MP2.5,2026-09-12 14:00:00+00:00,13.0,-47.058972756999935,-22.874618944999952,4.88
Campinas-Taquaral,MP2.5,2026-09-12 15:00:00+00:00,13.0,-47.058972756999935,-22.874618944999952,4.88
Campinas-Taquaral,MP2.5,2026-09-12 16:00:00+00:00,13.0,-47.058972756999935,-22.874618944999952,4.88
Campinas-Taquaral,MP2.5,2026-09-12 17:00:00+00:00,13.0,-47.058972756999935,-22.874618944999952,4.88
Campinas-Taquaral,MP2.5,2026-09-12 18:00:00+00:00,13.0,-47.058972756999935,-22.874618944999952,4.88
Campinas-Taquaral,MP2.5,2026-09-12 19:00:00+00:00,13.0,-47.058972756999935,-22.874618944999952,4.88
Campinas-Taquaral,MP2.5,2026-09-12 20:00:00+00:00,13.0,-47.058972756999935,-22.874618944999952,4.88
Campinas-Taquaral,MP2.5,2026-09-12 21:00:00+00:00,13.0,-47.058972756999935,-22.874618944999952,4.88
Campinas-Taquaral,MP2.5,2026-09-12 22:00:00+00:00,13.0,-47.058972756999935,-22.874618944999952,4.88
Campinas-Taquaral,MP2.5,2026-09-12 23:00:00+00:00,13.0,-47.058972756999935,-22.874618944999952,4.88
Campinas-Taquaral,MP2.5,2026-09-13 00:00:00+00:00,13.0,-47.058972756999935,-22.874618944999952,4.88
Campinas-Taquaral,MP2.5,2026-09-13 01:00:00+00:00,13.0,-47.058972756999935,-22.874618944999952,4.88
Campinas-Taquaral,MP2.5,2026-09-13 02:00:00+00:00,13.0,-47.058972756999935,-22.874618944999952,4.88
Campinas-Taquaral,MP2.5,2026-09-13 03:00:00+00:00,16.0,-47.058972756999935,-22.874618944999952,6.0
Campinas-Taquaral,MP2.5,2026-09-13 04:00:00+00:00,16.0,-47.058972756999935,-22.874618944999952,6.0
Campinas-Taquaral,MP2.5,2026-09-13 05:00:00+00:00,16.0,-47.058972756999935,-22.874618944999952,6.0
Campinas-Taquaral,MP2.5,2026-09-13 06:00:00+00:00,16.0,-47.058972756999935,-22.874618944999952,6.0
Campinas-Taquaral,MP2.5,2026-09-13 07:00:00+00:00,16.0,-47.058972756999935,-22.874618944999952,6.0
Campinas-Taquaral,MP2.5,2026-09-13 08:00:00+00:00,16.0,-47.058972756999935,-22.874618944999952,6.0
Campinas-Taquaral,MP2.5,2026-09-13 09:00:00+00:00,16.0,-47.058972756999935,-22.874618944999952,6.0
Campinas-Taquaral,MP2.5,2026-09-13 10:00:00+00:00,16.0,-47.058972756999935,-22.874618944999952,6.0
Campinas-Taquaral,MP2.5,2026-09-13 11:00:00+00:00,16.0,-47.058972756999935,-22.874618944999952,6.0
Campinas-Taquaral,MP2.5,2026-09-13 12:00:00+00:00,19.0,-47.058972756999935,-22.874618944999952,7.12
Campinas-Taquaral,MP2.5,2026-09-13 13:00:00+00:00,19.0,-47.058972756999935,-22.874618944999952,7.12
Campinas-Taquaral,MP2.5,2026-09-13 14:00:00+00:00,19.0,-47.058972756999935,-22.874618944999952,7.12
Campinas-Taquaral,MP2.5,2026-09-13 15:00:00+00:00,19.0,-47.058972756999935,-22.874618944999952,7.12
Campinas-Taquaral,MP2.5,2026-09-13 16:00:00+00:00,19.0,-47.058972756999935,-22.874618944999952,7.12
Campinas-Taquaral,MP2.5,2026-09-13 17:00:00+00:00,19.0,-47.058972756999935,-22.874618944999952,7.12
Campinas-Taquaral,MP2.5,2026-09-13 18:00:00+00:00,19.0,-47.058972756999935,-22.874618944999952,7.12
Campinas-V.União,MP2.5,2026-09-11 19:00:00+00:00,16.0,-47.11928086199998,-22.946728415999928,6.0
Campinas-V.União,MP2.5,2026-09-11 20:00:00+00:00,19.0,-47.11928086199998,-22.946728415999928,7.12
Campinas-V.União,MP2.5,2026-09-11 21:00:00+00:00,16.0,-47.11928086199998,-22.946728415999928,6.0
Campinas-V.União,MP2.5,2026-09-11 22:00:00+00:00,19.0,-47.11928086199998,-22.946728415999928,7.12
Campinas-V.União,MP2.5,2026-09-11 23:00:00+00:00,19.0,-47.11928086199998,-22.946728415999928,7.12
Campinas-V.União,MP2.5,2026-09-12 00:00:00+00:00,19.0,-47.11928086199998,-22.946728415999928,7.12
Campinas-V.União,MP2.5,2026-09-12 01:00:00+00:00,19.0,-47.11928086199998,-22.946728415999928,7.12
Campinas-V.União,MP2.5,2026-09-12 02:00:00+00:00,19.0,-47.11928086199998,-22.946728415999928,7.12
Campinas-V.União,MP2.5,2026-09-12 03:00:00+00:00,19.0,-47.11928086199998,-22.946728415999928,7.12
Campinas-V.União,MP2.5,2026-09-12 04:00:00+00:00,19.0,-47.11928086199998,-22.946728415999928,7.12
Campinas-V.União,MP2.5,2026-09-12 05:00:00+00:00,19.0,-47.11928086199998,-22.946728415999928,7.12
Campinas-V.União,MP2.5,2026-09-12 06:00:00+00:00,19.0,-47.11928086199998,-22.946728415999928,7.12
Campinas-V.União,MP2.5,2026-09-12 07:00:00+00:00,27.0,-47.11928086199998,-22.946728415999928,10.12
Campinas-V.União,MP2.5,2026-09-12 08:00:00+00:00,29.0,-47.11928086199998,-22.946728415999928,10.88
Campinas-V.União,MP2.5,2026-09-12 09:00:00+00:00,32.0,-47.11928086199998,-22.946728415999928,12.0
Campinas-V.União,MP2.5,2026-09-12 10:00:00+00:00,32.0,-47.11928086199998,-22.946728415999928,12.0
Campinas-V.União,MP2.5,2026-09-12 11:00:00+00:00,32.0,-47.11928086199998,-22.946728415999928,12.0
Campinas-V.União,MP2.5,2026-09-12 12:00:00+00:00,32.0,-47.11928086199998,-22.946728415999928,12.0
Campinas-V.União,MP2.5,2026-09-12 13:00:00+00:00,35.0,-47.11928086199998,-22.946728415999928,13.12
Campinas-V.União,MP2.5,2026-09-12 14:00:00+00:00,35.0,-47.11928086199998,-22.946728415999928,13.12
Campinas-V.União,MP2.5,2026-09-12 15:00:00+00:00,35.0,-47.11928086199998,-22.946728415999928,13.12
Campinas-V.União,MP2.5,2026-09-12 16:00:00+00:00,32.0,-47.11928086199998,-22.946728415999928,12.0
Campinas-V.União,MP2.5,2026-09-12 17:00:00+00:00,32.0,-47.11928086199998,-22.946728415999928,12.0
Campinas-V.União,MP2.5,2026-09-12 18:00:00+00:00,32.0,-47.11928086199998,-22.946728415999928,12.0
Campinas-V.União,MP2.5,2026-09-12 19:00:00+00:00,32.0,-47.11928086199998,-22.946728415999928,12.0
Campinas-V.União,MP2.5,2026-09-12 20:00:00+00:00,32.0,-47.11928086199998,-22.946728415999928,12.0
Campinas-V.União,MP2.5,2026-09-12 21:00:00+00:00,32.0,-47.11928086199998,-22.946728415999928,12.0
Campinas-V.União,MP2.5,2026-09-12 22:00:00+00:00,32.0,-47.11928086199998,-22.946728415999928,12.0
Campinas-V.União,MP2.5,2026-09-12 23:00:00+00:00,32.0,-47.11928086199998,-22.946728415999928,12.0
Campinas-V.União,MP2.5,2026-09-13 00:00:00+00:00,32.0,-47.11928086199998,-22.946728415999928,12.0
Campinas-V.União,MP2.5,2026-09-13 01:00:00+00:00,32.0,-47.11928086199998,-22.946728415999928,12.0
Campinas-V.União,MP2.5,2026-09-13 02:00:00+00:00,32.0,-47.11928086199998,-22.946728415999928,12.0
Campinas-V.União,MP2.5,2026-09-13 03:00:00+00:00,32.0,-47.11928086199998,-22.946728415999928,12.0
Campinas-V.União,MP2.5,2026-09-13 04:00:00+00:00,32.0,-47.11928086199998,-22.946728415999928,12.0
Campinas-V.União,MP2.5,2026-09-13 05:00:00+00:00,32.0,-47.11928086199998,-22.946728415999928,12.0
Campinas-V.União,MP2.5,2026-09-13 06:00:00+00:00,32.0,-47.11928086199998,-22.946728415999928,12.0
Campinas-V.União,MP2.5,2026-09-13 07:00:00+00:00,27.0,-47.11928086199998,-22.946728415999928,10.12
Campinas-V.União,MP2.5,2026-09-13 08:00:00+00:00,21.0,-47.11928086199998,-22.946728415999928,7.88
Campinas-V.União,MP2.5,2026-09-13 09:00:00+00:00,19.0,-47.11928086199998,-22.946728415999928,7.12
Campinas-V.União,MP2.5,2026-09-13 10:00:00+00:00,19.0,-47.11928086199998,-22.946728415999928,7.12
Campinas-V.União,MP2.5,2026-09-13 11:00:00+00:00,19.0,-47.11928086199998,-22.946728415999928,7.12
Campinas-V.União,MP2.5,2026-09-13 12:00:00+00:00,19.0,-47.11928086199998,-22.946728415999928,7.12
Campinas-V.União,MP2.5,2026-09-13 13:00:00+00:00,16.0,-47.11928086199998,-22.946728415999928,6.0
Campinas-V.União,MP2.5,2026-09-13 14:00:00+00:00,16.0,-47.11928086199998,-22.946728415999928,6.0
Campinas-V.União,MP2.5,2026-09-13 15:00:00+00:00,19.0,-47.11928086199998,-22.946728415999928,7.12
Campinas-V.União,MP2.5,2026-09-13 16:00:00+00:00,19.0,-47.11928086199998,-22.946728415999928,7.12
Campinas-V.União,MP2.5,2026-09-13 17:00:00+00:00,16.0,-47.11928086199998,-22.946728415999928,6.0
Campinas-V.União,MP2.5,2026-09-13 18:00:00+00:00,16.0,-47.11928086199998,-22.946728415999928,6.0
Capão Redondo,MP2.5,2026-09-11 19:00:00+00:00,27.0,-46.78013233599995,-23.66840930199993,10.12
Capão Redondo,MP2.5,2026-09-11 20:00:00+00:00,29.0,-46.78013233599995,-23.66840930199993,10.88
Capão Redondo,MP2.5,2026-09-11 21:00:00+00:00,29.0,-46.78013233599995,-23.66840930199993,10.88
Capão Redondo,MP2.5,2026-09-11 22:00:00+00:00,29.0,-46.78013233599995,-23.66840930199993,10.88
Capão Redondo,MP2.5,2026-09-11 23:00:00+00:00,29.0,-46.78013233599995,-23.66840930199993,10.88
Capão Redondo,MP2.5,2026-09-12 00:00:00+00:00,27.0,-46.78013233599995,-23.66840930199993,10.12
Capão Redondo,MP2.5,2026-09-12 01:00:00+00:00,27.0,-46.78013233599995,-23.66840930199993,10.12
Capão Redondo,MP2.5,2026-09-12 02:00:00+00:00,27.0,-46.78013233599995,-23.66840930199993,10.12
Capão Redondo,MP2.5,2026-09-12 03:00:00+00:00,24.0,-46.78013233599995,-23.66840930199993,9.0
Capão Redondo,MP2.5,2026-09-12 04:00:00+00:00,24.0,-46.78013233599995,-23.66840930199993,9.0
Capão Redondo,MP2.5,2026-09-12 05:00:00+00:00,21.0,-46.78013233599995,-23.66840930199993,7.88
Capão Redondo,MP2.5,2026-09-12 06:00:00+00:00,21.0,-46.78013233599995,-23.66840930199993,7.88
Capão Redondo,MP2.5,2026-09-12 07:00:00+00:00,21.0,-46.78013233599995,-23.66840930199993,7.88
Capão Redondo,MP2.5,2026-09-12 08:00:00+00:00,21.0,-46.78013233599995,-23.66840930199993,7.88
Capão Redondo,MP2.5,2026-09-12 09:00:00+00:00,21.0,-46.78013233599995,-23.66840930199993,7.88
Capão Redondo,MP2.5,2026-09-12 10:00:00+00:00,21.0,-46.78013233599995,-23.66840930199993,7.88
Capão Redondo,MP2.5,2026-09-12 11:00:00+00:00,21.0,-46.78013233599995,-23.66840930199993,7.88
Capão Redondo,MP2.5,2026-09-12 12:00:00+00:00,21.0,-46.78013233599995,-23.66840930199993,7.88
Capão Redondo,MP2.5,2026-09-12 13:00:00+00:00,21.0,-46.78013233599995,-23.66840930199993,7.88
Capão Redondo,MP2.5,2026-09-12 14:00:00+00:00,21.0,-46.78013233599995,-23.66840930199993,7.88
Capão Redondo,MP2.5,2026-09-12 15:00:00+00:00,21.0,-46.78013233599995,-23.66840930199993,7.88
Capão Redondo,MP2.5,2026-09-12 16:00:00+00:00,21.0,-46.78013233599995,-23.66840930199993,7.88
Capão Redondo,MP2.5,2026-09-12 17:00:00+00:00,21.0,-46.78013233599995,-23.66840930199993,7.88
Capão Redondo,MP2.5,2026-09-12 18:00:00+00:00,24.0,-46.78013233599995,-23.66840930199993,9.0
Capão Redondo,MP2.5,2026-09-12 19:00:00+00:00,21.0,-46.78013233599995,-23.66840930199993,7.88
Capão Redondo,MP2.5,2026-09-12 20:00:00+00:00,21.0,-46.78013233599995,-23.66840930199993,7.88
Capão Redondo,MP2.5,2026-09-12 21:00:00+00:00,21.0,-46.78013233599995,-23.66840930199993,7.88
Capão Redondo,MP2.5,2026-09-12 22:00:00+00:00,21.0,-46.78013233599995,-23.66840930199993,7.88
Capão Redondo,MP2.5,2026-09-12 23:00:00+00:00,21.0,-46.78013233599995,-23.66840930199993,7.88
Capão Redondo,MP2.5,2026-09-13 00:00:00+00:00,21.0,-46.78013233599995,-23.66840930199993,7.88
Capão Redondo,MP2.5,2026-09-13 01:00:00+00:00,21.0,-46.78013233599995,-23.66840930199993,7.88
Capão Redondo,MP2.5,2026-09-13 02:00:00+00:00,21.0,-46.78013233599995,-23.66840930199993,7.88
Capão Redondo,MP2.5,2026-09-13 03:00:00+00:00,19.0,-46.78013233599995,-23.66840930199993,7.12
Capão Redondo,MP2.5,2026-09-13 04:00:00+00:00,19.0,-46.78013233599995,-23.66840930199993,7.12
Capão Redondo,MP2.5,2026-09-13 05:00:00+00:00,19.0,-46.78013233599995,-23.66840930199993,7.12
Capão Redondo,MP2.5,2026-09-13 06:00:00+00:00,19.0,-46.78013233599995,-23.66840930199993,7.12
Capão Redondo,MP2.5,2026-09-13 07:00:00+00:00,19.0,-46.78013233599995,-23.66840930199993,7.12
Capão Redondo,MP2.5,2026-09-13 08:00:00+00:00,19.0,-46.78013233599995,-23.66840930199993,7.12
Capão Redondo,MP2.5,2026-09-13 09:00:00+00:00,19.0,-46.78013233599995,-23.66840930199993,7.12
Capão Redondo,MP2.5,2026-09-13 10:00:00+00:00,19.0,-46.78013233599995,-23.66840930199993,7.12
Capão Redondo,MP2.5,2026-09-13 11:00:00+00:00,19.0,-46.78013233599995,-23.66840930199993,7.12
Capão Redondo,MP2.5,2026-09-13 12:00:00+00:00,16.0,-46.78013233599995,-23.66840930199993,6.0
Capão Redondo,MP2.5,2026-09-13 13:00:00+00:00,16.0,-46.78013233599995,-23.66840930199993,6.0
Capão Redondo,MP2.5,2026-09-13 14:00:00+00:00,16.0,-46.78013233599995,-23.66840930199993,6.0
Capão Redondo,MP2.5,2026-09-13 15:00:00+00:00,16.0,-46.78013233599995,-23.66840930199993,6.0
Capão Redondo,MP2.5,2026-09-13 16:00:00+00:00,16.0,-46.78013233599995,-23.66840930199993,6.0
Capão Redondo,MP2.5,2026-09-13 17:00:00+00:00,16.0,-46.78013233599995,-23.66840930199993,6.0
Capão Redondo,MP2.5,2026-09-13 18:00:00+00:00,13.0,-46.78013233599995,-23.66840930199993,4.88
Carapicuíba,MP2.5,2026-09-11 19:00:00+00:00,24.0,-46.83577972799998,-23.531395027999963,9.0
Carapicuíba,MP2.5,2026-09-11 20:00:00+00:00,24.0,-46.83577972799998,-23.531395027999963,9.0
Carapicuíba,MP2.5,2026-09-11 21:00:00+00:00,24.0,-46.83577972799998,-23.531395027999963,9.0
Carapicuíba,MP2.5,2026-09-11 22:00:00+00:00,24.0,-46.83577972799998,-23.531395027999963,9.0
Carapicuíba,MP2.5,2026-09-11 23:00:00+00:00,24.0,-46.83577972799998,-23.531395027999963,9.0
Carapicuíba,MP2.5,2026-09-12 00:00:00+00:00,24.0,-46.83577972799998,-23.531395027999963,9.0
Carapicuíba,MP2.5,2026-09-12 01:00:00+00:00,24.0,-46.83577972799998,-23.531395027999963,9.0
Carapicuíba,MP2.5,2026-09-12 02:00:00+00:00,24.0,-46.83577972799998,-23.531395027999963,9.0
Carapicuíba,MP2.5,2026-09-12 03:00:00+00:00,21.0,-46.83577972799998,-23.531395027999963,7.88
Carapicuíba,MP2.5,2026-09-12 04:00:00+00:00,19.0,-46.83577972799998,-23.531395027999963,7.12
Carapicuíba,MP2.5,2026-09-12 05:00:00+00:00,19.0,-46.83577972799998,-23.531395027999963,7.12
Carapicuíba,MP2.5,2026-09-12 06:00:00+00:00,19.0,-46.83577972799998,-23.531395027999963,7.12
Carapicuíba,MP2.5,2026-09-12 07:00:00+00:00,16.0,-46.83577972799998,-23.531395027999963,6.0
Carapicuíba,MP2.5,2026-09-12 08:00:00+00:00,16.0,-46.83577972799998,-23.531395027999963,6.0
Carapicuíba,MP2.5,2026-09-12 09:00:00+00:00,16.0,-46.83577972799998,-23.531395027999963,6.0
Carapicuíba,MP2.5,2026-09-12 10:00:00+00:00,16.0,-46.83577972799998,-23.531395027999963,6.0
Carapicuíba,MP2.5,2026-09-12 11:00:00+00:00,16.0,-46.83577972799998,-23.531395027999963,6.0
Carapicuíba,MP2.5,2026-09-12 12:00:00+00:00,16.0,-46.83577972799998,-23.531395027999963,6.0
Carapicuíba,MP2.5,2026-09-12 13:00:00+00:00,16.0,-46.83577972799998,-23.531395027999963,6.0
Carapicuíba,MP2.5,2026-09-12 14:00:00+00:00,16.0,-46.83577972799998,-23.531395027999963,6.0
Carapicuíba,MP2.5,2026-09-12 15:00:00+00:00,16.0,-46.83577972799998,-23.531395027999963,6.0
Carapicuíba,MP2.5,2026-09-12 16:00:00+00:00,13.0,-46.83577972799998,-23.531395027999963,4.88
Carapicuíba,MP2.5,2026-09-12 17:00:00+00:00,13.0,-46.83577972799998,-23.531395027999963,4.88
Carapicuíba,MP2.5,2026-09-12 18:00:00+00:00,13.0,-46.83577972799998,-23.531395027999963,4.88
Carapicuíba,MP2.5,2026-09-12 19:00:00+00:00,13.0,-46.83577972799998,-23.531395027999963,4.88
Carapicuíba,MP2.5,2026-09-12 20:00:00+00:00,16.0,-46.83577972799998,-23.531395027999963,6.0
Carapicuíba,MP2.5,2026-09-12 21:00:00+00:00,16.0,-46.83577972799998,-23.531395027999963,6.0
Carapicuíba,MP2.5,2026-09-12 22:00:00+00:00,16.0,-46.83577972799998,-23.531395027999963,6.0
Carapicuíba,MP2.5,2026-09-12 23:00:00+00:00,13.0,-46.83577972799998,-23.531395027999963,4.88
Carapicuíba,MP2.5,2026-09-13 00:00:00+00:00,13.0,-46.83577972799998,-23.531395027999963,4.88
Carapicuíba,MP2.5,2026-09-13 01:00:00+00:00,13.0,-46.83577972799998,-23.531395027999963,4.88
Carapicuíba,MP2.5,2026-09-13 02:00:00+00:00,13.0,-46.83577972799998,-23.531395027999963,4.88
Carapicuíba,MP2.5,2026-09-13 03:00:00+00:00,13.0,-46.83577972799998,-23.531395027999963,4.88
Carapicuíba,MP2.5,2026-09-13 04:00:00+00:00,13.0,-46.83577972799998,-23.531395027999963,4.88
Carapicuíba,MP2.5,2026-09-13 05:00:00+00:00,13.0,-46.83577972799998,-23.531395027999963,4.88
Carapicuíba,MP2.5,2026-09-13 06:00:00+00:00,13.0,-46.83577972799998,-23.531395027999963,4.88
Carapicuíba,MP2.5,2026-09-13 07:00:00+00:00,13.0,-46.83577972799998,-23.531395027999963,4.88
Carapicuíba,MP2.5,2026-09-13 08:00:00+00:00,13.0,-46.83577972799998,-23.531395027999963,4.88
Carapicuíba,MP2.5,2026-09-13 09:00:00+00:00,13.0,-46.83577972799998,-23.531395027999963,4.88
Carapicuíba,MP2.5,2026-09-13 10:00:00+00:00,13.0,-46.83577972799998,-23.531395027999963,4.88
Carapicuíba,MP2.5,2026-09-13 11:00:00+00:00,13.0,-46.83577972799998,-23.531395027999963,4.88
Carapicuíba,MP2.5,2026-09-13 12:00:00+00:00,13.0,-46.83577972799998,-23.531395027999963,4.88
Carapicuíba,MP2.5,2026-09-13 13:00:00+00:00,13.0,-46.83577972799998,-23.531395027999963,4.88
Carapicuíba,MP2.5,2026-09-13 14:00:00+00:00,11.0,-46.83577972799998,-23.531395027999963,4.12
Carapicuíba,MP2.5,2026-09-13 15:00:00+00:00,11.0,-46.83577972799998,-23.531395027999963,4.12
Carapicuíba,MP2.5,2026-09-13 16:00:00+00:00,11.0,-46.83577972799998,-23.531395027999963,4.12
Carapicuíba,MP2.5,2026-09-13 17:00:00+00:00,11.0,-46.83577972799998,-23.531395027999963,4.12
Carapicuíba,MP2.5,2026-09-13 18:00:00+00:00,11.0,-46.83577972799998,-23.531395027999963,4.12
Cerqueira César,MP2.5,2026-09-11 19:00:00+00:00,27.0,-46.67270476899995,-23.55354256199996,10.12
Cerqueira César,MP2.5,2026-09-11 20:00:00+00:00,27.0,-46.67270476899995,-23.55354256199996,10.12
Cerqueira César,MP2.5,2026-09-11 21:00:00+00:00,27.0,-46.67270476899995,-23.55354256199996,10.12
Cerqueira César,MP2.5,2026-09-11 22:00:00+00:00,27.0,-46.67270476899995,-23.55354256199996,10.12
Cerqueira César,MP2.5,2026-09-11 23:00:00+00:00,27.0,-46.67270476899995,-23.55354256199996,10.12
Cerqueira César,MP2.5,2026-09-12 00:00:00+00:00,27.0,-46.67270476899995,-23.55354256199996,10.12
Cerqueira César,MP2.5,2026-09-12 01:00:00+00:00,27.0,-46.67270476899995,-23.55354256199996,10.12
Cerqueira César,MP2.5,2026-09-12 02:00:00+00:00,24.0,-46.67270476899995,-23.55354256199996,9.0
Cerqueira César,MP2.5,2026-09-12 03:00:00+00:00,24.0,-46.67270476899995,-23.55354256199996,9.0
Cerqueira César,MP2.5,2026-09-12 04:00:00+00:00,21.0,-46.67270476899995,-23.55354256199996,7.88
Cerqueira César,MP2.5,2026-09-12 05:00:00+00:00,21.0,-46.67270476899995,-23.55354256199996,7.88
Cerqueira César,MP2.5,2026-09-12 06:00:00+00:00,19.0,-46.67270476899995,-23.55354256199996,7.12
Cerqueira César,MP2.5,2026-09-12 07:00:00+00:00,19.0,-46.67270476899995,-23.55354256199996,7.12
Cerqueira César,MP2.5,2026-09-12 08:00:00+00:00,19.0,-46.67270476899995,-23.55354256199996,7.12
Cerqueira César,MP2.5,2026-09-12 09:00:00+00:00,19.0,-46.67270476899995,-23.55354256199996,7.12
Cerqueira César,MP2.5,2026-09-12 10:00:00+00:00,19.0,-46.67270476899995,-23.55354256199996,7.12
Cerqueira César,MP2.5,2026-09-12 11:00:00+00:00,16.0,-46.67270476899995,-23.55354256199996,6.0
Cerqueira César,MP2.5,2026-09-12 12:00:00+00:00,16.0,-46.67270476899995,-23.55354256199996,6.0
Cerqueira César,MP2.5,2026-09-12 13:00:00+00:00,16.0,-46.67270476899995,-23.55354256199996,6.0
Cerqueira César,MP2.5,2026-09-12 14:00:00+00:00,19.0,-46.67270476899995,-23.55354256199996,7.12
Cerqueira César,MP2.5,2026-09-12 15:00:00+00:00,19.0,-46.67270476899995,-23.55354256199996,7.12
Cerqueira César,MP2.5,2026-09-12 16:00:00+00:00,19.0,-46.67270476899995,-23.55354256199996,7.12
Cerqueira César,MP2.5,2026-09-12 17:00:00+00:00,19.0,-46.67270476899995,-23.55354256199996,7.12
Cerqueira César,MP2.5,2026-09-12 18:00:00+00:00,19.0,-46.67270476899995,-23.55354256199996,7.12
Cerqueira César,MP2.5,2026-09-12 19:00:00+00:00,19.0,-46.67270476899995,-23.55354256199996,7.12
Cerqueira César,MP2.5,2026-09-12 20:00:00+00:00,21.0,-46.67270476899995,-23.55354256199996,7.88
Cerqueira César,MP2.5,2026-09-12 21:00:00+00:00,21.0,-46.67270476899995,-23.55354256199996,7.88
Cerqueira César,MP2.5,2026-09-12 22:00:00+00:00,21.0,-46.67270476899995,-23.55354256199996,7.88
Cerqueira César,MP2.5,2026-09-12 23:00:00+00:00,21.0,-46.67270476899995,-23.55354256199996,7.88
Cerqueira César,MP2.5,2026-09-13 00:00:00+00:00,21.0,-46.67270476899995,-23.55354256199996,7.88
Cerqueira César,MP2.5,2026-09-13 01:00:00+00:00,21.0,-46.67270476899995,-23.55354256199996,7.88
Cerqueira César,MP2.5,2026-09-13 02:00:00+00:00,21.0,-46.67270476899995,-23.55354256199996,7.88
Cerqueira César,MP2.5,2026-09-13 03:00:00+00:00,21.0,-46.67270476899995,-23.55354256199996,7.88
Cerqueira César,MP2.5,2026-09-13 04:00:00+00:00,21.0,-46.67270476899995,-23.55354256199996,7.88
Cerqueira César,MP2.5,2026-09-13 05:00:00+00:00,21.0,-46.67270476899995,-23.55354256199996,7.88
Cerqueira César,MP2.5,2026-09-13 06:00:00+00:00,19.0,-46.67270476899995,-23.55354256199996,7.12
Cerqueira César,MP2.5,2026-09-13 07:00:00+00:00,21.0,-46.67270476899995,-23.55354256199996,7.88
Cerqueira César,MP2.5,2026-09-13 08:00:00+00:00,21.0,-46.67270476899995,-23.55354256199996,7.88
Cerqueira César,MP2.5,2026-09-13 09:00:00+00:00,19.0,-46.67270476899995,-23.55354256199996,7.12
Cerqueira César,MP2.5,2026-09-13 10:00:00+00:00,19.0,-46.67270476899995,-23.55354256199996,7.12
Cerqueira César,MP2.5,2026-09-13 11:00:00+00:00,19.0,-46.67270476899995,-23.55354256199996,7.12
Cerqueira César,MP2.5,2026-09-13 12:00:00+00:00,19.0,-46.67270476899995,-23.55354256199996,7.12
Cerqueira César,MP2.5,2026-09-13 13:00:00+00:00,19.0,-46.67270476899995,-23.55354256199996,7.12
Cerqueira César,MP2.5,2026-09-13 14:00:00+00:00,19.0,-46.67270476899995,-23.55354256199996,7.12
Cerqueira César,MP2.5,2026-09-13 15:00:00+00:00,19.0,-46.67270476899995,-23.55354256199996,7.12
Cerqueira César,MP2.5,2026-09-13 16:00:00+00:00,16.0,-46.67270476899995,-23.55354256199996,6.0
Cerqueira César,MP2.5,2026-09-13 17:00:00+00:00,16.0,-46.67270476899995,-23.55354256199996,6.0
Cerqueira César,MP2.5,2026-09-13 18:00:00+00:00,16.0,-46.67270476899995,-23.55354256199996,6.0
Cid.Universitária-USP-Ipen,MP2.5,2026-09-11 19:00:00+00:00,32.0,-46.73759943099998,-23.566267465999942,12.0
Cid.Universitária-USP-Ipen,MP2.5,2026-09-11 20:00:00+00:00,32.0,-46.73759943099998,-23.566267465999942,12.0
Cid.Universitária-USP-Ipen,MP2.5,2026-09-11 21:00:00+00:00,32.0,-46.73759943099998,-23.566267465999942,12.0
Cid.Universitária-USP-Ipen,MP2.5,2026-09-11 22:00:00+00:00,32.0,-46.73759943099998,-23.566267465999942,12.0
Cid.Universitária-USP-Ipen,MP2.5,2026-09-11 23:00:00+00:00,32.0,-46.73759943099998,-23.566267465999942,12.0
Cid.Universitária-USP-Ipen,MP2.5,2026-09-12 00:00:00+00:00,32.0,-46.73759943099998,-23.566267465999942,12.0
Cid.Universitária-USP-Ipen,MP2.5,2026-09-12 01:00:00+00:00,32.0,-46.73759943099998,-23.566267465999942,12.0
Cid.Universitária-USP-Ipen,MP2.5,2026-09-12 02:00:00+00:00,32.0,-46.73759943099998,-23.566267465999942,12.0
Cid.Universitária-USP-Ipen,MP2.5,2026-09-12 03:00:00+00:00,32.0,-46.73759943099998,-23.566267465999942,12.0
Cid.Universitária-USP-Ipen,MP2.5,2026-09-12 04:00:00+00:00,29.0,-46.73759943099998,-23.566267465999942,10.88
Cid.Universitária-USP-Ipen,MP2.5,2026-09-12 05:00:00+00:00,29.0,-46.73759943099998,-23.566267465999942,10.88
Cid.Universitária-USP-Ipen,MP2.5,2026-09-12 06:00:00+00:00,29.0,-46.73759943099998,-23.566267465999942,10.88
Cid.Universitária-USP-Ipen,MP2.5,2026-09-12 07:00:00+00:00,29.0,-46.73759943099998,-23.566267465999942,10.88
Cid.Universitária-USP-Ipen,MP2.5,2026-09-12 08:00:00+00:00,29.0,-46.73759943099998,-23.566267465999942,10.88
Cid.Universitária-USP-Ipen,MP2.5,2026-09-12 09:00:00+00:00,29.0,-46.73759943099998,-23.566267465999942,10.88
Cid.Universitária-USP-Ipen,MP2.5,2026-09-12 10:00:00+00:00,29.0,-46.73759943099998,-23.566267465999942,10.88
Cid.Universitária-USP-Ipen,MP2.5,2026-09-12 11:00:00+00:00,29.0,-46.73759943099998,-23.566267465999942,10.88
Cid.Universitária-USP-Ipen,MP2.5,2026-09-12 12:00:00+00:00,29.0,-46.73759943099998,-23.566267465999942,10.88
Cid.Universitária-USP-Ipen,MP2.5,2026-09-12 13:00:00+00:00,29.0,-46.73759943099998,-23.566267465999942,10.88
Cid.Universitária-USP-Ipen,MP2.5,2026-09-12 14:00:00+00:00,29.0,-46.73759943099998,-23.566267465999942,10.88
Cid.Universitária-USP-Ipen,MP2.5,2026-09-12 15:00:00+00:00,29.0,-46.73759943099998,-23.566267465999942,10.88
Cid.Universitária-USP-Ipen,MP2.5,2026-09-12 16:00:00+00:00,29.0,-46.73759943099998,-23.566267465999942,10.88
Cid.Universitária-USP-Ipen,MP2.5,2026-09-12 17:00:00+00:00,29.0,-46.73759943099998,-23.566267465999942,10.88
Cid.Universitária-USP-Ipen,MP2.5,2026-09-12 18:00:00+00:00,29.0,-46.73759943099998,-23.566267465999942,10.88
Cid.Universitária-USP-Ipen,MP2.5,2026-09-12 19:00:00+00:00,29.0,-46.73759943099998,-23.566267465999942,10.88
Cid.Universitária-USP-Ipen,MP2.5,2026-09-12 20:00:00+00:00,29.0,-46.73759943099998,-23.566267465999942,10.88
Cid.Universitária-USP-Ipen,MP2.5,2026-09-12 21:00:00+00:00,29.0,-46.73759943099998,-23.566267465999942,10.88
Cid.Universitária-USP-Ipen,MP2.5,2026-09-12 22:00:00+00:00,27.0,-46.73759943099998,-23.566267465999942,10.12
Cid.Universitária-USP-Ipen,MP2.5,2026-09-12 23:00:00+00:00,27.0,-46.73759943099998,-23.566267465999942,10.12
Cid.Universitária-USP-Ipen,MP2.5,2026-09-13 00:00:00+00:00,27.0,-46.73759943099998,-23.566267465999942,10.12
Cid.Universitária-USP-Ipen,MP2.5,2026-09-13 01:00:00+00:00,24.0,-46.73759943099998,-23.566267465999942,9.0
Cid.Universitária-USP-Ipen,MP2.5,2026-09-13 02:00:00+00:00,27.0,-46.73759943099998,-23.566267465999942,10.12
Cid.Universitária-USP-Ipen,MP2.5,2026-09-13 03:00:00+00:00,24.0,-46.73759943099998,-23.566267465999942,9.0
Cid.Universitária-USP-Ipen,MP2.5,2026-09-13 04:00:00+00:00,24.0,-46.73759943099998,-23.566267465999942,9.0
Cid.Universitária-USP-Ipen,MP2.5,2026-09-13 05:00:00+00:00,24.0,-46.73759943099998,-23.566267465999942,9.0
Cid.Universitária-USP-Ipen,MP2.5,2026-09-13 06:00:00+00:00,24.0,-46.73759943099998,-23.566267465999942,9.0
Cid.Universitária-USP-Ipen,MP2.5,2026-09-13 07:00:00+00:00,24.0,-46.73759943099998,-23.566267465999942,9.0
Cid.Universitária-USP-Ipen,MP2.5,2026-09-13 08:00:00+00:00,24.0,-46.73759943099998,-23.566267465999942,9.0
Cid.Universitária-USP-Ipen,MP2.5,2026-09-13 09:00:00+00:00,24.0,-46.73759943099998,-23.566267465999942,9.0
Cid.Universitária-USP-Ipen,MP2.5,2026-09-13 10:00:00+00:00,24.0,-46.73759943099998,-23.566267465999942,9.0
Cid.Universitária-USP-Ipen,MP2.5,2026-09-13 11:00:00+00:00,24.0,-46.73759943099998,-23.566267465999942,9.0
Cid.Universitária-USP-Ipen,MP2.5,2026-09-13 12:00:00+00:00,24.0,-46.73759943099998,-23.566267465999942,9.0
Cid.Universitária-USP-Ipen,MP2.5,2026-09-13 13:00:00+00:00,24.0,-46.73759943099998,-23.566267465999942,9.0
Cid.Universitária-USP-Ipen,MP2.5,2026-09-13 14:00:00+00:00,24.0,-46.73759943099998,-23.566267465999942,9.0
Cid.Universitária-USP-Ipen,MP2.5,2026-09-13 15:00:00+00:00,24.0,-46.73759943099998,-23.566267465999942,9.0
Cid.Universitária-USP-Ipen,MP2.5,2026-09-13 16:00:00+00:00,24.0,-46.73759943099998,-23.566267465999942,9.0
Cid.Universitária-USP-Ipen,MP2.5,2026-09-13 17:00:00+00:00,24.0,-46.73759943099998,-23.566267465999942,9.0
Cid.Universitária-USP-Ipen,MP2.5,2026-09-13 18:00:00+00:00,24.0,-46.73759943099998,-23.566267465999942,9.0
Congonhas,MP2.5,2026-09-11 19:00:00+00:00,27.0,-46.66346552699997,-23.616320078999934,10.12
Congonhas,MP2.5,2026-09-11 20:00:00+00:00,27.0,-46.66346552699997,-23.616320078999934,10.12
Congonhas,MP2.5,2026-09-11 21:00:00+00:00,27.0,-46.66346552699997,-23.616320078999934,10.12
Congonhas,MP2.5,2026-09-11 22:00:00+00:00,29.0,-46.66346552699997,-23.616320078999934,10.88
Congonhas,MP2.5,2026-09-11 23:00:00+00:00,29.0,-46.66346552699997,-23.616320078999934,10.88
Congonhas,MP2.5,2026-09-12 00:00:00+00:00,29.0,-46.66346552699997,-23.616320078999934,10.88
Congonhas,MP2.5,2026-09-12 01:00:00+00:00,29.0,-46.66346552699997,-23.616320078999934,10.88
Congonhas,MP2.5,2026-09-12 02:00:00+00:00,29.0,-46.66346552699997,-23.616320078999934,10.88
Congonhas,MP2.5,2026-09-12 03:00:00+00:00,27.0,-46.66346552699997,-23.616320078999934,10.12
Congonhas,MP2.5,2026-09-12 04:00:00+00:00,27.0,-46.66346552699997,-23.616320078999934,10.12
Congonhas,MP2.5,2026-09-12 05:00:00+00:00,24.0,-46.66346552699997,-23.616320078999934,9.0
Congonhas,MP2.5,2026-09-12 06:00:00+00:00,24.0,-46.66346552699997,-23.616320078999934,9.0
Congonhas,MP2.5,2026-09-12 07:00:00+00:00,21.0,-46.66346552699997,-23.616320078999934,7.88
Congonhas,MP2.5,2026-09-12 08:00:00+00:00,21.0,-46.66346552699997,-23.616320078999934,7.88
Congonhas,MP2.5,2026-09-12 09:00:00+00:00,21.0,-46.66346552699997,-23.616320078999934,7.88
Congonhas,MP2.5,2026-09-12 10:00:00+00:00,21.0,-46.66346552699997,-23.616320078999934,7.88
Congonhas,MP2.5,2026-09-12 11:00:00+00:00,21.0,-46.66346552699997,-23.616320078999934,7.88
Congonhas,MP2.5,2026-09-12 12:00:00+00:00,21.0,-46.66346552699997,-23.616320078999934,7.88
Congonhas,MP2.5,2026-09-12 13:00:00+00:00,21.0,-46.66346552699997,-23.616320078999934,7.88
Congonhas,MP2.5,2026-09-12 14:00:00+00:00,21.0,-46.66346552699997,-23.616320078999934,7.88
Congonhas,MP2.5,2026-09-12 15:00:00+00:00,24.0,-46.66346552699997,-23.616320078999934,9.0
Congonhas,MP2.5,2026-09-12 16:00:00+00:00,24.0,-46.66346552699997,-23.616320078999934,9.0
Congonhas,MP2.5,2026-09-12 17:00:00+00:00,24.0,-46.66346552699997,-23.616320078999934,9.0
Congonhas,MP2.5,2026-09-12 18:00:00+00:00,24.0,-46.66346552699997,-23.616320078999934,9.0
Congonhas,MP2.5,2026-09-12 19:00:00+00:00,24.0,-46.66346552699997,-23.616320078999934,9.0
Congonhas,MP2.5,2026-09-12 20:00:00+00:00,24.0,-46.66346552699997,-23.616320078999934,9.0
Congonhas,MP2.5,2026-09-12 21:00:00+00:00,24.0,-46.66346552699997,-23.616320078999934,9.0
Congonhas,MP2.5,2026-09-12 22:00:00+00:00,24.0,-46.66346552699997,-23.616320078999934,9.0
Congonhas,MP2.5,2026-09-12 23:00:00+00:00,21.0,-46.66346552699997,-23.616320078999934,7.88
Congonhas,MP2.5,2026-09-13 00:00:00+00:00,19.0,-46.66346552699997,-23.616320078999934,7.12
Congonhas,MP2.5,2026-09-13 01:00:00+00:00,19.0,-46.66346552699997,-23.616320078999934,7.12
Congonhas,MP2.5,2026-09-13 02:00:00+00:00,19.0,-46.66346552699997,-23.616320078999934,7.12
Congonhas,MP2.5,2026-09-13 03:00:00+00:00,19.0,-46.66346552699997,-23.616320078999934,7.12
Congonhas,MP2.5,2026-09-13 04:00:00+00:00,19.0,-46.66346552699997,-23.616320078999934,7.12
Congonhas,MP2.5,2026-09-13 05:00:00+00:00,19.0,-46.66346552699997,-23.616320078999934,7.12
Congonhas,MP2.5,2026-09-13 06:00:00+00:00,19.0,-46.66346552699997,-23.616320078999934,7.12
Congonhas,MP2.5,2026-09-13 07:00:00+00:00,19.0,-46.66346552699997,-23.616320078999934,7.12
Congonhas,MP2.5,2026-09-13 08:00:00+00:00,19.0,-46.66346552699997,-23.616320078999934,7.12
Congonhas,MP2.5,2026-09-13 09:00:00+00:00,19.0,-46.66346552699997,-23.616320078999934,7.12
Congonhas,MP2.5,2026-09-13 10:00:00+00:00,19.0,-46.66346552699997,-23.616320078999934,7.12
Congonhas,MP2.5,2026-09-13 11:00:00+00:00,19.0,-46.66346552699997,-23.616320078999934,7.12
Congonhas,MP2.5,2026-09-13 12:00:00+00:00,19.0,-46.66346552699997,-23.616320078999934,7.12
Congonhas,MP2.5,2026-09-13 13:00:00+00:00,19.0,-46.66346552699997,-23.616320078999934,7.12
Congonhas,MP2.5,2026-09-13 14:00:00+00:00,19.0,-46.66346552699997,-23.616320078999934,7.12
Congonhas,MP2.5,2026-09-13 15:00:00+00:00,19.0,-46.66346552699997,-23.616320078999934,7.12
Congonhas,MP2.5,2026-09-13 16:00:00+00:00,16.0,-46.66346552699997,-23.616320078999934,6.0
Congonhas,MP2.5,2026-09-13 17:00:00+00:00,16.0,-46.66346552699997,-23.616320078999934,6.0
Congonhas,MP2.5,2026-09-13 18:00:00+00:00,16.0,-46.66346552699997,-23.616320078999934,6.0
Cubatão-Centro,MP2.5,2026-09-11 19:00:00+00:00,16.0,-46.41848336199996,-23.879026730999954,6.0
Cubatão-Centro,MP2.5,2026-09-11 20:00:00+00:00,16.0,-46.41848336199996,-23.879026730999954,6.0
Cubatão-Centro,MP2.5,2026-09-11 21:00:00+00:00,13.0,-46.41848336199996,-23.879026730999954,4.88
Cubatão-Centro,MP2.5,2026-09-11 22:00:00+00:00,13.0,-46.41848336199996,-23.879026730999954,4.88
Cubatão-Centro,MP2.5,2026-09-11 23:00:00+00:00,13.0,-46.41848336199996,-23.879026730999954,4.88
Cubatão-Centro,MP2.5,2026-09-12 00:00:00+00:00,13.0,-46.41848336199996,-23.879026730999954,4.88
Cubatão-Centro,MP2.5,2026-09-12 01:00:00+00:00,13.0,-46.41848336199996,-23.879026730999954,4.88
Cubatão-Centro,MP2.5,2026-09-12 02:00:00+00:00,13.0,-46.41848336199996,-23.879026730999954,4.88
Cubatão-Centro,MP2.5,2026-09-12 03:00:00+00:00,16.0,-46.41848336199996,-23.879026730999954,6.0
Cubatão-Centro,MP2.5,2026-09-12 04:00:00+00:00,13.0,-46.41848336199996,-23.879026730999954,4.88
Cubatão-Centro,MP2.5,2026-09-12 05:00:00+00:00,16.0,-46.41848336199996,-23.879026730999954,6.0
Cubatão-Centro,MP2.5,2026-09-12 06:00:00+00:00,16.0,-46.41848336199996,-23.879026730999954,6.0
Cubatão-Centro,MP2.5,2026-09-12 07:00:00+00:00,16.0,-46.41848336199996,-23.879026730999954,6.0
Cubatão-Centro,MP2.5,2026-09-12 08:00:00+00:00,16.0,-46.41848336199996,-23.879026730999954,6.0
Cubatão-Centro,MP2.5,2026-09-12 09:00:00+00:00,16.0,-46.41848336199996,-23.879026730999954,6.0
Cubatão-Centro,MP2.5,2026-09-12 10:00:00+00:00,13.0,-46.41848336199996,-23.879026730999954,4.88
Cubatão-Centro,MP2.5,2026-09-12 11:00:00+00:00,13.0,-46.41848336199996,-23.879026730999954,4.88
Cubatão-Centro,MP2.5,2026-09-12 12:00:00+00:00,13.0,-46.41848336199996,-23.879026730999954,4.88
Cubatão-Centro,MP2.5,2026-09-12 13:00:00+00:00,13.0,-46.41848336199996,-23.879026730999954,4.88
Cubatão-Centro,MP2.5,2026-09-12 14:00:00+00:00,13.0,-46.41848336199996,-23.879026730999954,4.88
Cubatão-Centro,MP2.5,2026-09-12 15:00:00+00:00,13.0,-46.41848336199996,-23.879026730999954,4.88
Cubatão-Centro,MP2.5,2026-09-12 16:00:00+00:00,13.0,-46.41848336199996,-23.879026730999954,4.88
Cubatão-Centro,MP2.5,2026-09-12 17:00:00+00:00,13.0,-46.41848336199996,-23.879026730999954,4.88
Cubatão-Centro,MP2.5,2026-09-12 18:00:00+00:00,13.0,-46.41848336199996,-23.879026730999954,4.88
Cubatão-Centro,MP2.5,2026-09-12 19:00:00+00:00,13.0,-46.41848336199996,-23.879026730999954,4.88
Cubatão-Centro,MP2.5,2026-09-12 20:00:00+00:00,13.0,-46.41848336199996,-23.879026730999954,4.88
Cubatão-Centro,MP2.5,2026-09-12 21:00:00+00:00,13.0,-46.41848336199996,-23.879026730999954,4.88
Cubatão-Centro,MP2.5,2026-09-12 22:00:00+00:00,11.0,-46.41848336199996,-23.879026730999954,4.12
Cubatão-Centro,MP2.5,2026-09-12 23:00:00+00:00,11.0,-46.41848336199996,-23.879026730999954,4.12
Cubatão-Centro,MP2.5,2026-09-13 00:00:00+00:00,11.0,-46.41848336199996,-23.879026730999954,4.12
Cubatão-Centro,MP2.5,2026-09-13 01:00:00+00:00,11.0,-46.41848336199996,-23.879026730999954,4.12
Cubatão-Centro,MP2.5,2026-09-13 02:00:00+00:00,11.0,-46.41848336199996,-23.879026730999954,4.12
Cubatão-Centro,MP2.5,2026-09-13 03:00:00+00:00,11.0,-46.41848336199996,-23.879026730999954,4.12
Cubatão-Centro,MP2.5,2026-09-13 04:00:00+00:00,11.0,-46.41848336199996,-23.879026730999954,4.12
Cubatão-Centro,MP2.5,2026-09-13 05:00:00+00:00,8.0,-46.41848336199996,-23.879026730999954,3.0
Cubatão-Centro,MP2.5,2026-09-13 06:00:00+00:00,8.0,-46.41848336199996,-23.879026730999954,3.0
Cubatão-Centro,MP2.5,2026-09-13 07:00:00+00:00,8.0,-46.41848336199996,-23.879026730999954,3.0
Cubatão-Centro,MP2.5,2026-09-13 08:00:00+00:00,5.0,-46.41848336199996,-23.879026730999954,1.88
Cubatão-Centro,MP2.5,2026-09-13 09:00:00+00:00,5.0,-46.41848336199996,-23.879026730999954,1.88
Cubatão-Centro,MP2.5,2026-09-13 10:00:00+00:00,5.0,-46.41848336199996,-23.879026730999954,1.88
Cubatão-Centro,MP2.5,2026-09-13 11:00:00+00:00,5.0,-46.41848336199996,-23.879026730999954,1.88
Cubatão-Centro,MP2.5,2026-09-13 12:00:00+00:00,5.0,-46.41848336199996,-23.879026730999954,1.88
Cubatão-Centro,MP2.5,2026-09-13 13:00:00+00:00,5.0,-46.41848336199996,-23.879026730999954,1.88
Cubatão-Centro,MP2.5,2026-09-13 14:00:00+00:00,5.0,-46.41848336199996,-23.879026730999954,1.88
Cubatão-Centro,MP2.5,2026-09-13 15:00:00+00:00,5.0,-46.41848336199996,-23.879026730999954,1.88
Cubatão-Centro,MP2.5,2026-09-13 16:00:00+00:00,5.0,-46.41848336199996,-23.879026730999954,1.88
Cubatão-Centro,MP2.5,2026-09-13 17:00:00+00:00,3.0,-46.41848336199996,-23.879026730999954,1.12
Cubatão-Centro,MP2.5,2026-09-13 18:00:00+00:00,3.0,-46.41848336199996,-23.879026730999954,1.12
Diadema,MP2.5,2026-09-11 19:00:00+00:00,56.0,-46.61170114199996,-23.685938798999928,29.0
Diadema,MP2.5,2026-09-11 20:00:00+00:00,57.0,-46.61170114199996,-23.685938798999928,29.88
Diadema,MP2.5,2026-09-11 21:00:00+00:00,57.0,-46.61170114199996,-23.685938798999928,29.88
Diadema,MP2.5,2026-09-11 22:00:00+00:00,57.0,-46.61170114199996,-23.685938798999928,29.88
Diadema,MP2.5,2026-09-11 23:00:00+00:00,60.0,-46.61170114199996,-23.685938798999928,32.5
Diadema,MP2.5,2026-09-12 00:00:00+00:00,59.0,-46.61170114199996,-23.685938798999928,31.62
Diadema,MP2.5,2026-09-12 01:00:00+00:00,60.0,-46.61170114199996,-23.685938798999928,32.5
Diadema,MP2.5,2026-09-12 02:00:00+00:00,61.0,-46.61170114199996,-23.685938798999928,33.38
Diadema,MP2.5,2026-09-12 03:00:00+00:00,62.0,-46.61170114199996,-23.685938798999928,34.25
Diadema,MP2.5,2026-09-12 04:00:00+00:00,63.0,-46.61170114199996,-23.685938798999928,35.12
Diadema,MP2.5,2026-09-12 05:00:00+00:00,64.0,-46.61170114199996,-23.685938798999928,36.0
Diadema,MP2.5,2026-09-12 06:00:00+00:00,65.0,-46.61170114199996,-23.685938798999928,36.88
Diadema,MP2.5,2026-09-12 07:00:00+00:00,61.0,-46.61170114199996,-23.685938798999928,33.38
Diadema,MP2.5,2026-09-12 08:00:00+00:00,61.0,-46.61170114199996,-23.685938798999928,33.38
Diadema,MP2.5,2026-09-12 09:00:00+00:00,61.0,-46.61170114199996,-23.685938798999928,33.38
Diadema,MP2.5,2026-09-12 10:00:00+00:00,57.0,-46.61170114199996,-23.685938798999928,29.88
Diadema,MP2.5,2026-09-12 11:00:00+00:00,56.0,-46.61170114199996,-23.685938798999928,29.0
Diadema,MP2.5,2026-09-12 12:00:00+00:00,56.0,-46.61170114199996,-23.685938798999928,29.0
Diadema,MP2.5,2026-09-12 13:00:00+00:00,55.0,-46.61170114199996,-23.685938798999928,28.12
Diadema,MP2.5,2026-09-12 14:00:00+00:00,51.0,-46.61170114199996,-23.685938798999928,24.62
Diadema,MP2.5,2026-09-12 15:00:00+00:00,47.0,-46.61170114199996,-23.685938798999928,21.12
Diadema,MP2.5,2026-09-12 16:00:00+00:00,42.0,-46.61170114199996,-23.685938798999928,16.75
Diadema,MP2.5,2026-09-12 17:00:00+00:00,42.0,-46.61170114199996,-23.685938798999928,16.75
Diadema,MP2.5,2026-09-12 18:00:00+00:00,40.0,-46.61170114199996,-23.685938798999928,15.0
Diadema,MP2.5,2026-09-12 19:00:00+00:00,37.0,-46.61170114199996,-23.685938798999928,13.88
Diadema,MP2.5,2026-09-12 20:00:00+00:00,37.0,-46.61170114199996,-23.685938798999928,13.88
Diadema,MP2.5,2026-09-12 21:00:00+00:00,37.0,-46.61170114199996,-23.685938798999928,13.88
Diadema,MP2.5,2026-09-12 22:00:00+00:00,37.0,-46.61170114199996,-23.685938798999928,13.88
Diadema,MP2.5,2026-09-12 23:00:00+00:00,29.0,-46.61170114199996,-23.685938798999928,10.88
Diadema,MP2.5,2026-09-13 00:00:00+00:00,29.0,-46.61170114199996,-23.685938798999928,10.88
Diadema,MP2.5,2026-09-13 01:00:00+00:00,29.0,-46.61170114199996,-23.685938798999928,10.88
Diadema,MP2.5,2026-09-13 02:00:00+00:00,29.0,-46.61170114199996,-23.685938798999928,10.88
Diadema,MP2.5,2026-09-13 03:00:00+00:00,29.0,-46.61170114199996,-23.685938798999928,10.88
Diadema,MP2.5,2026-09-13 04:00:00+00:00,29.0,-46.61170114199996,-23.685938798999928,10.88
Diadema,MP2.5,2026-09-13 05:00:00+00:00,29.0,-46.61170114199996,-23.685938798999928,10.88
Diadema,MP2.5,2026-09-13 06:00:00+00:00,27.0,-46.61170114199996,-23.685938798999928,10.12
Diadema,MP2.5,2026-09-13 07:00:00+00:00,,-46.61170114199996,-23.685938798999928,
Diadema,MP2.5,2026-09-13 08:00:00+00:00,,-46.61170114199996,-23.685938798999928,
Diadema,MP2.5,2026-09-13 09:00:00+00:00,,-46.61170114199996,-23.685938798999928,
Diadema,MP2.5,2026-09-13 10:00:00+00:00,,-46.61170114199996,-23.685938798999928,
Diadema,MP2.5,2026-09-13 11:00:00+00:00,,-46.61170114199996,-23.685938798999928,
Diadema,MP2.5,2026-09-13 12:00:00+00:00,,-46.61170114199996,-23.685938798999928,
Diadema,MP2.5,2026-09-13 13:00:00+00:00,,-46.61170114199996,-23.685938798999928,
Diadema,MP2.5,2026-09-13 14:00:00+00:00,,-46.61170114199996,-23.685938798999928,
Diadema,MP2.5,2026-09-13 15:00:00+00:00,,-46.61170114199996,-23.685938798999928,
Diadema,MP2.5,2026-09-13 16:00:00+00:00,,-46.61170114199996,-23.685938798999928,
Diadema,MP2.5,2026-09-13 17:00:00+00:00,,-46.61170114199996,-23.685938798999928,
Diadema,MP2.5,2026-09-13 18:00:00+00:00,,-46.61170114199996,-23.685938798999928,
Grajaú-Parelheiros,MP2.5,2026-09-11 19:00:00+00:00,35.0,-46.69696107799996,-23.776265983999963,13.12
Grajaú-Parelheiros,MP2.5,2026-09-11 20:00:00+00:00,35.0,-46.69696107799996,-23.776265983999963,13.12
Grajaú-Parelheiros,MP2.5,2026-09-11 21:00:00+00:00,35.0,-46.69696107799996,-23.776265983999963,13.12
Grajaú-Parelheiros,MP2.5,2026-09-11 22:00:00+00:00,35.0,-46.69696107799996,-23.776265983999963,13.12
Grajaú-Parelheiros,MP2.5,2026-09-11 23:00:00+00:00,35.0,-46.69696107799996,-23.776265983999963,13.12
Grajaú-Parelheiros,MP2.5,2026-09-12 00:00:00+00:00,35.0,-46.69696107799996,-23.776265983999963,13.12
Grajaú-Parelheiros,MP2.5,2026-09-12 01:00:00+00:00,32.0,-46.69696107799996,-23.776265983999963,12.0
Grajaú-Parelheiros,MP2.5,2026-09-12 02:00:00+00:00,29.0,-46.69696107799996,-23.776265983999963,10.88
Grajaú-Parelheiros,MP2.5,2026-09-12 03:00:00+00:00,27.0,-46.69696107799996,-23.776265983999963,10.12
Grajaú-Parelheiros,MP2.5,2026-09-12 04:00:00+00:00,24.0,-46.69696107799996,-23.776265983999963,9.0
Grajaú-Parelheiros,MP2.5,2026-09-12 05:00:00+00:00,21.0,-46.69696107799996,-23.776265983999963,7.88
Grajaú-Parelheiros,MP2.5,2026-09-12 06:00:00+00:00,21.0,-46.69696107799996,-23.776265983999963,7.88
Grajaú-Parelheiros,MP2.5,2026-09-12 07:00:00+00:00,19.0,-46.69696107799996,-23.776265983999963,7.12
Grajaú-Parelheiros,MP2.5,2026-09-12 08:00:00+00:00,19.0,-46.69696107799996,-23.776265983999963,7.12
Grajaú-Parelheiros,MP2.5,2026-09-12 09:00:00+00:00,19.0,-46.69696107799996,-23.776265983999963,7.12
Grajaú-Parelheiros,MP2.5,2026-09-12 10:00:00+00:00,19.0,-46.69696107799996,-23.776265983999963,7.12
Grajaú-Parelheiros,MP2.5,2026-09-12 11:00:00+00:00,21.0,-46.69696107799996,-23.776265983999963,7.88
Grajaú-Parelheiros,MP2.5,2026-09-12 12:00:00+00:00,19.0,-46.69696107799996,-23.776265983999963,7.12
Grajaú-Parelheiros,MP2.5,2026-09-12 13:00:00+00:00,21.0,-46.69696107799996,-23.776265983999963,7.88
Grajaú-Parelheiros,MP2.5,2026-09-12 14:00:00+00:00,21.0,-46.69696107799996,-23.776265983999963,7.88
Grajaú-Parelheiros,MP2.5,2026-09-12 15:00:00+00:00,19.0,-46.69696107799996,-23.776265983999963,7.12
Grajaú-Parelheiros,MP2.5,2026-09-12 16:00:00+00:00,19.0,-46.69696107799996,-23.776265983999963,7.12
Grajaú-Parelheiros,MP2.5,2026-09-12 17:00:00+00:00,21.0,-46.69696107799996,-23.776265983999963,7.88
Grajaú-Parelheiros,MP2.5,2026-09-12 18:00:00+00:00,19.0,-46.69696107799996,-23.776265983999963,7.12
Grajaú-Parelheiros,MP2.5,2026-09-12 19:00:00+00:00,19.0,-46.69696107799996,-23.776265983999963,7.12
Grajaú-Parelheiros,MP2.5,2026-09-12 20:00:00+00:00,19.0,-46.69696107799996,-23.776265983999963,7.12
Grajaú-Parelheiros,MP2.5,2026-09-12 21:00:00+00:00,16.0,-46.69696107799996,-23.776265983999963,6.0
Grajaú-Parelheiros,MP2.5,2026-09-12 22:00:00+00:00,16.0,-46.69696107799996,-23.776265983999963,6.0
Grajaú-Parelheiros,MP2.5,2026-09-12 23:00:00+00:00,16.0,-46.69696107799996,-23.776265983999963,6.0
Grajaú-Parelheiros,MP2.5,2026-09-13 00:00:00+00:00,16.0,-46.69696107799996,-23.776265983999963,6.0
Grajaú-Parelheiros,MP2.5,2026-09-13 01:00:00+00:00,16.0,-46.69696107799996,-23.776265983999963,6.0
Grajaú-Parelheiros,MP2.5,2026-09-13 02:00:00+00:00,16.0,-46.69696107799996,-23.776265983999963,6.0
Grajaú-Parelheiros,MP2.5,2026-09-13 03:00:00+00:00,16.0,-46.69696107799996,-23.776265983999963,6.0
Grajaú-Parelheiros,MP2.5,2026-09-13 04:00:00+00:00,16.0,-46.69696107799996,-23.776265983999963,6.0
Grajaú-Parelheiros,MP2.5,2026-09-13 05:00:00+00:00,13.0,-46.69696107799996,-23.776265983999963,4.88
Grajaú-Parelheiros,MP2.5,2026-09-13 06:00:00+00:00,13.0,-46.69696107799996,-23.776265983999963,4.88
Grajaú-Parelheiros,MP2.5,2026-09-13 07:00:00+00:00,13.0,-46.69696107799996,-23.776265983999963,4.88
Grajaú-Parelheiros,MP2.5,2026-09-13 08:00:00+00:00,13.0,-46.69696107799996,-23.776265983999963,4.88
Grajaú-Parelheiros,MP2.5,2026-09-13 09:00:00+00:00,13.0,-46.69696107799996,-23.776265983999963,4.88
Grajaú-Parelheiros,MP2.5,2026-09-13 10:00:00+00:00,13.0,-46.69696107799996,-23.776265983999963,4.88
Grajaú-Parelheiros,MP2.5,2026-09-13 11:00:00+00:00,11.0,-46.69696107799996,-23.776265983999963,4.12
Grajaú-Parelheiros,MP2.5,2026-09-13 12:00:00+00:00,11.0,-46.69696107799996,-23.776265983999963,4.12
Grajaú-Parelheiros,MP2.5,2026-09-13 13:00:00+00:00,11.0,-46.69696107799996,-23.776265983999963,4.12
Grajaú-Parelheiros,MP2.5,2026-09-13 14:00:00+00:00,11.0,-46.69696107799996,-23.776265983999963,4.12
Grajaú-Parelheiros,MP2.5,2026-09-13 15:00:00+00:00,8.0,-46.69696107799996,-23.776265983999963,3.0
Grajaú-Parelheiros,MP2.5,2026-09-13 16:00:00+00:00,8.0,-46.69696107799996,-23.776265983999963,3.0
Grajaú-Parelheiros,MP2.5,2026-09-13 17:00:00+00:00,8.0,-46.69696107799996,-23.776265983999963,3.0
Grajaú-Parelheiros,MP2.5,2026-09-13 18:00:00+00:00,5.0,-46.69696107799996,-23.776265983999963,1.88
Guaratinguetá,MP2.5,2026-09-11 19:00:00+00:00,16.0,-45.19112235999995,-22.801917138999954,6.0
Guaratinguetá,MP2.5,2026-09-11 20:00:00+00:00,13.0,-45.19112235999995,-22.801917138999954,4.88
Guaratinguetá,MP2.5,2026-09-11 21:00:00+00:00,13.0,-45.19112235999995,-22.801917138999954,4.88
Guaratinguetá,MP2.5,2026-09-11 22:00:00+00:00,16.0,-45.19112235999995,-22.801917138999954,6.0
Guaratinguetá,MP2.5,2026-09-11 23:00:00+00:00,19.0,-45.19112235999995,-22.801917138999954,7.12
Guaratinguetá,MP2.5,2026-09-12 00:00:00+00:00,19.0,-45.19112235999995,-22.801917138999954,7.12
Guaratinguetá,MP2.5,2026-09-12 01:00:00+00:00,16.0,-45.19112235999995,-22.801917138999954,6.0
Guaratinguetá,MP2.5,2026-09-12 02:00:00+00:00,19.0,-45.19112235999995,-22.801917138999954,7.12
Guaratinguetá,MP2.5,2026-09-12 03:00:00+00:00,19.0,-45.19112235999995,-22.801917138999954,7.12
Guaratinguetá,MP2.5,2026-09-12 04:00:00+00:00,19.0,-45.19112235999995,-22.801917138999954,7.12
Guaratinguetá,MP2.5,2026-09-12 05:00:00+00:00,19.0,-45.19112235999995,-22.801917138999954,7.12
Guaratinguetá,MP2.5,2026-09-12 06:00:00+00:00,19.0,-45.19112235999995,-22.801917138999954,7.12
Guaratinguetá,MP2.5,2026-09-12 07:00:00+00:00,19.0,-45.19112235999995,-22.801917138999954,7.12
Guaratinguetá,MP2.5,2026-09-12 08:00:00+00:00,19.0,-45.19112235999995,-22.801917138999954,7.12
Guaratinguetá,MP2.5,2026-09-12 09:00:00+00:00,19.0,-45.19112235999995,-22.801917138999954,7.12
Guaratinguetá,MP2.5,2026-09-12 10:00:00+00:00,21.0,-45.19112235999995,-22.801917138999954,7.88
Guaratinguetá,MP2.5,2026-09-12 11:00:00+00:00,19.0,-45.19112235999995,-22.801917138999954,7.12
Guaratinguetá,MP2.5,2026-09-12 12:00:00+00:00,19.0,-45.19112235999995,-22.801917138999954,7.12
Guaratinguetá,MP2.5,2026-09-12 13:00:00+00:00,21.0,-45.19112235999995,-22.801917138999954,7.88
Guaratinguetá,MP2.5,2026-09-12 14:00:00+00:00,21.0,-45.19112235999995,-22.801917138999954,7.88
Guaratinguetá,MP2.5,2026-09-12 15:00:00+00:00,21.0,-45.19112235999995,-22.801917138999954,7.88
Guaratinguetá,MP2.5,2026-09-12 16:00:00+00:00,21.0,-45.19112235999995,-22.801917138999954,7.88
Guaratinguetá,MP2.5,2026-09-12 17:00:00+00:00,21.0,-45.19112235999995,-22.801917138999954,7.88
Guaratinguetá,MP2.5,2026-09-12 18:00:00+00:00,19.0,-45.19112235999995,-22.801917138999954,7.12
Guaratinguetá,MP2.5,2026-09-12 19:00:00+00:00,19.0,-45.19112235999995,-22.801917138999954,7.12
Guaratinguetá,MP2.5,2026-09-12 20:00:00+00:00,21.0,-45.19112235999995,-22.801917138999954,7.88
Guaratinguetá,MP2.5,2026-09-12 21:00:00+00:00,21.0,-45.19112235999995,-22.801917138999954,7.88
Guaratinguetá,MP2.5,2026-09-12 22:00:00+00:00,21.0,-45.19112235999995,-22.801917138999954,7.88
Guaratinguetá,MP2.5,2026-09-12 23:00:00+00:00,16.0,-45.19112235999995,-22.801917138999954,6.0
Guaratinguetá,MP2.5,2026-09-13 00:00:00+00:00,19.0,-45.19112235999995,-22.801917138999954,7.12
Guaratinguetá,MP2.5,2026-09-13 01:00:00+00:00,19.0,-45.19112235999995,-22.801917138999954,7.12
Guaratinguetá,MP2.5,2026-09-13 02:00:00+00:00,19.0,-45.19112235999995,-22.801917138999954,7.12
Guaratinguetá,MP2.5,2026-09-13 03:00:00+00:00,16.0,-45.19112235999995,-22.801917138999954,6.0
Guaratinguetá,MP2.5,2026-09-13 04:00:00+00:00,16.0,-45.19112235999995,-22.801917138999954,6.0
Guaratinguetá,MP2.5,2026-09-13 05:00:00+00:00,16.0,-45.19112235999995,-22.801917138999954,6.0
Guaratinguetá,MP2.5,2026-09-13 06:00:00+00:00,16.0,-45.19112235999995,-22.801917138999954,6.0
Guaratinguetá,MP2.5,2026-09-13 07:00:00+00:00,16.0,-45.19112235999995,-22.801917138999954,6.0
Guaratinguetá,MP2.5,2026-09-13 08:00:00+00:00,16.0,-45.19112235999995,-22.801917138999954,6.0
Guaratinguetá,MP2.5,2026-09-13 09:00:00+00:00,16.0,-45.19112235999995,-22.801917138999954,6.0
Guaratinguetá,MP2.5,2026-09-13 10:00:00+00:00,13.0,-45.19112235999995,-22.801917138999954,4.88
Guaratinguetá,MP2.5,2026-09-13 11:00:00+00:00,13.0,-45.19112235999995,-22.801917138999954,4.88
Guaratinguetá,MP2.5,2026-09-13 12:00:00+00:00,13.0,-45.19112235999995,-22.801917138999954,4.88
Guaratinguetá,MP2.5,2026-09-13 13:00:00+00:00,13.0,-45.19112235999995,-22.801917138999954,4.88
Guaratinguetá,MP2.5,2026-09-13 14:00:00+00:00,13.0,-45.19112235999995,-22.801917138999954,4.88
Guaratinguetá,MP2.5,2026-09-13 15:00:00+00:00,13.0,-45.19112235999995,-22.801917138999954,4.88
Guaratinguetá,MP2.5,2026-09-13 16:00:00+00:00,,-45.19112235999995,-22.801917138999954,
Guaratinguetá,MP2.5,2026-09-13 17:00:00+00:00,,-45.19112235999995,-22.801917138999954,
Guaratinguetá,MP2.5,2026-09-13 18:00:00+00:00,,-45.19112235999995,-22.801917138999954,
Guarulhos-Paço Municipal,MP2.5,2026-09-11 19:00:00+00:00,21.0,-46.518533402999935,-23.455534257999943,7.88
Guarulhos-Paço Municipal,MP2.5,2026-09-11 20:00:00+00:00,19.0,-46.518533402999935,-23.455534257999943,7.12
Guarulhos-Paço Municipal,MP2.5,2026-09-11 21:00:00+00:00,21.0,-46.518533402999935,-23.455534257999943,7.88
Guarulhos-Paço Municipal,MP2.5,2026-09-11 22:00:00+00:00,21.0,-46.518533402999935,-23.455534257999943,7.88
Guarulhos-Paço Municipal,MP2.5,2026-09-11 23:00:00+00:00,21.0,-46.518533402999935,-23.455534257999943,7.88
Guarulhos-Paço Municipal,MP2.5,2026-09-12 00:00:00+00:00,21.0,-46.518533402999935,-23.455534257999943,7.88
Guarulhos-Paço Municipal,MP2.5,2026-09-12 01:00:00+00:00,21.0,-46.518533402999935,-23.455534257999943,7.88
Guarulhos-Paço Municipal,MP2.5,2026-09-12 02:00:00+00:00,21.0,-46.518533402999935,-23.455534257999943,7.88
Guarulhos-Paço Municipal,MP2.5,2026-09-12 03:00:00+00:00,19.0,-46.518533402999935,-23.455534257999943,7.12
Guarulhos-Paço Municipal,MP2.5,2026-09-12 04:00:00+00:00,19.0,-46.518533402999935,-23.455534257999943,7.12
Guarulhos-Paço Municipal,MP2.5,2026-09-12 05:00:00+00:00,19.0,-46.518533402999935,-23.455534257999943,7.12
Guarulhos-Paço Municipal,MP2.5,2026-09-12 06:00:00+00:00,19.0,-46.518533402999935,-23.455534257999943,7.12
Guarulhos-Paço Municipal,MP2.5,2026-09-12 07:00:00+00:00,,-46.518533402999935,-23.455534257999943,
Guarulhos-Paço Municipal,MP2.5,2026-09-12 08:00:00+00:00,,-46.518533402999935,-23.455534257999943,
Guarulhos-Paço Municipal,MP2.5,2026-09-12 09:00:00+00:00,,-46.518533402999935,-23.455534257999943,
Guarulhos-Paço Municipal,MP2.5,2026-09-12 10:00:00+00:00,,-46.518533402999935,-23.455534257999943,
Guarulhos-Paço Municipal,MP2.5,2026-09-12 11:00:00+00:00,,-46.518533402999935,-23.455534257999943,
Guarulhos-Paço Municipal,MP2.5,2026-09-12 12:00:00+00:00,,-46.518533402999935,-23.455534257999943,
Guarulhos-Paço Municipal,MP2.5,2026-09-12 13:00:00+00:00,,-46.518533402999935,-23.455534257999943,
Guarulhos-Paço Municipal,MP2.5,2026-09-12 14:00:00+00:00,,-46.518533402999935,-23.455534257999943,
Guarulhos-Paço Municipal,MP2.5,2026-09-12 15:00:00+00:00,,-46.518533402999935,-23.455534257999943,
Guarulhos-Paço Municipal,MP2.5,2026-09-12 16:00:00+00:00,,-46.518533402999935,-23.455534257999943,
Guarulhos-Paço Municipal,MP2.5,2026-09-12 17:00:00+00:00,,-46.518533402999935,-23.455534257999943,
Guarulhos-Paço Municipal,MP2.5,2026-09-12 18:00:00+00:00,,-46.518533402999935,-23.455534257999943,
Guarulhos-Paço Municipal,MP2.5,2026-09-12 19:00:00+00:00,,-46.518533402999935,-23.455534257999943,
Guarulhos-Paço Municipal,MP2.5,2026-09-12 20:00:00+00:00,,-46.518533402999935,-23.455534257999943,
Guarulhos-Paço Municipal,MP2.5,2026-09-12 21:00:00+00:00,,-46.518533402999935,-23.455534257999943,
Guarulhos-Paço Municipal,MP2.5,2026-09-12 22:00:00+00:00,,-46.518533402999935,-23.455534257999943,
Guarulhos-Paço Municipal,MP2.5,2026-09-12 23:00:00+00:00,,-46.518533402999935,-23.455534257999943,
Guarulhos-Paço Municipal,MP2.5,2026-09-13 00:00:00+00:00,,-46.518533402999935,-23.455534257999943,
Guarulhos-Paço Municipal,MP2.5,2026-09-13 01:00:00+00:00,,-46.518533402999935,-23.455534257999943,
Guarulhos-Paço Municipal,MP2.5,2026-09-13 02:00:00+00:00,,-46.518533402999935,-23.455534257999943,
Guarulhos-Paço Municipal,MP2.5,2026-09-13 03:00:00+00:00,,-46.518533402999935,-23.455534257999943,
Guarulhos-Paço Municipal,MP2.5,2026-09-13 04:00:00+00:00,,-46.518533402999935,-23.455534257999943,
Guarulhos-Paço Municipal,MP2.5,2026-09-13 05:00:00+00:00,,-46.518533402999935,-23.455534257999943,
Guarulhos-Paço Municipal,MP2.5,2026-09-13 06:00:00+00:00,,-46.518533402999935,-23.455534257999943,
Guarulhos-Paço Municipal,MP2.5,2026-09-13 07:00:00+00:00,,-46.518533402999935,-23.455534257999943,
Guarulhos-Paço Municipal,MP2.5,2026-09-13 08:00:00+00:00,,-46.518533402999935,-23.455534257999943,
Guarulhos-Paço Municipal,MP2.5,2026-09-13 09:00:00+00:00,,-46.518533402999935,-23.455534257999943,
Guarulhos-Paço Municipal,MP2.5,2026-09-13 10:00:00+00:00,,-46.518533402999935,-23.455534257999943,
Guarulhos-Paço Municipal,MP2.5,2026-09-13 11:00:00+00:00,,-46.518533402999935,-23.455534257999943,
Guarulhos-Paço Municipal,MP2.5,2026-09-13 12:00:00+00:00,,-46.518533402999935,-23.455534257999943,
Guarulhos-Paço Municipal,MP2.5,2026-09-13 13:00:00+00:00,,-46.518533402999935,-23.455534257999943,
Guarulhos-Paço Municipal,MP2.5,2026-09-13 14:00:00+00:00,,-46.518533402999935,-23.455534257999943,
Guarulhos-Paço Municipal,MP2.5,2026-09-13 15:00:00+00:00,,-46.518533402999935,-23.455534257999943,
Guarulhos-Paço Municipal,MP2.5,2026-09-13 16:00:00+00:00,,-46.518533402999935,-23.455534257999943,
Guarulhos-Paço Municipal,MP2.5,2026-09-13 17:00:00+00:00,,-46.518533402999935,-23.455534257999943,
Guarulhos-Paço Municipal,MP2.5,2026-09-13 18:00:00+00:00,,-46.518533402999935,-23.455534257999943,
Guarulhos-Pimentas,MP2.5,2026-09-11 19:00:00+00:00,19.0,-46.40994877099996,-23.44011700799996,7.12
Guarulhos-Pimentas,MP2.5,2026-09-11 20:00:00+00:00,21.0,-46.40994877099996,-23.44011700799996,7.88
Guarulhos-Pimentas,MP2.5,2026-09-11 21:00:00+00:00,21.0,-46.40994877099996,-23.44011700799996,7.88
Guarulhos-Pimentas,MP2.5,2026-09-11 22:00:00+00:00,21.0,-46.40994877099996,-23.44011700799996,7.88
Guarulhos-Pimentas,MP2.5,2026-09-11 23:00:00+00:00,24.0,-46.40994877099996,-23.44011700799996,9.0
Guarulhos-Pimentas,MP2.5,2026-09-12 00:00:00+00:00,24.0,-46.40994877099996,-23.44011700799996,9.0
Guarulhos-Pimentas,MP2.5,2026-09-12 01:00:00+00:00,21.0,-46.40994877099996,-23.44011700799996,7.88
Guarulhos-Pimentas,MP2.5,2026-09-12 02:00:00+00:00,21.0,-46.40994877099996,-23.44011700799996,7.88
Guarulhos-Pimentas,MP2.5,2026-09-12 03:00:00+00:00,21.0,-46.40994877099996,-23.44011700799996,7.88
Guarulhos-Pimentas,MP2.5,2026-09-12 04:00:00+00:00,19.0,-46.40994877099996,-23.44011700799996,7.12
Guarulhos-Pimentas,MP2.5,2026-09-12 05:00:00+00:00,19.0,-46.40994877099996,-23.44011700799996,7.12
Guarulhos-Pimentas,MP2.5,2026-09-12 06:00:00+00:00,19.0,-46.40994877099996,-23.44011700799996,7.12
Guarulhos-Pimentas,MP2.5,2026-09-12 07:00:00+00:00,19.0,-46.40994877099996,-23.44011700799996,7.12
Guarulhos-Pimentas,MP2.5,2026-09-12 08:00:00+00:00,19.0,-46.40994877099996,-23.44011700799996,7.12
Guarulhos-Pimentas,MP2.5,2026-09-12 09:00:00+00:00,19.0,-46.40994877099996,-23.44011700799996,7.12
Guarulhos-Pimentas,MP2.5,2026-09-12 10:00:00+00:00,19.0,-46.40994877099996,-23.44011700799996,7.12
Guarulhos-Pimentas,MP2.5,2026-09-12 11:00:00+00:00,19.0,-46.40994877099996,-23.44011700799996,7.12
Guarulhos-Pimentas,MP2.5,2026-09-12 12:00:00+00:00,19.0,-46.40994877099996,-23.44011700799996,7.12
Guarulhos-Pimentas,MP2.5,2026-09-12 13:00:00+00:00,19.0,-46.40994877099996,-23.44011700799996,7.12
Guarulhos-Pimentas,MP2.5,2026-09-12 14:00:00+00:00,19.0,-46.40994877099996,-23.44011700799996,7.12
Guarulhos-Pimentas,MP2.5,2026-09-12 15:00:00+00:00,19.0,-46.40994877099996,-23.44011700799996,7.12
Guarulhos-Pimentas,MP2.5,2026-09-12 16:00:00+00:00,19.0,-46.40994877099996,-23.44011700799996,7.12
Guarulhos-Pimentas,MP2.5,2026-09-12 17:00:00+00:00,16.0,-46.40994877099996,-23.44011700799996,6.0
Guarulhos-Pimentas,MP2.5,2026-09-12 18:00:00+00:00,16.0,-46.40994877099996,-23.44011700799996,6.0
Guarulhos-Pimentas,MP2.5,2026-09-12 19:00:00+00:00,16.0,-46.40994877099996,-23.44011700799996,6.0
Guarulhos-Pimentas,MP2.5,2026-09-12 20:00:00+00:00,16.0,-46.40994877099996,-23.44011700799996,6.0
Guarulhos-Pimentas,MP2.5,2026-09-12 21:00:00+00:00,16.0,-46.40994877099996,-23.44011700799996,6.0
Guarulhos-Pimentas,MP2.5,2026-09-12 22:00:00+00:00,16.0,-46.40994877099996,-23.44011700799996,6.0
Guarulhos-Pimentas,MP2.5,2026-09-12 23:00:00+00:00,13.0,-46.40994877099996,-23.44011700799996,4.88
Guarulhos-Pimentas,MP2.5,2026-09-13 00:00:00+00:00,13.0,-46.40994877099996,-23.44011700799996,4.88
Guarulhos-Pimentas,MP2.5,2026-09-13 01:00:00+00:00,13.0,-46.40994877099996,-23.44011700799996,4.88
Guarulhos-Pimentas,MP2.5,2026-09-13 02:00:00+00:00,13.0,-46.40994877099996,-23.44011700799996,4.88
Guarulhos-Pimentas,MP2.5,2026-09-13 03:00:00+00:00,13.0,-46.40994877099996,-23.44011700799996,4.88
Guarulhos-Pimentas,MP2.5,2026-09-13 04:00:00+00:00,13.0,-46.40994877099996,-23.44011700799996,4.88
Guarulhos-Pimentas,MP2.5,2026-09-13 05:00:00+00:00,13.0,-46.40994877099996,-23.44011700799996,4.88
Guarulhos-Pimentas,MP2.5,2026-09-13 06:00:00+00:00,13.0,-46.40994877099996,-23.44011700799996,4.88
Guarulhos-Pimentas,MP2.5,2026-09-13 07:00:00+00:00,13.0,-46.40994877099996,-23.44011700799996,4.88
Guarulhos-Pimentas,MP2.5,2026-09-13 08:00:00+00:00,13.0,-46.40994877099996,-23.44011700799996,4.88
Guarulhos-Pimentas,MP2.5,2026-09-13 09:00:00+00:00,13.0,-46.40994877099996,-23.44011700799996,4.88
Guarulhos-Pimentas,MP2.5,2026-09-13 10:00:00+00:00,13.0,-46.40994877099996,-23.44011700799996,4.88
Guarulhos-Pimentas,MP2.5,2026-09-13 11:00:00+00:00,13.0,-46.40994877099996,-23.44011700799996,4.88
Guarulhos-Pimentas,MP2.5,2026-09-13 12:00:00+00:00,13.0,-46.40994877099996,-23.44011700799996,4.88
Guarulhos-Pimentas,MP2.5,2026-09-13 13:00:00+00:00,13.0,-46.40994877099996,-23.44011700799996,4.88
Guarulhos-Pimentas,MP2.5,2026-09-13 14:00:00+00:00,13.0,-46.40994877099996,-23.44011700799996,4.88
Guarulhos-Pimentas,MP2.5,2026-09-13 15:00:00+00:00,13.0,-46.40994877099996,-23.44011700799996,4.88
Guarulhos-Pimentas,MP2.5,2026-09-13 16:00:00+00:00,13.0,-46.40994877099996,-23.44011700799996,4.88
Guarulhos-Pimentas,MP2.5,2026-09-13 17:00:00+00:00,13.0,-46.40994877099996,-23.44011700799996,4.88
Guarulhos-Pimentas,MP2.5,2026-09-13 18:00:00+00:00,13.0,-46.40994877099996,-23.44011700799996,4.88
Ibirapuera,MP2.5,2026-09-11 19:00:00+00:00,19.0,-46.66068750299996,-23.591841989999978,7.12
Ibirapuera,MP2.5,2026-09-11 20:00:00+00:00,19.0,-46.66068750299996,-23.591841989999978,7.12
Ibirapuera,MP2.5,2026-09-11 21:00:00+00:00,19.0,-46.66068750299996,-23.591841989999978,7.12
Ibirapuera,MP2.5,2026-09-11 22:00:00+00:00,19.0,-46.66068750299996,-23.591841989999978,7.12
Ibirapuera,MP2.5,2026-09-11 23:00:00+00:00,21.0,-46.66068750299996,-23.591841989999978,7.88
Ibirapuera,MP2.5,2026-09-12 00:00:00+00:00,21.0,-46.66068750299996,-23.591841989999978,7.88
Ibirapuera,MP2.5,2026-09-12 01:00:00+00:00,21.0,-46.66068750299996,-23.591841989999978,7.88
Ibirapuera,MP2.5,2026-09-12 02:00:00+00:00,21.0,-46.66068750299996,-23.591841989999978,7.88
Ibirapuera,MP2.5,2026-09-12 03:00:00+00:00,21.0,-46.66068750299996,-23.591841989999978,7.88
Ibirapuera,MP2.5,2026-09-12 04:00:00+00:00,19.0,-46.66068750299996,-23.591841989999978,7.12
Ibirapuera,MP2.5,2026-09-12 05:00:00+00:00,19.0,-46.66068750299996,-23.591841989999978,7.12
Ibirapuera,MP2.5,2026-09-12 06:00:00+00:00,19.0,-46.66068750299996,-23.591841989999978,7.12
Ibirapuera,MP2.5,2026-09-12 07:00:00+00:00,19.0,-46.66068750299996,-23.591841989999978,7.12
Ibirapuera,MP2.5,2026-09-12 08:00:00+00:00,19.0,-46.66068750299996,-23.591841989999978,7.12
Ibirapuera,MP2.5,2026-09-12 09:00:00+00:00,19.0,-46.66068750299996,-23.591841989999978,7.12
Ibirapuera,MP2.5,2026-09-12 10:00:00+00:00,19.0,-46.66068750299996,-23.591841989999978,7.12
Ibirapuera,MP2.5,2026-09-12 11:00:00+00:00,19.0,-46.66068750299996,-23.591841989999978,7.12
Ibirapuera,MP2.5,2026-09-12 12:00:00+00:00,19.0,-46.66068750299996,-23.591841989999978,7.12
Ibirapuera,MP2.5,2026-09-12 13:00:00+00:00,19.0,-46.66068750299996,-23.591841989999978,7.12
Ibirapuera,MP2.5,2026-09-12 14:00:00+00:00,19.0,-46.66068750299996,-23.591841989999978,7.12
Ibirapuera,MP2.5,2026-09-12 15:00:00+00:00,19.0,-46.66068750299996,-23.591841989999978,7.12
Ibirapuera,MP2.5,2026-09-12 16:00:00+00:00,19.0,-46.66068750299996,-23.591841989999978,7.12
Ibirapuera,MP2.5,2026-09-12 17:00:00+00:00,19.0,-46.66068750299996,-23.591841989999978,7.12
Ibirapuera,MP2.5,2026-09-12 18:00:00+00:00,19.0,-46.66068750299996,-23.591841989999978,7.12
Ibirapuera,MP2.5,2026-09-12 19:00:00+00:00,19.0,-46.66068750299996,-23.591841989999978,7.12
Ibirapuera,MP2.5,2026-09-12 20:00:00+00:00,19.0,-46.66068750299996,-23.591841989999978,7.12
Ibirapuera,MP2.5,2026-09-12 21:00:00+00:00,19.0,-46.66068750299996,-23.591841989999978,7.12
Ibirapuera,MP2.5,2026-09-12 22:00:00+00:00,19.0,-46.66068750299996,-23.591841989999978,7.12
Ibirapuera,MP2.5,2026-09-12 23:00:00+00:00,16.0,-46.66068750299996,-23.591841989999978,6.0
Ibirapuera,MP2.5,2026-09-13 00:00:00+00:00,16.0,-46.66068750299996,-23.591841989999978,6.0
Ibirapuera,MP2.5,2026-09-13 01:00:00+00:00,13.0,-46.66068750299996,-23.591841989999978,4.88
Ibirapuera,MP2.5,2026-09-13 02:00:00+00:00,13.0,-46.66068750299996,-23.591841989999978,4.88
Ibirapuera,MP2.5,2026-09-13 03:00:00+00:00,13.0,-46.66068750299996,-23.591841989999978,4.88
Ibirapuera,MP2.5,2026-09-13 04:00:00+00:00,13.0,-46.66068750299996,-23.591841989999978,4.88
Ibirapuera,MP2.5,2026-09-13 05:00:00+00:00,13.0,-46.66068750299996,-23.591841989999978,4.88
Ibirapuera,MP2.5,2026-09-13 06:00:00+00:00,13.0,-46.66068750299996,-23.591841989999978,4.88
Ibirapuera,MP2.5,2026-09-13 07:00:00+00:00,13.0,-46.66068750299996,-23.591841989999978,4.88
Ibirapuera,MP2.5,2026-09-13 08:00:00+00:00,13.0,-46.66068750299996,-23.591841989999978,4.88
Ibirapuera,MP2.5,2026-09-13 09:00:00+00:00,13.0,-46.66068750299996,-23.591841989999978,4.88
Ibirapuera,MP2.5,2026-09-13 10:00:00+00:00,13.0,-46.66068750299996,-23.591841989999978,4.88
Ibirapuera,MP2.5,2026-09-13 11:00:00+00:00,13.0,-46.66068750299996,-23.591841989999978,4.88
Ibirapuera,MP2.5,2026-09-13 12:00:00+00:00,13.0,-46.66068750299996,-23.591841989999978,4.88
Ibirapuera,MP2.5,2026-09-13 13:00:00+00:00,13.0,-46.66068750299996,-23.591841989999978,4.88
Ibirapuera,MP2.5,2026-09-13 14:00:00+00:00,13.0,-46.66068750299996,-23.591841989999978,4.88
Ibirapuera,MP2.5,2026-09-13 15:00:00+00:00,13.0,-46.66068750299996,-23.591841989999978,4.88
Ibirapuera,MP2.5,2026-09-13 16:00:00+00:00,11.0,-46.66068750299996,-23.591841989999978,4.12
Ibirapuera,MP2.5,2026-09-13 17:00:00+00:00,11.0,-46.66068750299996,-23.591841989999978,4.12
Ibirapuera,MP2.5,2026-09-13 18:00:00+00:00,11.0,-46.66068750299996,-23.591841989999978,4.12
Interlagos,MP2.5,2026-09-11 19:00:00+00:00,27.0,-46.67504315799994,-23.68050765099997,10.12
Interlagos,MP2.5,2026-09-11 20:00:00+00:00,27.0,-46.67504315799994,-23.68050765099997,10.12
Interlagos,MP2.5,2026-09-11 21:00:00+00:00,27.0,-46.67504315799994,-23.68050765099997,10.12
Interlagos,MP2.5,2026-09-11 22:00:00+00:00,27.0,-46.67504315799994,-23.68050765099997,10.12
Interlagos,MP2.5,2026-09-11 23:00:00+00:00,27.0,-46.67504315799994,-23.68050765099997,10.12
Interlagos,MP2.5,2026-09-12 00:00:00+00:00,27.0,-46.67504315799994,-23.68050765099997,10.12
Interlagos,MP2.5,2026-09-12 01:00:00+00:00,27.0,-46.67504315799994,-23.68050765099997,10.12
Interlagos,MP2.5,2026-09-12 02:00:00+00:00,24.0,-46.67504315799994,-23.68050765099997,9.0
Interlagos,MP2.5,2026-09-12 03:00:00+00:00,24.0,-46.67504315799994,-23.68050765099997,9.0
Interlagos,MP2.5,2026-09-12 04:00:00+00:00,21.0,-46.67504315799994,-23.68050765099997,7.88
Interlagos,MP2.5,2026-09-12 05:00:00+00:00,21.0,-46.67504315799994,-23.68050765099997,7.88
Interlagos,MP2.5,2026-09-12 06:00:00+00:00,19.0,-46.67504315799994,-23.68050765099997,7.12
Interlagos,MP2.5,2026-09-12 07:00:00+00:00,19.0,-46.67504315799994,-23.68050765099997,7.12
Interlagos,MP2.5,2026-09-12 08:00:00+00:00,19.0,-46.67504315799994,-23.68050765099997,7.12
Interlagos,MP2.5,2026-09-12 09:00:00+00:00,16.0,-46.67504315799994,-23.68050765099997,6.0
Interlagos,MP2.5,2026-09-12 10:00:00+00:00,16.0,-46.67504315799994,-23.68050765099997,6.0
Interlagos,MP2.5,2026-09-12 11:00:00+00:00,16.0,-46.67504315799994,-23.68050765099997,6.0
Interlagos,MP2.5,2026-09-12 12:00:00+00:00,16.0,-46.67504315799994,-23.68050765099997,6.0
Interlagos,MP2.5,2026-09-12 13:00:00+00:00,16.0,-46.67504315799994,-23.68050765099997,6.0
Interlagos,MP2.5,2026-09-12 14:00:00+00:00,16.0,-46.67504315799994,-23.68050765099997,6.0
Interlagos,MP2.5,2026-09-12 15:00:00+00:00,16.0,-46.67504315799994,-23.68050765099997,6.0
Interlagos,MP2.5,2026-09-12 16:00:00+00:00,16.0,-46.67504315799994,-23.68050765099997,6.0
Interlagos,MP2.5,2026-09-12 17:00:00+00:00,16.0,-46.67504315799994,-23.68050765099997,6.0
Interlagos,MP2.5,2026-09-12 18:00:00+00:00,16.0,-46.67504315799994,-23.68050765099997,6.0
Interlagos,MP2.5,2026-09-12 19:00:00+00:00,16.0,-46.67504315799994,-23.68050765099997,6.0
Interlagos,MP2.5,2026-09-12 20:00:00+00:00,16.0,-46.67504315799994,-23.68050765099997,6.0
Interlagos,MP2.5,2026-09-12 21:00:00+00:00,16.0,-46.67504315799994,-23.68050765099997,6.0
Interlagos,MP2.5,2026-09-12 22:00:00+00:00,13.0,-46.67504315799994,-23.68050765099997,4.88
Interlagos,MP2.5,2026-09-12 23:00:00+00:00,13.0,-46.67504315799994,-23.68050765099997,4.88
Interlagos,MP2.5,2026-09-13 00:00:00+00:00,,-46.67504315799994,-23.68050765099997,
Interlagos,MP2.5,2026-09-13 01:00:00+00:00,,-46.67504315799994,-23.68050765099997,
Interlagos,MP2.5,2026-09-13 02:00:00+00:00,,-46.67504315799994,-23.68050765099997,
Interlagos,MP2.5,2026-09-13 03:00:00+00:00,,-46.67504315799994,-23.68050765099997,
Interlagos,MP2.5,2026-09-13 04:00:00+00:00,,-46.67504315799994,-23.68050765099997,
Interlagos,MP2.5,2026-09-13 05:00:00+00:00,,-46.67504315799994,-23.68050765099997,
Interlagos,MP2.5,2026-09-13 06:00:00+00:00,,-46.67504315799994,-23.68050765099997,
Interlagos,MP2.5,2026-09-13 07:00:00+00:00,,-46.67504315799994,-23.68050765099997,
Interlagos,MP2.5,2026-09-13 08:00:00+00:00,,-46.67504315799994,-23.68050765099997,
Interlagos,MP2.5,2026-09-13 09:00:00+00:00,,-46.67504315799994,-23.68050765099997,
Interlagos,MP2.5,2026-09-13 10:00:00+00:00,,-46.67504315799994,-23.68050765099997,
Interlagos,MP2.5,2026-09-13 11:00:00+00:00,,-46.67504315799994,-23.68050765099997,
Interlagos,MP2.5,2026-09-13 12:00:00+00:00,,-46.67504315799994,-23.68050765099997,
Interlagos,MP2.5,2026-09-13 13:00:00+00:00,,-46.67504315799994,-23.68050765099997,
Interlagos,MP2.5,2026-09-13 14:00:00+00:00,,-46.67504315799994,-23.68050765099997,
Interlagos,MP2.5,2026-09-13 15:00:00+00:00,,-46.67504315799994,-23.68050765099997,
Interlagos,MP2.5,2026-09-13 16:00:00+00:00,,-46.67504315799994,-23.68050765099997,
Interlagos,MP2.5,2026-09-13 17:00:00+00:00,,-46.67504315799994,-23.68050765099997,
Interlagos,MP2.5,2026-09-13 18:00:00+00:00,,-46.67504315799994,-23.68050765099997,
Itaim Paulista,MP2.5,2026-09-11 19:00:00+00:00,19.0,-46.42073683899997,-23.50154736099995,7.12
Itaim Paulista,MP2.5,2026-09-11 20:00:00+00:00,19.0,-46.42073683899997,-23.50154736099995,7.12
Itaim Paulista,MP2.5,2026-09-11 21:00:00+00:00,19.0,-46.42073683899997,-23.50154736099995,7.12
Itaim Paulista,MP2.5,2026-09-11 22:00:00+00:00,21.0,-46.42073683899997,-23.50154736099995,7.88
Itaim Paulista,MP2.5,2026-09-11 23:00:00+00:00,21.0,-46.42073683899997,-23.50154736099995,7.88
Itaim Paulista,MP2.5,2026-09-12 00:00:00+00:00,24.0,-46.42073683899997,-23.50154736099995,9.0
Itaim Paulista,MP2.5,2026-09-12 01:00:00+00:00,24.0,-46.42073683899997,-23.50154736099995,9.0
Itaim Paulista,MP2.5,2026-09-12 02:00:00+00:00,24.0,-46.42073683899997,-23.50154736099995,9.0
Itaim Paulista,MP2.5,2026-09-12 03:00:00+00:00,21.0,-46.42073683899997,-23.50154736099995,7.88
Itaim Paulista,MP2.5,2026-09-12 04:00:00+00:00,21.0,-46.42073683899997,-23.50154736099995,7.88
Itaim Paulista,MP2.5,2026-09-12 05:00:00+00:00,21.0,-46.42073683899997,-23.50154736099995,7.88
Itaim Paulista,MP2.5,2026-09-12 06:00:00+00:00,19.0,-46.42073683899997,-23.50154736099995,7.12
Itaim Paulista,MP2.5,2026-09-12 07:00:00+00:00,19.0,-46.42073683899997,-23.50154736099995,7.12
Itaim Paulista,MP2.5,2026-09-12 08:00:00+00:00,19.0,-46.42073683899997,-23.50154736099995,7.12
Itaim Paulista,MP2.5,2026-09-12 09:00:00+00:00,19.0,-46.42073683899997,-23.50154736099995,7.12
Itaim Paulista,MP2.5,2026-09-12 10:00:00+00:00,19.0,-46.42073683899997,-23.50154736099995,7.12
Itaim Paulista,MP2.5,2026-09-12 11:00:00+00:00,19.0,-46.42073683899997,-23.50154736099995,7.12
Itaim Paulista,MP2.5,2026-09-12 12:00:00+00:00,19.0,-46.42073683899997,-23.50154736099995,7.12
Itaim Paulista,MP2.5,2026-09-12 13:00:00+00:00,19.0,-46.42073683899997,-23.50154736099995,7.12
Itaim Paulista,MP2.5,2026-09-12 14:00:00+00:00,19.0,-46.42073683899997,-23.50154736099995,7.12
Itaim Paulista,MP2.5,2026-09-12 15:00:00+00:00,19.0,-46.42073683899997,-23.50154736099995,7.12
Itaim Paulista,MP2.5,2026-09-12 16:00:00+00:00,19.0,-46.42073683899997,-23.50154736099995,7.12
Itaim Paulista,MP2.5,2026-09-12 17:00:00+00:00,19.0,-46.42073683899997,-23.50154736099995,7.12
Itaim Paulista,MP2.5,2026-09-12 18:00:00+00:00,19.0,-46.42073683899997,-23.50154736099995,7.12
Itaim Paulista,MP2.5,2026-09-12 19:00:00+00:00,21.0,-46.42073683899997,-23.50154736099995,7.88
Itaim Paulista,MP2.5,2026-09-12 20:00:00+00:00,21.0,-46.42073683899997,-23.50154736099995,7.88
Itaim Paulista,MP2.5,2026-09-12 21:00:00+00:00,21.0,-46.42073683899997,-23.50154736099995,7.88
Itaim Paulista,MP2.5,2026-09-12 22:00:00+00:00,19.0,-46.42073683899997,-23.50154736099995,7.12
Itaim Paulista,MP2.5,2026-09-12 23:00:00+00:00,16.0,-46.42073683899997,-23.50154736099995,6.0
Itaim Paulista,MP2.5,2026-09-13 00:00:00+00:00,16.0,-46.42073683899997,-23.50154736099995,6.0
Itaim Paulista,MP2.5,2026-09-13 01:00:00+00:00,16.0,-46.42073683899997,-23.50154736099995,6.0
Itaim Paulista,MP2.5,2026-09-13 02:00:00+00:00,16.0,-46.42073683899997,-23.50154736099995,6.0
Itaim Paulista,MP2.5,2026-09-13 03:00:00+00:00,16.0,-46.42073683899997,-23.50154736099995,6.0
Itaim Paulista,MP2.5,2026-09-13 04:00:00+00:00,16.0,-46.42073683899997,-23.50154736099995,6.0
Itaim Paulista,MP2.5,2026-09-13 05:00:00+00:00,19.0,-46.42073683899997,-23.50154736099995,7.12
Itaim Paulista,MP2.5,2026-09-13 06:00:00+00:00,16.0,-46.42073683899997,-23.50154736099995,6.0
Itaim Paulista,MP2.5,2026-09-13 07:00:00+00:00,16.0,-46.42073683899997,-23.50154736099995,6.0
Itaim Paulista,MP2.5,2026-09-13 08:00:00+00:00,16.0,-46.42073683899997,-23.50154736099995,6.0
Itaim Paulista,MP2.5,2026-09-13 09:00:00+00:00,16.0,-46.42073683899997,-23.50154736099995,6.0
Itaim Paulista,MP2.5,2026-09-13 10:00:00+00:00,16.0,-46.42073683899997,-23.50154736099995,6.0
Itaim Paulista,MP2.5,2026-09-13 11:00:00+00:00,16.0,-46.42073683899997,-23.50154736099995,6.0
Itaim Paulista,MP2.5,2026-09-13 12:00:00+00:00,16.0,-46.42073683899997,-23.50154736099995,6.0
Itaim Paulista,MP2.5,2026-09-13 13:00:00+00:00,16.0,-46.42073683899997,-23.50154736099995,6.0
Itaim Paulista,MP2.5,2026-09-13 14:00:00+00:00,16.0,-46.42073683899997,-23.50154736099995,6.0
Itaim Paulista,MP2.5,2026-09-13 15:00:00+00:00,16.0,-46.42073683899997,-23.50154736099995,6.0
Itaim Paulista,MP2.5,2026-09-13 16:00:00+00:00,16.0,-46.42073683899997,-23.50154736099995,6.0
Itaim Paulista,MP2.5,2026-09-13 17:00:00+00:00,16.0,-46.42073683899997,-23.50154736099995,6.0
Itaim Paulista,MP2.5,2026-09-13 18:00:00+00:00,13.0,-46.42073683899997,-23.50154736099995,4.88
Itaquera,MP2.5,2026-09-11 19:00:00+00:00,46.0,-46.46665141099993,-23.58001483099997,20.25
Itaquera,MP2.5,2026-09-11 20:00:00+00:00,46.0,-46.46665141099993,-23.58001483099997,20.25
Itaquera,MP2.5,2026-09-11 21:00:00+00:00,46.0,-46.46665141099993,-23.58001483099997,20.25
Itaquera,MP2.5,2026-09-11 22:00:00+00:00,46.0,-46.46665141099993,-23.58001483099997,20.25
Itaquera,MP2.5,2026-09-11 23:00:00+00:00,47.0,-46.46665141099993,-23.58001483099997,21.12
Itaquera,MP2.5,2026-09-12 00:00:00+00:00,47.0,-46.46665141099993,-23.58001483099997,21.12
Itaquera,MP2.5,2026-09-12 01:00:00+00:00,47.0,-46.46665141099993,-23.58001483099997,21.12
Itaquera,MP2.5,2026-09-12 02:00:00+00:00,46.0,-46.46665141099993,-23.58001483099997,20.25
Itaquera,MP2.5,2026-09-12 03:00:00+00:00,46.0,-46.46665141099993,-23.58001483099997,20.25
Itaquera,MP2.5,2026-09-12 04:00:00+00:00,45.0,-46.46665141099993,-23.58001483099997,19.38
Itaquera,MP2.5,2026-09-12 05:00:00+00:00,44.0,-46.46665141099993,-23.58001483099997,18.5
Itaquera,MP2.5,2026-09-12 06:00:00+00:00,43.0,-46.46665141099993,-23.58001483099997,17.62
Itaquera,MP2.5,2026-09-12 07:00:00+00:00,42.0,-46.46665141099993,-23.58001483099997,16.75
Itaquera,MP2.5,2026-09-12 08:00:00+00:00,40.0,-46.46665141099993,-23.58001483099997,15.0
Itaquera,MP2.5,2026-09-12 09:00:00+00:00,37.0,-46.46665141099993,-23.58001483099997,13.88
Itaquera,MP2.5,2026-09-12 10:00:00+00:00,37.0,-46.46665141099993,-23.58001483099997,13.88
Itaquera,MP2.5,2026-09-12 11:00:00+00:00,35.0,-46.46665141099993,-23.58001483099997,13.12
Itaquera,MP2.5,2026-09-12 12:00:00+00:00,32.0,-46.46665141099993,-23.58001483099997,12.0
Itaquera,MP2.5,2026-09-12 13:00:00+00:00,32.0,-46.46665141099993,-23.58001483099997,12.0
Itaquera,MP2.5,2026-09-12 14:00:00+00:00,29.0,-46.46665141099993,-23.58001483099997,10.88
Itaquera,MP2.5,2026-09-12 15:00:00+00:00,27.0,-46.46665141099993,-23.58001483099997,10.12
Itaquera,MP2.5,2026-09-12 16:00:00+00:00,24.0,-46.46665141099993,-23.58001483099997,9.0
Itaquera,MP2.5,2026-09-12 17:00:00+00:00,24.0,-46.46665141099993,-23.58001483099997,9.0
Itaquera,MP2.5,2026-09-12 18:00:00+00:00,21.0,-46.46665141099993,-23.58001483099997,7.88
Itaquera,MP2.5,2026-09-12 19:00:00+00:00,21.0,-46.46665141099993,-23.58001483099997,7.88
Itaquera,MP2.5,2026-09-12 20:00:00+00:00,21.0,-46.46665141099993,-23.58001483099997,7.88
Itaquera,MP2.5,2026-09-12 21:00:00+00:00,19.0,-46.46665141099993,-23.58001483099997,7.12
Itaquera,MP2.5,2026-09-12 22:00:00+00:00,19.0,-46.46665141099993,-23.58001483099997,7.12
Itaquera,MP2.5,2026-09-12 23:00:00+00:00,16.0,-46.46665141099993,-23.58001483099997,6.0
Itaquera,MP2.5,2026-09-13 00:00:00+00:00,13.0,-46.46665141099993,-23.58001483099997,4.88
Itaquera,MP2.5,2026-09-13 01:00:00+00:00,13.0,-46.46665141099993,-23.58001483099997,4.88
Itaquera,MP2.5,2026-09-13 02:00:00+00:00,13.0,-46.46665141099993,-23.58001483099997,4.88
Itaquera,MP2.5,2026-09-13 03:00:00+00:00,13.0,-46.46665141099993,-23.58001483099997,4.88
Itaquera,MP2.5,2026-09-13 04:00:00+00:00,13.0,-46.46665141099993,-23.58001483099997,4.88
Itaquera,MP2.5,2026-09-13 05:00:00+00:00,16.0,-46.46665141099993,-23.58001483099997,6.0
Itaquera,MP2.5,2026-09-13 06:00:00+00:00,16.0,-46.46665141099993,-23.58001483099997,6.0
Itaquera,MP2.5,2026-09-13 07:00:00+00:00,16.0,-46.46665141099993,-23.58001483099997,6.0
Itaquera,MP2.5,2026-09-13 08:00:00+00:00,16.0,-46.46665141099993,-23.58001483099997,6.0
Itaquera,MP2.5,2026-09-13 09:00:00+00:00,16.0,-46.46665141099993,-23.58001483099997,6.0
Itaquera,MP2.5,2026-09-13 10:00:00+00:00,16.0,-46.46665141099993,-23.58001483099997,6.0
Itaquera,MP2.5,2026-09-13 11:00:00+00:00,13.0,-46.46665141099993,-23.58001483099997,4.88
Itaquera,MP2.5,2026-09-13 12:00:00+00:00,13.0,-46.46665141099993,-23.58001483099997,4.88
Itaquera,MP2.5,2026-09-13 13:00:00+00:00,13.0,-46.46665141099993,-23.58001483099997,4.88
Itaquera,MP2.5,2026-09-13 14:00:00+00:00,13.0,-46.46665141099993,-23.58001483099997,4.88
Itaquera,MP2.5,2026-09-13 15:00:00+00:00,13.0,-46.46665141099993,-23.58001483099997,4.88
Itaquera,MP2.5,2026-09-13 16:00:00+00:00,11.0,-46.46665141099993,-23.58001483099997,4.12
Itaquera,MP2.5,2026-09-13 17:00:00+00:00,11.0,-46.46665141099993,-23.58001483099997,4.12
Itaquera,MP2.5,2026-09-13 18:00:00+00:00,8.0,-46.46665141099993,-23.58001483099997,3.0
Jundiaí,MP2.5,2026-09-11 19:00:00+00:00,24.0,-46.897097272999986,-23.19200374299993,9.0
Jundiaí,MP2.5,2026-09-11 20:00:00+00:00,24.0,-46.897097272999986,-23.19200374299993,9.0
Jundiaí,MP2.5,2026-09-11 21:00:00+00:00,24.0,-46.897097272999986,-23.19200374299993,9.0
Jundiaí,MP2.5,2026-09-11 22:00:00+00:00,24.0,-46.897097272999986,-23.19200374299993,9.0
Jundiaí,MP2.5,2026-09-11 23:00:00+00:00,24.0,-46.897097272999986,-23.19200374299993,9.0
Jundiaí,MP2.5,2026-09-12 00:00:00+00:00,21.0,-46.897097272999986,-23.19200374299993,7.88
Jundiaí,MP2.5,2026-09-12 01:00:00+00:00,21.0,-46.897097272999986,-23.19200374299993,7.88
Jundiaí,MP2.5,2026-09-12 02:00:00+00:00,24.0,-46.897097272999986,-23.19200374299993,9.0
Jundiaí,MP2.5,2026-09-12 03:00:00+00:00,24.0,-46.897097272999986,-23.19200374299993,9.0
Jundiaí,MP2.5,2026-09-12 04:00:00+00:00,24.0,-46.897097272999986,-23.19200374299993,9.0
Jundiaí,MP2.5,2026-09-12 05:00:00+00:00,24.0,-46.897097272999986,-23.19200374299993,9.0
Jundiaí,MP2.5,2026-09-12 06:00:00+00:00,24.0,-46.897097272999986,-23.19200374299993,9.0
Jundiaí,MP2.5,2026-09-12 07:00:00+00:00,21.0,-46.897097272999986,-23.19200374299993,7.88
Jundiaí,MP2.5,2026-09-12 08:00:00+00:00,19.0,-46.897097272999986,-23.19200374299993,7.12
Jundiaí,MP2.5,2026-09-12 09:00:00+00:00,19.0,-46.897097272999986,-23.19200374299993,7.12
Jundiaí,MP2.5,2026-09-12 10:00:00+00:00,19.0,-46.897097272999986,-23.19200374299993,7.12
Jundiaí,MP2.5,2026-09-12 11:00:00+00:00,19.0,-46.897097272999986,-23.19200374299993,7.12
Jundiaí,MP2.5,2026-09-12 12:00:00+00:00,19.0,-46.897097272999986,-23.19200374299993,7.12
Jundiaí,MP2.5,2026-09-12 13:00:00+00:00,19.0,-46.897097272999986,-23.19200374299993,7.12
Jundiaí,MP2.5,2026-09-12 14:00:00+00:00,19.0,-46.897097272999986,-23.19200374299993,7.12
Jundiaí,MP2.5,2026-09-12 15:00:00+00:00,19.0,-46.897097272999986,-23.19200374299993,7.12
Jundiaí,MP2.5,2026-09-12 16:00:00+00:00,16.0,-46.897097272999986,-23.19200374299993,6.0
Jundiaí,MP2.5,2026-09-12 17:00:00+00:00,16.0,-46.897097272999986,-23.19200374299993,6.0
Jundiaí,MP2.5,2026-09-12 18:00:00+00:00,16.0,-46.897097272999986,-23.19200374299993,6.0
Jundiaí,MP2.5,2026-09-12 19:00:00+00:00,13.0,-46.897097272999986,-23.19200374299993,4.88
Jundiaí,MP2.5,2026-09-12 20:00:00+00:00,13.0,-46.897097272999986,-23.19200374299993,4.88
Jundiaí,MP2.5,2026-09-12 21:00:00+00:00,13.0,-46.897097272999986,-23.19200374299993,4.88
Jundiaí,MP2.5,2026-09-12 22:00:00+00:00,13.0,-46.897097272999986,-23.19200374299993,4.88
Jundiaí,MP2.5,2026-09-12 23:00:00+00:00,11.0,-46.897097272999986,-23.19200374299993,4.12
Jundiaí,MP2.5,2026-09-13 00:00:00+00:00,11.0,-46.897097272999986,-23.19200374299993,4.12
Jundiaí,MP2.5,2026-09-13 01:00:00+00:00,11.0,-46.897097272999986,-23.19200374299993,4.12
Jundiaí,MP2.5,2026-09-13 02:00:00+00:00,11.0,-46.897097272999986,-23.19200374299993,4.12
Jundiaí,MP2.5,2026-09-13 03:00:00+00:00,11.0,-46.897097272999986,-23.19200374299993,4.12
Jundiaí,MP2.5,2026-09-13 04:00:00+00:00,11.0,-46.897097272999986,-23.19200374299993,4.12
Jundiaí,MP2.5,2026-09-13 05:00:00+00:00,13.0,-46.897097272999986,-23.19200374299993,4.88
Jundiaí,MP2.5,2026-09-13 06:00:00+00:00,13.0,-46.897097272999986,-23.19200374299993,4.88
Jundiaí,MP2.5,2026-09-13 07:00:00+00:00,13.0,-46.897097272999986,-23.19200374299993,4.88
Jundiaí,MP2.5,2026-09-13 08:00:00+00:00,13.0,-46.897097272999986,-23.19200374299993,4.88
Jundiaí,MP2.5,2026-09-13 09:00:00+00:00,16.0,-46.897097272999986,-23.19200374299993,6.0
Jundiaí,MP2.5,2026-09-13 10:00:00+00:00,16.0,-46.897097272999986,-23.19200374299993,6.0
Jundiaí,MP2.5,2026-09-13 11:00:00+00:00,16.0,-46.897097272999986,-23.19200374299993,6.0
Jundiaí,MP2.5,2026-09-13 12:00:00+00:00,16.0,-46.897097272999986,-23.19200374299993,6.0
Jundiaí,MP2.5,2026-09-13 13:00:00+00:00,16.0,-46.897097272999986,-23.19200374299993,6.0
Jundiaí,MP2.5,2026-09-13 14:00:00+00:00,16.0,-46.897097272999986,-23.19200374299993,6.0
Jundiaí,MP2.5,2026-09-13 15:00:00+00:00,16.0,-46.897097272999986,-23.19200374299993,6.0
Jundiaí,MP2.5,2026-09-13 16:00:00+00:00,16.0,-46.897097272999986,-23.19200374299993,6.0
Jundiaí,MP2.5,2026-09-13 17:00:00+00:00,16.0,-46.897097272999986,-23.19200374299993,6.0
Jundiaí,MP2.5,2026-09-13 18:00:00+00:00,16.0,-46.897097272999986,-23.19200374299993,6.0
Limeira,MP2.5,2026-09-11 19:00:00+00:00,24.0,-47.41431403399997,-22.56360377699997,9.0
Limeira,MP2.5,2026-09-11 20:00:00+00:00,35.0,-47.41431403399997,-22.56360377699997,13.12
Limeira,MP2.5,2026-09-11 21:00:00+00:00,35.0,-47.41431403399997,-22.56360377699997,13.12
Limeira,MP2.5,2026-09-11 22:00:00+00:00,42.0,-47.41431403399997,-22.56360377699997,16.75
Limeira,MP2.5,2026-09-11 23:00:00+00:00,43.0,-47.41431403399997,-22.56360377699997,17.62
Limeira,MP2.5,2026-09-12 00:00:00+00:00,43.0,-47.41431403399997,-22.56360377699997,17.62
Limeira,MP2.5,2026-09-12 01:00:00+00:00,43.0,-47.41431403399997,-22.56360377699997,17.62
Limeira,MP2.5,2026-09-12 02:00:00+00:00,43.0,-47.41431403399997,-22.56360377699997,17.62
Limeira,MP2.5,2026-09-12 03:00:00+00:00,43.0,-47.41431403399997,-22.56360377699997,17.62
Limeira,MP2.5,2026-09-12 04:00:00+00:00,43.0,-47.41431403399997,-22.56360377699997,17.62
Limeira,MP2.5,2026-09-12 05:00:00+00:00,43.0,-47.41431403399997,-22.56360377699997,17.62
Limeira,MP2.5,2026-09-12 06:00:00+00:00,43.0,-47.41431403399997,-22.56360377699997,17.62
Limeira,MP2.5,2026-09-12 07:00:00+00:00,43.0,-47.41431403399997,-22.56360377699997,17.62
Limeira,MP2.5,2026-09-12 08:00:00+00:00,43.0,-47.41431403399997,-22.56360377699997,17.62
Limeira,MP2.5,2026-09-12 09:00:00+00:00,43.0,-47.41431403399997,-22.56360377699997,17.62
Limeira,MP2.5,2026-09-12 10:00:00+00:00,43.0,-47.41431403399997,-22.56360377699997,17.62
Limeira,MP2.5,2026-09-12 11:00:00+00:00,43.0,-47.41431403399997,-22.56360377699997,17.62
Limeira,MP2.5,2026-09-12 12:00:00+00:00,43.0,-47.41431403399997,-22.56360377699997,17.62
Limeira,MP2.5,2026-09-12 13:00:00+00:00,43.0,-47.41431403399997,-22.56360377699997,17.62
Limeira,MP2.5,2026-09-12 14:00:00+00:00,43.0,-47.41431403399997,-22.56360377699997,17.62
Limeira,MP2.5,2026-09-12 15:00:00+00:00,43.0,-47.41431403399997,-22.56360377699997,17.62
Limeira,MP2.5,2026-09-12 16:00:00+00:00,43.0,-47.41431403399997,-22.56360377699997,17.62
Limeira,MP2.5,2026-09-12 17:00:00+00:00,43.0,-47.41431403399997,-22.56360377699997,17.62
Limeira,MP2.5,2026-09-12 18:00:00+00:00,37.0,-47.41431403399997,-22.56360377699997,13.88
Limeira,MP2.5,2026-09-12 19:00:00+00:00,37.0,-47.41431403399997,-22.56360377699997,13.88
Limeira,MP2.5,2026-09-12 20:00:00+00:00,29.0,-47.41431403399997,-22.56360377699997,10.88
Limeira,MP2.5,2026-09-12 21:00:00+00:00,29.0,-47.41431403399997,-22.56360377699997,10.88
Limeira,MP2.5,2026-09-12 22:00:00+00:00,19.0,-47.41431403399997,-22.56360377699997,7.12
Limeira,MP2.5,2026-09-12 23:00:00+00:00,19.0,-47.41431403399997,-22.56360377699997,7.12
Limeira,MP2.5,2026-09-13 00:00:00+00:00,19.0,-47.41431403399997,-22.56360377699997,7.12
Limeira,MP2.5,2026-09-13 01:00:00+00:00,19.0,-47.41431403399997,-22.56360377699997,7.12
Limeira,MP2.5,2026-09-13 02:00:00+00:00,19.0,-47.41431403399997,-22.56360377699997,7.12
Limeira,MP2.5,2026-09-13 03:00:00+00:00,19.0,-47.41431403399997,-22.56360377699997,7.12
Limeira,MP2.5,2026-09-13 04:00:00+00:00,19.0,-47.41431403399997,-22.56360377699997,7.12
Limeira,MP2.5,2026-09-13 05:00:00+00:00,19.0,-47.41431403399997,-22.56360377699997,7.12
Limeira,MP2.5,2026-09-13 06:00:00+00:00,21.0,-47.41431403399997,-22.56360377699997,7.88
Limeira,MP2.5,2026-09-13 07:00:00+00:00,21.0,-47.41431403399997,-22.56360377699997,7.88
Limeira,MP2.5,2026-09-13 08:00:00+00:00,21.0,-47.41431403399997,-22.56360377699997,7.88
Limeira,MP2.5,2026-09-13 09:00:00+00:00,24.0,-47.41431403399997,-22.56360377699997,9.0
Limeira,MP2.5,2026-09-13 10:00:00+00:00,24.0,-47.41431403399997,-22.56360377699997,9.0
Limeira,MP2.5,2026-09-13 11:00:00+00:00,24.0,-47.41431403399997,-22.56360377699997,9.0
Limeira,MP2.5,2026-09-13 12:00:00+00:00,24.0,-47.41431403399997,-22.56360377699997,9.0
Limeira,MP2.5,2026-09-13 13:00:00+00:00,24.0,-47.41431403399997,-22.56360377699997,9.0
Limeira,MP2.5,2026-09-13 14:00:00+00:00,24.0,-47.41431403399997,-22.56360377699997,9.0
Limeira,MP2.5,2026-09-13 15:00:00+00:00,24.0,-47.41431403399997,-22.56360377699997,9.0
Limeira,MP2.5,2026-09-13 16:00:00+00:00,24.0,-47.41431403399997,-22.56360377699997,9.0
Limeira,MP2.5,2026-09-13 17:00:00+00:00,24.0,-47.41431403399997,-22.56360377699997,9.0
Limeira,MP2.5,2026-09-13 18:00:00+00:00,32.0,-47.41431403399997,-22.56360377699997,12.0
Marg.Tietê-Pte Remédios,MP2.5,2026-09-11 19:00:00+00:00,45.0,-46.74332004099995,-23.518705830999977,19.38
Marg.Tietê-Pte Remédios,MP2.5,2026-09-11 20:00:00+00:00,45.0,-46.74332004099995,-23.518705830999977,19.38
Marg.Tietê-Pte Remédios,MP2.5,2026-09-11 21:00:00+00:00,45.0,-46.74332004099995,-23.518705830999977,19.38
Marg.Tietê-Pte Remédios,MP2.5,2026-09-11 22:00:00+00:00,45.0,-46.74332004099995,-23.518705830999977,19.38
Marg.Tietê-Pte Remédios,MP2.5,2026-09-11 23:00:00+00:00,45.0,-46.74332004099995,-23.518705830999977,19.38
Marg.Tietê-Pte Remédios,MP2.5,2026-09-12 00:00:00+00:00,45.0,-46.74332004099995,-23.518705830999977,19.38
Marg.Tietê-Pte Remédios,MP2.5,2026-09-12 01:00:00+00:00,44.0,-46.74332004099995,-23.518705830999977,18.5
Marg.Tietê-Pte Remédios,MP2.5,2026-09-12 02:00:00+00:00,43.0,-46.74332004099995,-23.518705830999977,17.62
Marg.Tietê-Pte Remédios,MP2.5,2026-09-12 03:00:00+00:00,42.0,-46.74332004099995,-23.518705830999977,16.75
Marg.Tietê-Pte Remédios,MP2.5,2026-09-12 04:00:00+00:00,40.0,-46.74332004099995,-23.518705830999977,15.0
Marg.Tietê-Pte Remédios,MP2.5,2026-09-12 05:00:00+00:00,40.0,-46.74332004099995,-23.518705830999977,15.0
Marg.Tietê-Pte Remédios,MP2.5,2026-09-12 06:00:00+00:00,37.0,-46.74332004099995,-23.518705830999977,13.88
Marg.Tietê-Pte Remédios,MP2.5,2026-09-12 07:00:00+00:00,35.0,-46.74332004099995,-23.518705830999977,13.12
Marg.Tietê-Pte Remédios,MP2.5,2026-09-12 08:00:00+00:00,35.0,-46.74332004099995,-23.518705830999977,13.12
Marg.Tietê-Pte Remédios,MP2.5,2026-09-12 09:00:00+00:00,35.0,-46.74332004099995,-23.518705830999977,13.12
Marg.Tietê-Pte Remédios,MP2.5,2026-09-12 10:00:00+00:00,35.0,-46.74332004099995,-23.518705830999977,13.12
Marg.Tietê-Pte Remédios,MP2.5,2026-09-12 11:00:00+00:00,32.0,-46.74332004099995,-23.518705830999977,12.0
Marg.Tietê-Pte Remédios,MP2.5,2026-09-12 12:00:00+00:00,32.0,-46.74332004099995,-23.518705830999977,12.0
Marg.Tietê-Pte Remédios,MP2.5,2026-09-12 13:00:00+00:00,32.0,-46.74332004099995,-23.518705830999977,12.0
Marg.Tietê-Pte Remédios,MP2.5,2026-09-12 14:00:00+00:00,29.0,-46.74332004099995,-23.518705830999977,10.88
Marg.Tietê-Pte Remédios,MP2.5,2026-09-12 15:00:00+00:00,29.0,-46.74332004099995,-23.518705830999977,10.88
Marg.Tietê-Pte Remédios,MP2.5,2026-09-12 16:00:00+00:00,29.0,-46.74332004099995,-23.518705830999977,10.88
Marg.Tietê-Pte Remédios,MP2.5,2026-09-12 17:00:00+00:00,29.0,-46.74332004099995,-23.518705830999977,10.88
Marg.Tietê-Pte Remédios,MP2.5,2026-09-12 18:00:00+00:00,27.0,-46.74332004099995,-23.518705830999977,10.12
Marg.Tietê-Pte Remédios,MP2.5,2026-09-12 19:00:00+00:00,27.0,-46.74332004099995,-23.518705830999977,10.12
Marg.Tietê-Pte Remédios,MP2.5,2026-09-12 20:00:00+00:00,29.0,-46.74332004099995,-23.518705830999977,10.88
Marg.Tietê-Pte Remédios,MP2.5,2026-09-12 21:00:00+00:00,29.0,-46.74332004099995,-23.518705830999977,10.88
Marg.Tietê-Pte Remédios,MP2.5,2026-09-12 22:00:00+00:00,27.0,-46.74332004099995,-23.518705830999977,10.12
Marg.Tietê-Pte Remédios,MP2.5,2026-09-12 23:00:00+00:00,24.0,-46.74332004099995,-23.518705830999977,9.0
Marg.Tietê-Pte Remédios,MP2.5,2026-09-13 00:00:00+00:00,24.0,-46.74332004099995,-23.518705830999977,9.0
Marg.Tietê-Pte Remédios,MP2.5,2026-09-13 01:00:00+00:00,24.0,-46.74332004099995,-23.518705830999977,9.0
Marg.Tietê-Pte Remédios,MP2.5,2026-09-13 02:00:00+00:00,24.0,-46.74332004099995,-23.518705830999977,9.0
Marg.Tietê-Pte Remédios,MP2.5,2026-09-13 03:00:00+00:00,24.0,-46.74332004099995,-23.518705830999977,9.0
Marg.Tietê-Pte Remédios,MP2.5,2026-09-13 04:00:00+00:00,21.0,-46.74332004099995,-23.518705830999977,7.88
Marg.Tietê-Pte Remédios,MP2.5,2026-09-13 05:00:00+00:00,21.0,-46.74332004099995,-23.518705830999977,7.88
Marg.Tietê-Pte Remédios,MP2.5,2026-09-13 06:00:00+00:00,21.0,-46.74332004099995,-23.518705830999977,7.88
Marg.Tietê-Pte Remédios,MP2.5,2026-09-13 07:00:00+00:00,19.0,-46.74332004099995,-23.518705830999977,7.12
Marg.Tietê-Pte Remédios,MP2.5,2026-09-13 08:00:00+00:00,19.0,-46.74332004099995,-23.518705830999977,7.12
Marg.Tietê-Pte Remédios,MP2.5,2026-09-13 09:00:00+00:00,16.0,-46.74332004099995,-23.518705830999977,6.0
Marg.Tietê-Pte Remédios,MP2.5,2026-09-13 10:00:00+00:00,16.0,-46.74332004099995,-23.518705830999977,6.0
Marg.Tietê-Pte Remédios,MP2.5,2026-09-13 11:00:00+00:00,16.0,-46.74332004099995,-23.518705830999977,6.0
Marg.Tietê-Pte Remédios,MP2.5,2026-09-13 12:00:00+00:00,13.0,-46.74332004099995,-23.518705830999977,4.88
Marg.Tietê-Pte Remédios,MP2.5,2026-09-13 13:00:00+00:00,13.0,-46.74332004099995,-23.518705830999977,4.88
Marg.Tietê-Pte Remédios,MP2.5,2026-09-13 14:00:00+00:00,13.0,-46.74332004099995,-23.518705830999977,4.88
Marg.Tietê-Pte Remédios,MP2.5,2026-09-13 15:00:00+00:00,13.0,-46.74332004099995,-23.518705830999977,4.88
Marg.Tietê-Pte Remédios,MP2.5,2026-09-13 16:00:00+00:00,11.0,-46.74332004099995,-23.518705830999977,4.12
Marg.Tietê-Pte Remédios,MP2.5,2026-09-13 17:00:00+00:00,11.0,-46.74332004099995,-23.518705830999977,4.12
Marg.Tietê-Pte Remédios,MP2.5,2026-09-13 18:00:00+00:00,11.0,-46.74332004099995,-23.518705830999977,4.12
Mauá,MP2.5,2026-09-11 19:00:00+00:00,21.0,-46.46600027399995,-23.668548999999928,7.88
Mauá,MP2.5,2026-09-11 20:00:00+00:00,19.0,-46.46600027399995,-23.668548999999928,7.12
Mauá,MP2.5,2026-09-11 21:00:00+00:00,21.0,-46.46600027399995,-23.668548999999928,7.88
Mauá,MP2.5,2026-09-11 22:00:00+00:00,21.0,-46.46600027399995,-23.668548999999928,7.88
Mauá,MP2.5,2026-09-11 23:00:00+00:00,21.0,-46.46600027399995,-23.668548999999928,7.88
Mauá,MP2.5,2026-09-12 00:00:00+00:00,24.0,-46.46600027399995,-23.668548999999928,9.0
Mauá,MP2.5,2026-09-12 01:00:00+00:00,24.0,-46.46600027399995,-23.668548999999928,9.0
Mauá,MP2.5,2026-09-12 02:00:00+00:00,24.0,-46.46600027399995,-23.668548999999928,9.0
Mauá,MP2.5,2026-09-12 03:00:00+00:00,24.0,-46.46600027399995,-23.668548999999928,9.0
Mauá,MP2.5,2026-09-12 04:00:00+00:00,21.0,-46.46600027399995,-23.668548999999928,7.88
Mauá,MP2.5,2026-09-12 05:00:00+00:00,21.0,-46.46600027399995,-23.668548999999928,7.88
Mauá,MP2.5,2026-09-12 06:00:00+00:00,21.0,-46.46600027399995,-23.668548999999928,7.88
Mauá,MP2.5,2026-09-12 07:00:00+00:00,19.0,-46.46600027399995,-23.668548999999928,7.12
Mauá,MP2.5,2026-09-12 08:00:00+00:00,19.0,-46.46600027399995,-23.668548999999928,7.12
Mauá,MP2.5,2026-09-12 09:00:00+00:00,19.0,-46.46600027399995,-23.668548999999928,7.12
Mauá,MP2.5,2026-09-12 10:00:00+00:00,19.0,-46.46600027399995,-23.668548999999928,7.12
Mauá,MP2.5,2026-09-12 11:00:00+00:00,19.0,-46.46600027399995,-23.668548999999928,7.12
Mauá,MP2.5,2026-09-12 12:00:00+00:00,19.0,-46.46600027399995,-23.668548999999928,7.12
Mauá,MP2.5,2026-09-12 13:00:00+00:00,19.0,-46.46600027399995,-23.668548999999928,7.12
Mauá,MP2.5,2026-09-12 14:00:00+00:00,19.0,-46.46600027399995,-23.668548999999928,7.12
Mauá,MP2.5,2026-09-12 15:00:00+00:00,19.0,-46.46600027399995,-23.668548999999928,7.12
Mauá,MP2.5,2026-09-12 16:00:00+00:00,19.0,-46.46600027399995,-23.668548999999928,7.12
Mauá,MP2.5,2026-09-12 17:00:00+00:00,19.0,-46.46600027399995,-23.668548999999928,7.12
Mauá,MP2.5,2026-09-12 18:00:00+00:00,19.0,-46.46600027399995,-23.668548999999928,7.12
Mauá,MP2.5,2026-09-12 19:00:00+00:00,16.0,-46.46600027399995,-23.668548999999928,6.0
Mauá,MP2.5,2026-09-12 20:00:00+00:00,16.0,-46.46600027399995,-23.668548999999928,6.0
Mauá,MP2.5,2026-09-12 21:00:00+00:00,16.0,-46.46600027399995,-23.668548999999928,6.0
Mauá,MP2.5,2026-09-12 22:00:00+00:00,16.0,-46.46600027399995,-23.668548999999928,6.0
Mauá,MP2.5,2026-09-12 23:00:00+00:00,16.0,-46.46600027399995,-23.668548999999928,6.0
Mauá,MP2.5,2026-09-13 00:00:00+00:00,16.0,-46.46600027399995,-23.668548999999928,6.0
Mauá,MP2.5,2026-09-13 01:00:00+00:00,16.0,-46.46600027399995,-23.668548999999928,6.0
Mauá,MP2.5,2026-09-13 02:00:00+00:00,13.0,-46.46600027399995,-23.668548999999928,4.88
Mauá,MP2.5,2026-09-13 03:00:00+00:00,13.0,-46.46600027399995,-23.668548999999928,4.88
Mauá,MP2.5,2026-09-13 04:00:00+00:00,13.0,-46.46600027399995,-23.668548999999928,4.88
Mauá,MP2.5,2026-09-13 05:00:00+00:00,13.0,-46.46600027399995,-23.668548999999928,4.88
Mauá,MP2.5,2026-09-13 06:00:00+00:00,13.0,-46.46600027399995,-23.668548999999928,4.88
Mauá,MP2.5,2026-09-13 07:00:00+00:00,16.0,-46.46600027399995,-23.668548999999928,6.0
Mauá,MP2.5,2026-09-13 08:00:00+00:00,16.0,-46.46600027399995,-23.668548999999928,6.0
Mauá,MP2.5,2026-09-13 09:00:00+00:00,16.0,-46.46600027399995,-23.668548999999928,6.0
Mauá,MP2.5,2026-09-13 10:00:00+00:00,16.0,-46.46600027399995,-23.668548999999928,6.0
Mauá,MP2.5,2026-09-13 11:00:00+00:00,13.0,-46.46600027399995,-23.668548999999928,4.88
Mauá,MP2.5,2026-09-13 12:00:00+00:00,13.0,-46.46600027399995,-23.668548999999928,4.88
Mauá,MP2.5,2026-09-13 13:00:00+00:00,13.0,-46.46600027399995,-23.668548999999928,4.88
Mauá,MP2.5,2026-09-13 14:00:00+00:00,13.0,-46.46600027399995,-23.668548999999928,4.88
Mauá,MP2.5,2026-09-13 15:00:00+00:00,13.0,-46.46600027399995,-23.668548999999928,4.88
Mauá,MP2.5,2026-09-13 16:00:00+00:00,13.0,-46.46600027399995,-23.668548999999928,4.88
Mauá,MP2.5,2026-09-13 17:00:00+00:00,11.0,-46.46600027399995,-23.668548999999928,4.12
Mauá,MP2.5,2026-09-13 18:00:00+00:00,11.0,-46.46600027399995,-23.668548999999928,4.12
Mooca,MP2.5,2026-09-11 19:00:00+00:00,24.0,-46.60041664499994,-23.54973404499998,9.0
Mooca,MP2.5,2026-09-11 20:00:00+00:00,24.0,-46.60041664499994,-23.54973404499998,9.0
Mooca,MP2.5,2026-09-11 21:00:00+00:00,24.0,-46.60041664499994,-23.54973404499998,9.0
Mooca,MP2.5,2026-09-11 22:00:00+00:00,24.0,-46.60041664499994,-23.54973404499998,9.0
Mooca,MP2.5,2026-09-11 23:00:00+00:00,24.0,-46.60041664499994,-23.54973404499998,9.0
Mooca,MP2.5,2026-09-12 00:00:00+00:00,27.0,-46.60041664499994,-23.54973404499998,10.12
Mooca,MP2.5,2026-09-12 01:00:00+00:00,24.0,-46.60041664499994,-23.54973404499998,9.0
Mooca,MP2.5,2026-09-12 02:00:00+00:00,24.0,-46.60041664499994,-23.54973404499998,9.0
Mooca,MP2.5,2026-09-12 03:00:00+00:00,24.0,-46.60041664499994,-23.54973404499998,9.0
Mooca,MP2.5,2026-09-12 04:00:00+00:00,21.0,-46.60041664499994,-23.54973404499998,7.88
Mooca,MP2.5,2026-09-12 05:00:00+00:00,21.0,-46.60041664499994,-23.54973404499998,7.88
Mooca,MP2.5,2026-09-12 06:00:00+00:00,21.0,-46.60041664499994,-23.54973404499998,7.88
Mooca,MP2.5,2026-09-12 07:00:00+00:00,21.0,-46.60041664499994,-23.54973404499998,7.88
Mooca,MP2.5,2026-09-12 08:00:00+00:00,19.0,-46.60041664499994,-23.54973404499998,7.12
Mooca,MP2.5,2026-09-12 09:00:00+00:00,19.0,-46.60041664499994,-23.54973404499998,7.12
Mooca,MP2.5,2026-09-12 10:00:00+00:00,21.0,-46.60041664499994,-23.54973404499998,7.88
Mooca,MP2.5,2026-09-12 11:00:00+00:00,21.0,-46.60041664499994,-23.54973404499998,7.88
Mooca,MP2.5,2026-09-12 12:00:00+00:00,21.0,-46.60041664499994,-23.54973404499998,7.88
Mooca,MP2.5,2026-09-12 13:00:00+00:00,21.0,-46.60041664499994,-23.54973404499998,7.88
Mooca,MP2.5,2026-09-12 14:00:00+00:00,21.0,-46.60041664499994,-23.54973404499998,7.88
Mooca,MP2.5,2026-09-12 15:00:00+00:00,21.0,-46.60041664499994,-23.54973404499998,7.88
Mooca,MP2.5,2026-09-12 16:00:00+00:00,21.0,-46.60041664499994,-23.54973404499998,7.88
Mooca,MP2.5,2026-09-12 17:00:00+00:00,21.0,-46.60041664499994,-23.54973404499998,7.88
Mooca,MP2.5,2026-09-12 18:00:00+00:00,21.0,-46.60041664499994,-23.54973404499998,7.88
Mooca,MP2.5,2026-09-12 19:00:00+00:00,21.0,-46.60041664499994,-23.54973404499998,7.88
Mooca,MP2.5,2026-09-12 20:00:00+00:00,24.0,-46.60041664499994,-23.54973404499998,9.0
Mooca,MP2.5,2026-09-12 21:00:00+00:00,24.0,-46.60041664499994,-23.54973404499998,9.0
Mooca,MP2.5,2026-09-12 22:00:00+00:00,24.0,-46.60041664499994,-23.54973404499998,9.0
Mooca,MP2.5,2026-09-12 23:00:00+00:00,24.0,-46.60041664499994,-23.54973404499998,9.0
Mooca,MP2.5,2026-09-13 00:00:00+00:00,21.0,-46.60041664499994,-23.54973404499998,7.88
Mooca,MP2.5,2026-09-13 01:00:00+00:00,21.0,-46.60041664499994,-23.54973404499998,7.88
Mooca,MP2.5,2026-09-13 02:00:00+00:00,21.0,-46.60041664499994,-23.54973404499998,7.88
Mooca,MP2.5,2026-09-13 03:00:00+00:00,21.0,-46.60041664499994,-23.54973404499998,7.88
Mooca,MP2.5,2026-09-13 04:00:00+00:00,21.0,-46.60041664499994,-23.54973404499998,7.88
Mooca,MP2.5,2026-09-13 05:00:00+00:00,21.0,-46.60041664499994,-23.54973404499998,7.88
Mooca,MP2.5,2026-09-13 06:00:00+00:00,19.0,-46.60041664499994,-23.54973404499998,7.12
Mooca,MP2.5,2026-09-13 07:00:00+00:00,19.0,-46.60041664499994,-23.54973404499998,7.12
Mooca,MP2.5,2026-09-13 08:00:00+00:00,19.0,-46.60041664499994,-23.54973404499998,7.12
Mooca,MP2.5,2026-09-13 09:00:00+00:00,19.0,-46.60041664499994,-23.54973404499998,7.12
Mooca,MP2.5,2026-09-13 10:00:00+00:00,19.0,-46.60041664499994,-23.54973404499998,7.12
Mooca,MP2.5,2026-09-13 11:00:00+00:00,19.0,-46.60041664499994,-23.54973404499998,7.12
Mooca,MP2.5,2026-09-13 12:00:00+00:00,19.0,-46.60041664499994,-23.54973404499998,7.12
Mooca,MP2.5,2026-09-13 13:00:00+00:00,19.0,-46.60041664499994,-23.54973404499998,7.12
Mooca,MP2.5,2026-09-13 14:00:00+00:00,19.0,-46.60041664499994,-23.54973404499998,7.12
Mooca,MP2.5,2026-09-13 15:00:00+00:00,19.0,-46.60041664499994,-23.54973404499998,7.12
Mooca,MP2.5,2026-09-13 16:00:00+00:00,19.0,-46.60041664499994,-23.54973404499998,7.12
Mooca,MP2.5,2026-09-13 17:00:00+00:00,19.0,-46.60041664499994,-23.54973404499998,7.12
Mooca,MP2.5,2026-09-13 18:00:00+00:00,19.0,-46.60041664499994,-23.54973404499998,7.12
N.Senhora do Ó,MP2.5,2026-09-11 19:00:00+00:00,16.0,-46.69205192199996,-23.48009870599998,6.0
N.Senhora do Ó,MP2.5,2026-09-11 20:00:00+00:00,16.0,-46.69205192199996,-23.48009870599998,6.0
N.Senhora do Ó,MP2.5,2026-09-11 21:00:00+00:00,16.0,-46.69205192199996,-23.48009870599998,6.0
N.Senhora do Ó,MP2.5,2026-09-11 22:00:00+00:00,16.0,-46.69205192199996,-23.48009870599998,6.0
N.Senhora do Ó,MP2.5,2026-09-11 23:00:00+00:00,16.0,-46.69205192199996,-23.48009870599998,6.0
N.Senhora do Ó,MP2.5,2026-09-12 00:00:00+00:00,16.0,-46.69205192199996,-23.48009870599998,6.0
N.Senhora do Ó,MP2.5,2026-09-12 01:00:00+00:00,16.0,-46.69205192199996,-23.48009870599998,6.0
N.Senhora do Ó,MP2.5,2026-09-12 02:00:00+00:00,13.0,-46.69205192199996,-23.48009870599998,4.88
N.Senhora do Ó,MP2.5,2026-09-12 03:00:00+00:00,13.0,-46.69205192199996,-23.48009870599998,4.88
N.Senhora do Ó,MP2.5,2026-09-12 04:00:00+00:00,11.0,-46.69205192199996,-23.48009870599998,4.12
N.Senhora do Ó,MP2.5,2026-09-12 05:00:00+00:00,11.0,-46.69205192199996,-23.48009870599998,4.12
N.Senhora do Ó,MP2.5,2026-09-12 06:00:00+00:00,11.0,-46.69205192199996,-23.48009870599998,4.12
N.Senhora do Ó,MP2.5,2026-09-12 07:00:00+00:00,8.0,-46.69205192199996,-23.48009870599998,3.0
N.Senhora do Ó,MP2.5,2026-09-12 08:00:00+00:00,8.0,-46.69205192199996,-23.48009870599998,3.0
N.Senhora do Ó,MP2.5,2026-09-12 09:00:00+00:00,8.0,-46.69205192199996,-23.48009870599998,3.0
N.Senhora do Ó,MP2.5,2026-09-12 10:00:00+00:00,8.0,-46.69205192199996,-23.48009870599998,3.0
N.Senhora do Ó,MP2.5,2026-09-12 11:00:00+00:00,8.0,-46.69205192199996,-23.48009870599998,3.0
N.Senhora do Ó,MP2.5,2026-09-12 12:00:00+00:00,8.0,-46.69205192199996,-23.48009870599998,3.0
N.Senhora do Ó,MP2.5,2026-09-12 13:00:00+00:00,8.0,-46.69205192199996,-23.48009870599998,3.0
N.Senhora do Ó,MP2.5,2026-09-12 14:00:00+00:00,8.0,-46.69205192199996,-23.48009870599998,3.0
N.Senhora do Ó,MP2.5,2026-09-12 15:00:00+00:00,11.0,-46.69205192199996,-23.48009870599998,4.12
N.Senhora do Ó,MP2.5,2026-09-12 16:00:00+00:00,11.0,-46.69205192199996,-23.48009870599998,4.12
N.Senhora do Ó,MP2.5,2026-09-12 17:00:00+00:00,11.0,-46.69205192199996,-23.48009870599998,4.12
N.Senhora do Ó,MP2.5,2026-09-12 18:00:00+00:00,11.0,-46.69205192199996,-23.48009870599998,4.12
N.Senhora do Ó,MP2.5,2026-09-12 19:00:00+00:00,11.0,-46.69205192199996,-23.48009870599998,4.12
N.Senhora do Ó,MP2.5,2026-09-12 20:00:00+00:00,13.0,-46.69205192199996,-23.48009870599998,4.88
N.Senhora do Ó,MP2.5,2026-09-12 21:00:00+00:00,13.0,-46.69205192199996,-23.48009870599998,4.88
N.Senhora do Ó,MP2.5,2026-09-12 22:00:00+00:00,13.0,-46.69205192199996,-23.48009870599998,4.88
N.Senhora do Ó,MP2.5,2026-09-12 23:00:00+00:00,13.0,-46.69205192199996,-23.48009870599998,4.88
N.Senhora do Ó,MP2.5,2026-09-13 00:00:00+00:00,13.0,-46.69205192199996,-23.48009870599998,4.88
N.Senhora do Ó,MP2.5,2026-09-13 01:00:00+00:00,11.0,-46.69205192199996,-23.48009870599998,4.12
N.Senhora do Ó,MP2.5,2026-09-13 02:00:00+00:00,11.0,-46.69205192199996,-23.48009870599998,4.12
N.Senhora do Ó,MP2.5,2026-09-13 03:00:00+00:00,11.0,-46.69205192199996,-23.48009870599998,4.12
N.Senhora do Ó,MP2.5,2026-09-13 04:00:00+00:00,11.0,-46.69205192199996,-23.48009870599998,4.12
N.Senhora do Ó,MP2.5,2026-09-13 05:00:00+00:00,11.0,-46.69205192199996,-23.48009870599998,4.12
N.Senhora do Ó,MP2.5,2026-09-13 06:00:00+00:00,11.0,-46.69205192199996,-23.48009870599998,4.12
N.Senhora do Ó,MP2.5,2026-09-13 07:00:00+00:00,11.0,-46.69205192199996,-23.48009870599998,4.12
N.Senhora do Ó,MP2.5,2026-09-13 08:00:00+00:00,11.0,-46.69205192199996,-23.48009870599998,4.12
N.Senhora do Ó,MP2.5,2026-09-13 09:00:00+00:00,11.0,-46.69205192199996,-23.48009870599998,4.12
N.Senhora do Ó,MP2.5,2026-09-13 10:00:00+00:00,13.0,-46.69205192199996,-23.48009870599998,4.88
N.Senhora do Ó,MP2.5,2026-09-13 11:00:00+00:00,13.0,-46.69205192199996,-23.48009870599998,4.88
N.Senhora do Ó,MP2.5,2026-09-13 12:00:00+00:00,13.0,-46.69205192199996,-23.48009870599998,4.88
N.Senhora do Ó,MP2.5,2026-09-13 13:00:00+00:00,13.0,-46.69205192199996,-23.48009870599998,4.88
N.Senhora do Ó,MP2.5,2026-09-13 14:00:00+00:00,13.0,-46.69205192199996,-23.48009870599998,4.88
N.Senhora do Ó,MP2.5,2026-09-13 15:00:00+00:00,13.0,-46.69205192199996,-23.48009870599998,4.88
N.Senhora do Ó,MP2.5,2026-09-13 16:00:00+00:00,13.0,-46.69205192199996,-23.48009870599998,4.88
N.Senhora do Ó,MP2.5,2026-09-13 17:00:00+00:00,13.0,-46.69205192199996,-23.48009870599998,4.88
N.Senhora do Ó,MP2.5,2026-09-13 18:00:00+00:00,13.0,-46.69205192199996,-23.48009870599998,4.88
Osasco,MP2.5,2026-09-11 19:00:00+00:00,29.0,-46.79207766099995,-23.526721418999955,10.88
Osasco,MP2.5,2026-09-11 20:00:00+00:00,29.0,-46.79207766099995,-23.526721418999955,10.88
Osasco,MP2.5,2026-09-11 21:00:00+00:00,29.0,-46.79207766099995,-23.526721418999955,10.88
Osasco,MP2.5,2026-09-11 22:00:00+00:00,29.0,-46.79207766099995,-23.526721418999955,10.88
Osasco,MP2.5,2026-09-11 23:00:00+00:00,29.0,-46.79207766099995,-23.526721418999955,10.88
Osasco,MP2.5,2026-09-12 00:00:00+00:00,29.0,-46.79207766099995,-23.526721418999955,10.88
Osasco,MP2.5,2026-09-12 01:00:00+00:00,32.0,-46.79207766099995,-23.526721418999955,12.0
Osasco,MP2.5,2026-09-12 02:00:00+00:00,32.0,-46.79207766099995,-23.526721418999955,12.0
Osasco,MP2.5,2026-09-12 03:00:00+00:00,29.0,-46.79207766099995,-23.526721418999955,10.88
Osasco,MP2.5,2026-09-12 04:00:00+00:00,29.0,-46.79207766099995,-23.526721418999955,10.88
Osasco,MP2.5,2026-09-12 05:00:00+00:00,27.0,-46.79207766099995,-23.526721418999955,10.12
Osasco,MP2.5,2026-09-12 06:00:00+00:00,27.0,-46.79207766099995,-23.526721418999955,10.12
Osasco,MP2.5,2026-09-12 07:00:00+00:00,27.0,-46.79207766099995,-23.526721418999955,10.12
Osasco,MP2.5,2026-09-12 08:00:00+00:00,24.0,-46.79207766099995,-23.526721418999955,9.0
Osasco,MP2.5,2026-09-12 09:00:00+00:00,24.0,-46.79207766099995,-23.526721418999955,9.0
Osasco,MP2.5,2026-09-12 10:00:00+00:00,27.0,-46.79207766099995,-23.526721418999955,10.12
Osasco,MP2.5,2026-09-12 11:00:00+00:00,24.0,-46.79207766099995,-23.526721418999955,9.0
Osasco,MP2.5,2026-09-12 12:00:00+00:00,27.0,-46.79207766099995,-23.526721418999955,10.12
Osasco,MP2.5,2026-09-12 13:00:00+00:00,24.0,-46.79207766099995,-23.526721418999955,9.0
Osasco,MP2.5,2026-09-12 14:00:00+00:00,24.0,-46.79207766099995,-23.526721418999955,9.0
Osasco,MP2.5,2026-09-12 15:00:00+00:00,24.0,-46.79207766099995,-23.526721418999955,9.0
Osasco,MP2.5,2026-09-12 16:00:00+00:00,24.0,-46.79207766099995,-23.526721418999955,9.0
Osasco,MP2.5,2026-09-12 17:00:00+00:00,24.0,-46.79207766099995,-23.526721418999955,9.0
Osasco,MP2.5,2026-09-12 18:00:00+00:00,24.0,-46.79207766099995,-23.526721418999955,9.0
Osasco,MP2.5,2026-09-12 19:00:00+00:00,27.0,-46.79207766099995,-23.526721418999955,10.12
Osasco,MP2.5,2026-09-12 20:00:00+00:00,27.0,-46.79207766099995,-23.526721418999955,10.12
Osasco,MP2.5,2026-09-12 21:00:00+00:00,27.0,-46.79207766099995,-23.526721418999955,10.12
Osasco,MP2.5,2026-09-12 22:00:00+00:00,27.0,-46.79207766099995,-23.526721418999955,10.12
Osasco,MP2.5,2026-09-12 23:00:00+00:00,27.0,-46.79207766099995,-23.526721418999955,10.12
Osasco,MP2.5,2026-09-13 00:00:00+00:00,27.0,-46.79207766099995,-23.526721418999955,10.12
Osasco,MP2.5,2026-09-13 01:00:00+00:00,24.0,-46.79207766099995,-23.526721418999955,9.0
Osasco,MP2.5,2026-09-13 02:00:00+00:00,24.0,-46.79207766099995,-23.526721418999955,9.0
Osasco,MP2.5,2026-09-13 03:00:00+00:00,24.0,-46.79207766099995,-23.526721418999955,9.0
Osasco,MP2.5,2026-09-13 04:00:00+00:00,24.0,-46.79207766099995,-23.526721418999955,9.0
Osasco,MP2.5,2026-09-13 05:00:00+00:00,24.0,-46.79207766099995,-23.526721418999955,9.0
Osasco,MP2.5,2026-09-13 06:00:00+00:00,24.0,-46.79207766099995,-23.526721418999955,9.0
Osasco,MP2.5,2026-09-13 07:00:00+00:00,21.0,-46.79207766099995,-23.526721418999955,7.88
Osasco,MP2.5,2026-09-13 08:00:00+00:00,21.0,-46.79207766099995,-23.526721418999955,7.88
Osasco,MP2.5,2026-09-13 09:00:00+00:00,21.0,-46.79207766099995,-23.526721418999955,7.88
Osasco,MP2.5,2026-09-13 10:00:00+00:00,21.0,-46.79207766099995,-23.526721418999955,7.88
Osasco,MP2.5,2026-09-13 11:00:00+00:00,21.0,-46.79207766099995,-23.526721418999955,7.88
Osasco,MP2.5,2026-09-13 12:00:00+00:00,21.0,-46.79207766099995,-23.526721418999955,7.88
Osasco,MP2.5,2026-09-13 13:00:00+00:00,21.0,-46.79207766099995,-23.526721418999955,7.88
Osasco,MP2.5,2026-09-13 14:00:00+00:00,21.0,-46.79207766099995,-23.526721418999955,7.88
Osasco,MP2.5,2026-09-13 15:00:00+00:00,21.0,-46.79207766099995,-23.526721418999955,7.88
Osasco,MP2.5,2026-09-13 16:00:00+00:00,21.0,-46.79207766099995,-23.526721418999955,7.88
Osasco,MP2.5,2026-09-13 17:00:00+00:00,19.0,-46.79207766099995,-23.526721418999955,7.12
Osasco,MP2.5,2026-09-13 18:00:00+00:00,19.0,-46.79207766099995,-23.526721418999955,7.12
Parque D.Pedro II,MP2.5,2026-09-11 19:00:00+00:00,24.0,-46.62777375099995,-23.54486269199998,9.0
Parque D.Pedro II,MP2.5,2026-09-11 20:00:00+00:00,24.0,-46.62777375099995,-23.54486269199998,9.0
Parque D.Pedro II,MP2.5,2026-09-11 21:00:00+00:00,24.0,-46.62777375099995,-23.54486269199998,9.0
Parque D.Pedro II,MP2.5,2026-09-11 22:00:00+00:00,24.0,-46.62777375099995,-23.54486269199998,9.0
Parque D.Pedro II,MP2.5,2026-09-11 23:00:00+00:00,24.0,-46.62777375099995,-23.54486269199998,9.0
Parque D.Pedro II,MP2.5,2026-09-12 00:00:00+00:00,24.0,-46.62777375099995,-23.54486269199998,9.0
Parque D.Pedro II,MP2.5,2026-09-12 01:00:00+00:00,24.0,-46.62777375099995,-23.54486269199998,9.0
Parque D.Pedro II,MP2.5,2026-09-12 02:00:00+00:00,24.0,-46.62777375099995,-23.54486269199998,9.0
Parque D.Pedro II,MP2.5,2026-09-12 03:00:00+00:00,21.0,-46.62777375099995,-23.54486269199998,7.88
Parque D.Pedro II,MP2.5,2026-09-12 04:00:00+00:00,21.0,-46.62777375099995,-23.54486269199998,7.88
Parque D.Pedro II,MP2.5,2026-09-12 05:00:00+00:00,19.0,-46.62777375099995,-23.54486269199998,7.12
Parque D.Pedro II,MP2.5,2026-09-12 06:00:00+00:00,19.0,-46.62777375099995,-23.54486269199998,7.12
Parque D.Pedro II,MP2.5,2026-09-12 07:00:00+00:00,19.0,-46.62777375099995,-23.54486269199998,7.12
Parque D.Pedro II,MP2.5,2026-09-12 08:00:00+00:00,19.0,-46.62777375099995,-23.54486269199998,7.12
Parque D.Pedro II,MP2.5,2026-09-12 09:00:00+00:00,16.0,-46.62777375099995,-23.54486269199998,6.0
Parque D.Pedro II,MP2.5,2026-09-12 10:00:00+00:00,16.0,-46.62777375099995,-23.54486269199998,6.0
Parque D.Pedro II,MP2.5,2026-09-12 11:00:00+00:00,16.0,-46.62777375099995,-23.54486269199998,6.0
Parque D.Pedro II,MP2.5,2026-09-12 12:00:00+00:00,16.0,-46.62777375099995,-23.54486269199998,6.0
Parque D.Pedro II,MP2.5,2026-09-12 13:00:00+00:00,16.0,-46.62777375099995,-23.54486269199998,6.0
Parque D.Pedro II,MP2.5,2026-09-12 14:00:00+00:00,16.0,-46.62777375099995,-23.54486269199998,6.0
Parque D.Pedro II,MP2.5,2026-09-12 15:00:00+00:00,16.0,-46.62777375099995,-23.54486269199998,6.0
Parque D.Pedro II,MP2.5,2026-09-12 16:00:00+00:00,16.0,-46.62777375099995,-23.54486269199998,6.0
Parque D.Pedro II,MP2.5,2026-09-12 17:00:00+00:00,16.0,-46.62777375099995,-23.54486269199998,6.0
Parque D.Pedro II,MP2.5,2026-09-12 18:00:00+00:00,16.0,-46.62777375099995,-23.54486269199998,6.0
Parque D.Pedro II,MP2.5,2026-09-12 19:00:00+00:00,19.0,-46.62777375099995,-23.54486269199998,7.12
Parque D.Pedro II,MP2.5,2026-09-12 20:00:00+00:00,19.0,-46.62777375099995,-23.54486269199998,7.12
Parque D.Pedro II,MP2.5,2026-09-12 21:00:00+00:00,19.0,-46.62777375099995,-23.54486269199998,7.12
Parque D.Pedro II,MP2.5,2026-09-12 22:00:00+00:00,19.0,-46.62777375099995,-23.54486269199998,7.12
Parque D.Pedro II,MP2.5,2026-09-12 23:00:00+00:00,19.0,-46.62777375099995,-23.54486269199998,7.12
Parque D.Pedro II,MP2.5,2026-09-13 00:00:00+00:00,16.0,-46.62777375099995,-23.54486269199998,6.0
Parque D.Pedro II,MP2.5,2026-09-13 01:00:00+00:00,16.0,-46.62777375099995,-23.54486269199998,6.0
Parque D.Pedro II,MP2.5,2026-09-13 02:00:00+00:00,16.0,-46.62777375099995,-23.54486269199998,6.0
Parque D.Pedro II,MP2.5,2026-09-13 03:00:00+00:00,16.0,-46.62777375099995,-23.54486269199998,6.0
Parque D.Pedro II,MP2.5,2026-09-13 04:00:00+00:00,16.0,-46.62777375099995,-23.54486269199998,6.0
Parque D.Pedro II,MP2.5,2026-09-13 05:00:00+00:00,16.0,-46.62777375099995,-23.54486269199998,6.0
Parque D.Pedro II,MP2.5,2026-09-13 06:00:00+00:00,16.0,-46.62777375099995,-23.54486269199998,6.0
Parque D.Pedro II,MP2.5,2026-09-13 07:00:00+00:00,16.0,-46.62777375099995,-23.54486269199998,6.0
Parque D.Pedro II,MP2.5,2026-09-13 08:00:00+00:00,16.0,-46.62777375099995,-23.54486269199998,6.0
Parque D.Pedro II,MP2.5,2026-09-13 09:00:00+00:00,16.0,-46.62777375099995,-23.54486269199998,6.0
Parque D.Pedro II,MP2.5,2026-09-13 10:00:00+00:00,16.0,-46.62777375099995,-23.54486269199998,6.0
Parque D.Pedro II,MP2.5,2026-09-13 11:00:00+00:00,16.0,-46.62777375099995,-23.54486269199998,6.0
Parque D.Pedro II,MP2.5,2026-09-13 12:00:00+00:00,13.0,-46.62777375099995,-23.54486269199998,4.88
Parque D.Pedro II,MP2.5,2026-09-13 13:00:00+00:00,13.0,-46.62777375099995,-23.54486269199998,4.88
Parque D.Pedro II,MP2.5,2026-09-13 14:00:00+00:00,13.0,-46.62777375099995,-23.54486269199998,4.88
Parque D.Pedro II,MP2.5,2026-09-13 15:00:00+00:00,13.0,-46.62777375099995,-23.54486269199998,4.88
Parque D.Pedro II,MP2.5,2026-09-13 16:00:00+00:00,13.0,-46.62777375099995,-23.54486269199998,4.88
Parque D.Pedro II,MP2.5,2026-09-13 17:00:00+00:00,13.0,-46.62777375099995,-23.54486269199998,4.88
Parque D.Pedro II,MP2.5,2026-09-13 18:00:00+00:00,11.0,-46.62777375099995,-23.54486269199998,4.12
Paulínia-Sta Terezinha,MP2.5,2026-09-11 19:00:00+00:00,19.0,-47.13903649499997,-22.780208950999963,7.12
Paulínia-Sta Terezinha,MP2.5,2026-09-11 20:00:00+00:00,19.0,-47.13903649499997,-22.780208950999963,7.12
Paulínia-Sta Terezinha,MP2.5,2026-09-11 21:00:00+00:00,19.0,-47.13903649499997,-22.780208950999963,7.12
Paulínia-Sta Terezinha,MP2.5,2026-09-11 22:00:00+00:00,21.0,-47.13903649499997,-22.780208950999963,7.88
Paulínia-Sta Terezinha,MP2.5,2026-09-11 23:00:00+00:00,21.0,-47.13903649499997,-22.780208950999963,7.88
Paulínia-Sta Terezinha,MP2.5,2026-09-12 00:00:00+00:00,21.0,-47.13903649499997,-22.780208950999963,7.88
Paulínia-Sta Terezinha,MP2.5,2026-09-12 01:00:00+00:00,21.0,-47.13903649499997,-22.780208950999963,7.88
Paulínia-Sta Terezinha,MP2.5,2026-09-12 02:00:00+00:00,24.0,-47.13903649499997,-22.780208950999963,9.0
Paulínia-Sta Terezinha,MP2.5,2026-09-12 03:00:00+00:00,24.0,-47.13903649499997,-22.780208950999963,9.0
Paulínia-Sta Terezinha,MP2.5,2026-09-12 04:00:00+00:00,24.0,-47.13903649499997,-22.780208950999963,9.0
Paulínia-Sta Terezinha,MP2.5,2026-09-12 05:00:00+00:00,24.0,-47.13903649499997,-22.780208950999963,9.0
Paulínia-Sta Terezinha,MP2.5,2026-09-12 06:00:00+00:00,24.0,-47.13903649499997,-22.780208950999963,9.0
Paulínia-Sta Terezinha,MP2.5,2026-09-12 07:00:00+00:00,24.0,-47.13903649499997,-22.780208950999963,9.0
Paulínia-Sta Terezinha,MP2.5,2026-09-12 08:00:00+00:00,24.0,-47.13903649499997,-22.780208950999963,9.0
Paulínia-Sta Terezinha,MP2.5,2026-09-12 09:00:00+00:00,24.0,-47.13903649499997,-22.780208950999963,9.0
Paulínia-Sta Terezinha,MP2.5,2026-09-12 10:00:00+00:00,24.0,-47.13903649499997,-22.780208950999963,9.0
Paulínia-Sta Terezinha,MP2.5,2026-09-12 11:00:00+00:00,24.0,-47.13903649499997,-22.780208950999963,9.0
Paulínia-Sta Terezinha,MP2.5,2026-09-12 12:00:00+00:00,21.0,-47.13903649499997,-22.780208950999963,7.88
Paulínia-Sta Terezinha,MP2.5,2026-09-12 13:00:00+00:00,24.0,-47.13903649499997,-22.780208950999963,9.0
Paulínia-Sta Terezinha,MP2.5,2026-09-12 14:00:00+00:00,21.0,-47.13903649499997,-22.780208950999963,7.88
Paulínia-Sta Terezinha,MP2.5,2026-09-12 15:00:00+00:00,21.0,-47.13903649499997,-22.780208950999963,7.88
Paulínia-Sta Terezinha,MP2.5,2026-09-12 16:00:00+00:00,21.0,-47.13903649499997,-22.780208950999963,7.88
Paulínia-Sta Terezinha,MP2.5,2026-09-12 17:00:00+00:00,21.0,-47.13903649499997,-22.780208950999963,7.88
Paulínia-Sta Terezinha,MP2.5,2026-09-12 18:00:00+00:00,21.0,-47.13903649499997,-22.780208950999963,7.88
Paulínia-Sta Terezinha,MP2.5,2026-09-12 19:00:00+00:00,21.0,-47.13903649499997,-22.780208950999963,7.88
Paulínia-Sta Terezinha,MP2.5,2026-09-12 20:00:00+00:00,21.0,-47.13903649499997,-22.780208950999963,7.88
Paulínia-Sta Terezinha,MP2.5,2026-09-12 21:00:00+00:00,21.0,-47.13903649499997,-22.780208950999963,7.88
Paulínia-Sta Terezinha,MP2.5,2026-09-12 22:00:00+00:00,21.0,-47.13903649499997,-22.780208950999963,7.88
Paulínia-Sta Terezinha,MP2.5,2026-09-12 23:00:00+00:00,21.0,-47.13903649499997,-22.780208950999963,7.88
Paulínia-Sta Terezinha,MP2.5,2026-09-13 00:00:00+00:00,21.0,-47.13903649499997,-22.780208950999963,7.88
Paulínia-Sta Terezinha,MP2.5,2026-09-13 01:00:00+00:00,19.0,-47.13903649499997,-22.780208950999963,7.12
Paulínia-Sta Terezinha,MP2.5,2026-09-13 02:00:00+00:00,19.0,-47.13903649499997,-22.780208950999963,7.12
Paulínia-Sta Terezinha,MP2.5,2026-09-13 03:00:00+00:00,19.0,-47.13903649499997,-22.780208950999963,7.12
Paulínia-Sta Terezinha,MP2.5,2026-09-13 04:00:00+00:00,19.0,-47.13903649499997,-22.780208950999963,7.12
Paulínia-Sta Terezinha,MP2.5,2026-09-13 05:00:00+00:00,21.0,-47.13903649499997,-22.780208950999963,7.88
Paulínia-Sta Terezinha,MP2.5,2026-09-13 06:00:00+00:00,21.0,-47.13903649499997,-22.780208950999963,7.88
Paulínia-Sta Terezinha,MP2.5,2026-09-13 07:00:00+00:00,21.0,-47.13903649499997,-22.780208950999963,7.88
Paulínia-Sta Terezinha,MP2.5,2026-09-13 08:00:00+00:00,21.0,-47.13903649499997,-22.780208950999963,7.88
Paulínia-Sta Terezinha,MP2.5,2026-09-13 09:00:00+00:00,21.0,-47.13903649499997,-22.780208950999963,7.88
Paulínia-Sta Terezinha,MP2.5,2026-09-13 10:00:00+00:00,21.0,-47.13903649499997,-22.780208950999963,7.88
Paulínia-Sta Terezinha,MP2.5,2026-09-13 11:00:00+00:00,21.0,-47.13903649499997,-22.780208950999963,7.88
Paulínia-Sta Terezinha,MP2.5,2026-09-13 12:00:00+00:00,21.0,-47.13903649499997,-22.780208950999963,7.88
Paulínia-Sta Terezinha,MP2.5,2026-09-13 13:00:00+00:00,21.0,-47.13903649499997,-22.780208950999963,7.88
Paulínia-Sta Terezinha,MP2.5,2026-09-13 14:00:00+00:00,21.0,-47.13903649499997,-22.780208950999963,7.88
Paulínia-Sta Terezinha,MP2.5,2026-09-13 15:00:00+00:00,21.0,-47.13903649499997,-22.780208950999963,7.88
Paulínia-Sta Terezinha,MP2.5,2026-09-13 16:00:00+00:00,21.0,-47.13903649499997,-22.780208950999963,7.88
Paulínia-Sta Terezinha,MP2.5,2026-09-13 17:00:00+00:00,21.0,-47.13903649499997,-22.780208950999963,7.88
Paulínia-Sta Terezinha,MP2.5,2026-09-13 18:00:00+00:00,21.0,-47.13903649499997,-22.780208950999963,7.88
Perus,MP2.5,2026-09-11 19:00:00+00:00,13.0,-46.755683774999966,-23.413331292999942,4.88
Perus,MP2.5,2026-09-11 20:00:00+00:00,16.0,-46.755683774999966,-23.413331292999942,6.0
Perus,MP2.5,2026-09-11 21:00:00+00:00,16.0,-46.755683774999966,-23.413331292999942,6.0
Perus,MP2.5,2026-09-11 22:00:00+00:00,16.0,-46.755683774999966,-23.413331292999942,6.0
Perus,MP2.5,2026-09-11 23:00:00+00:00,16.0,-46.755683774999966,-23.413331292999942,6.0
Perus,MP2.5,2026-09-12 00:00:00+00:00,16.0,-46.755683774999966,-23.413331292999942,6.0
Perus,MP2.5,2026-09-12 01:00:00+00:00,16.0,-46.755683774999966,-23.413331292999942,6.0
Perus,MP2.5,2026-09-12 02:00:00+00:00,16.0,-46.755683774999966,-23.413331292999942,6.0
Perus,MP2.5,2026-09-12 03:00:00+00:00,16.0,-46.755683774999966,-23.413331292999942,6.0
Perus,MP2.5,2026-09-12 04:00:00+00:00,13.0,-46.755683774999966,-23.413331292999942,4.88
Perus,MP2.5,2026-09-12 05:00:00+00:00,13.0,-46.755683774999966,-23.413331292999942,4.88
Perus,MP2.5,2026-09-12 06:00:00+00:00,13.0,-46.755683774999966,-23.413331292999942,4.88
Perus,MP2.5,2026-09-12 07:00:00+00:00,11.0,-46.755683774999966,-23.413331292999942,4.12
Perus,MP2.5,2026-09-12 08:00:00+00:00,11.0,-46.755683774999966,-23.413331292999942,4.12
Perus,MP2.5,2026-09-12 09:00:00+00:00,11.0,-46.755683774999966,-23.413331292999942,4.12
Perus,MP2.5,2026-09-12 10:00:00+00:00,11.0,-46.755683774999966,-23.413331292999942,4.12
Perus,MP2.5,2026-09-12 11:00:00+00:00,11.0,-46.755683774999966,-23.413331292999942,4.12
Perus,MP2.5,2026-09-12 12:00:00+00:00,11.0,-46.755683774999966,-23.413331292999942,4.12
Perus,MP2.5,2026-09-12 13:00:00+00:00,11.0,-46.755683774999966,-23.413331292999942,4.12
Perus,MP2.5,2026-09-12 14:00:00+00:00,11.0,-46.755683774999966,-23.413331292999942,4.12
Perus,MP2.5,2026-09-12 15:00:00+00:00,11.0,-46.755683774999966,-23.413331292999942,4.12
Perus,MP2.5,2026-09-12 16:00:00+00:00,11.0,-46.755683774999966,-23.413331292999942,4.12
Perus,MP2.5,2026-09-12 17:00:00+00:00,11.0,-46.755683774999966,-23.413331292999942,4.12
Perus,MP2.5,2026-09-12 18:00:00+00:00,11.0,-46.755683774999966,-23.413331292999942,4.12
Perus,MP2.5,2026-09-12 19:00:00+00:00,11.0,-46.755683774999966,-23.413331292999942,4.12
Perus,MP2.5,2026-09-12 20:00:00+00:00,11.0,-46.755683774999966,-23.413331292999942,4.12
Perus,MP2.5,2026-09-12 21:00:00+00:00,11.0,-46.755683774999966,-23.413331292999942,4.12
Perus,MP2.5,2026-09-12 22:00:00+00:00,11.0,-46.755683774999966,-23.413331292999942,4.12
Perus,MP2.5,2026-09-12 23:00:00+00:00,11.0,-46.755683774999966,-23.413331292999942,4.12
Perus,MP2.5,2026-09-13 00:00:00+00:00,11.0,-46.755683774999966,-23.413331292999942,4.12
Perus,MP2.5,2026-09-13 01:00:00+00:00,11.0,-46.755683774999966,-23.413331292999942,4.12
Perus,MP2.5,2026-09-13 02:00:00+00:00,11.0,-46.755683774999966,-23.413331292999942,4.12
Perus,MP2.5,2026-09-13 03:00:00+00:00,11.0,-46.755683774999966,-23.413331292999942,4.12
Perus,MP2.5,2026-09-13 04:00:00+00:00,11.0,-46.755683774999966,-23.413331292999942,4.12
Perus,MP2.5,2026-09-13 05:00:00+00:00,11.0,-46.755683774999966,-23.413331292999942,4.12
Perus,MP2.5,2026-09-13 06:00:00+00:00,11.0,-46.755683774999966,-23.413331292999942,4.12
Perus,MP2.5,2026-09-13 07:00:00+00:00,11.0,-46.755683774999966,-23.413331292999942,4.12
Perus,MP2.5,2026-09-13 08:00:00+00:00,13.0,-46.755683774999966,-23.413331292999942,4.88
Perus,MP2.5,2026-09-13 09:00:00+00:00,13.0,-46.755683774999966,-23.413331292999942,4.88
Perus,MP2.5,2026-09-13 10:00:00+00:00,13.0,-46.755683774999966,-23.413331292999942,4.88
Perus,MP2.5,2026-09-13 11:00:00+00:00,13.0,-46.755683774999966,-23.413331292999942,4.88
Perus,MP2.5,2026-09-13 12:00:00+00:00,13.0,-46.755683774999966,-23.413331292999942,4.88
Perus,MP2.5,2026-09-13 13:00:00+00:00,13.0,-46.755683774999966,-23.413331292999942,4.88
Perus,MP2.5,2026-09-13 14:00:00+00:00,13.0,-46.755683774999966,-23.413331292999942,4.88
Perus,MP2.5,2026-09-13 15:00:00+00:00,13.0,-46.755683774999966,-23.413331292999942,4.88
Perus,MP2.5,2026-09-13 16:00:00+00:00,13.0,-46.755683774999966,-23.413331292999942,4.88
Perus,MP2.5,2026-09-13 17:00:00+00:00,13.0,-46.755683774999966,-23.413331292999942,4.88
Perus,MP2.5,2026-09-13 18:00:00+00:00,13.0,-46.755683774999966,-23.413331292999942,4.88
Pico do Jaraguá,MP2.5,2026-09-11 19:00:00+00:00,11.0,-46.76609775899993,-23.45626889999994,4.12
Pico do Jaraguá,MP2.5,2026-09-11 20:00:00+00:00,13.0,-46.76609775899993,-23.45626889999994,4.88
Pico do Jaraguá,MP2.5,2026-09-11 21:00:00+00:00,13.0,-46.76609775899993,-23.45626889999994,4.88
Pico do Jaraguá,MP2.5,2026-09-11 22:00:00+00:00,13.0,-46.76609775899993,-23.45626889999994,4.88
Pico do Jaraguá,MP2.5,2026-09-11 23:00:00+00:00,13.0,-46.76609775899993,-23.45626889999994,4.88
Pico do Jaraguá,MP2.5,2026-09-12 00:00:00+00:00,13.0,-46.76609775899993,-23.45626889999994,4.88
Pico do Jaraguá,MP2.5,2026-09-12 01:00:00+00:00,13.0,-46.76609775899993,-23.45626889999994,4.88
Pico do Jaraguá,MP2.5,2026-09-12 02:00:00+00:00,13.0,-46.76609775899993,-23.45626889999994,4.88
Pico do Jaraguá,MP2.5,2026-09-12 03:00:00+00:00,13.0,-46.76609775899993,-23.45626889999994,4.88
Pico do Jaraguá,MP2.5,2026-09-12 04:00:00+00:00,13.0,-46.76609775899993,-23.45626889999994,4.88
Pico do Jaraguá,MP2.5,2026-09-12 05:00:00+00:00,13.0,-46.76609775899993,-23.45626889999994,4.88
Pico do Jaraguá,MP2.5,2026-09-12 06:00:00+00:00,13.0,-46.76609775899993,-23.45626889999994,4.88
Pico do Jaraguá,MP2.5,2026-09-12 07:00:00+00:00,13.0,-46.76609775899993,-23.45626889999994,4.88
Pico do Jaraguá,MP2.5,2026-09-12 08:00:00+00:00,13.0,-46.76609775899993,-23.45626889999994,4.88
Pico do Jaraguá,MP2.5,2026-09-12 09:00:00+00:00,13.0,-46.76609775899993,-23.45626889999994,4.88
Pico do Jaraguá,MP2.5,2026-09-12 10:00:00+00:00,13.0,-46.76609775899993,-23.45626889999994,4.88
Pico do Jaraguá,MP2.5,2026-09-12 11:00:00+00:00,13.0,-46.76609775899993,-23.45626889999994,4.88
Pico do Jaraguá,MP2.5,2026-09-12 12:00:00+00:00,16.0,-46.76609775899993,-23.45626889999994,6.0
Pico do Jaraguá,MP2.5,2026-09-12 13:00:00+00:00,16.0,-46.76609775899993,-23.45626889999994,6.0
Pico do Jaraguá,MP2.5,2026-09-12 14:00:00+00:00,16.0,-46.76609775899993,-23.45626889999994,6.0
Pico do Jaraguá,MP2.5,2026-09-12 15:00:00+00:00,13.0,-46.76609775899993,-23.45626889999994,4.88
Pico do Jaraguá,MP2.5,2026-09-12 16:00:00+00:00,13.0,-46.76609775899993,-23.45626889999994,4.88
Pico do Jaraguá,MP2.5,2026-09-12 17:00:00+00:00,13.0,-46.76609775899993,-23.45626889999994,4.88
Pico do Jaraguá,MP2.5,2026-09-12 18:00:00+00:00,,-46.76609775899993,-23.45626889999994,
Pico do Jaraguá,MP2.5,2026-09-12 19:00:00+00:00,,-46.76609775899993,-23.45626889999994,
Pico do Jaraguá,MP2.5,2026-09-12 20:00:00+00:00,,-46.76609775899993,-23.45626889999994,
Pico do Jaraguá,MP2.5,2026-09-12 21:00:00+00:00,,-46.76609775899993,-23.45626889999994,
Pico do Jaraguá,MP2.5,2026-09-12 22:00:00+00:00,,-46.76609775899993,-23.45626889999994,
Pico do Jaraguá,MP2.5,2026-09-12 23:00:00+00:00,,-46.76609775899993,-23.45626889999994,
Pico do Jaraguá,MP2.5,2026-09-13 00:00:00+00:00,,-46.76609775899993,-23.45626889999994,
Pico do Jaraguá,MP2.5,2026-09-13 01:00:00+00:00,,-46.76609775899993,-23.45626889999994,
Pico do Jaraguá,MP2.5,2026-09-13 02:00:00+00:00,,-46.76609775899993,-23.45626889999994,
Pico do Jaraguá,MP2.5,2026-09-13 03:00:00+00:00,,-46.76609775899993,-23.45626889999994,
Pico do Jaraguá,MP2.5,2026-09-13 04:00:00+00:00,,-46.76609775899993,-23.45626889999994,
Pico do Jaraguá,MP2.5,2026-09-13 05:00:00+00:00,,-46.76609775899993,-23.45626889999994,
Pico do Jaraguá,MP2.5,2026-09-13 06:00:00+00:00,,-46.76609775899993,-23.45626889999994,
Pico do Jaraguá,MP2.5,2026-09-13 07:00:00+00:00,,-46.76609775899993,-23.45626889999994,
Pico do Jaraguá,MP2.5,2026-09-13 08:00:00+00:00,,-46.76609775899993,-23.45626889999994,
Pico do Jaraguá,MP2.5,2026-09-13 09:00:00+00:00,,-46.76609775899993,-23.45626889999994,
Pico do Jaraguá,MP2.5,2026-09-13 10:00:00+00:00,,-46.76609775899993,-23.45626889999994,
Pico do Jaraguá,MP2.5,2026-09-13 11:00:00+00:00,,-46.76609775899993,-23.45626889999994,
Pico do Jaraguá,MP2.5,2026-09-13 12:00:00+00:00,,-46.76609775899993,-23.45626889999994,
Pico do Jaraguá,MP2.5,2026-09-13 13:00:00+00:00,,-46.76609775899993,-23.45626889999994,
Pico do Jaraguá,MP2.5,2026-09-13 14:00:00+00:00,,-46.76609775899993,-23.45626889999994,
Pico do Jaraguá,MP2.5,2026-09-13 15:00:00+00:00,,-46.76609775899993,-23.45626889999994,
Pico do Jaraguá,MP2.5,2026-09-13 16:00:00+00:00,,-46.76609775899993,-23.45626889999994,
Pico do Jaraguá,MP2.5,2026-09-13 17:00:00+00:00,,-46.76609775899993,-23.45626889999994,
Pico do Jaraguá,MP2.5,2026-09-13 18:00:00+00:00,,-46.76609775899993,-23.45626889999994,
Pinheiros,MP2.5,2026-09-11 19:00:00+00:00,19.0,-46.702016507999986,-23.561459894999928,7.12
Pinheiros,MP2.5,2026-09-11 20:00:00+00:00,19.0,-46.702016507999986,-23.561459894999928,7.12
Pinheiros,MP2.5,2026-09-11 21:00:00+00:00,19.0,-46.702016507999986,-23.561459894999928,7.12
Pinheiros,MP2.5,2026-09-11 22:00:00+00:00,19.0,-46.702016507999986,-23.561459894999928,7.12
Pinheiros,MP2.5,2026-09-11 23:00:00+00:00,19.0,-46.702016507999986,-23.561459894999928,7.12
Pinheiros,MP2.5,2026-09-12 00:00:00+00:00,16.0,-46.702016507999986,-23.561459894999928,6.0
Pinheiros,MP2.5,2026-09-12 01:00:00+00:00,16.0,-46.702016507999986,-23.561459894999928,6.0
Pinheiros,MP2.5,2026-09-12 02:00:00+00:00,16.0,-46.702016507999986,-23.561459894999928,6.0
Pinheiros,MP2.5,2026-09-12 03:00:00+00:00,13.0,-46.702016507999986,-23.561459894999928,4.88
Pinheiros,MP2.5,2026-09-12 04:00:00+00:00,13.0,-46.702016507999986,-23.561459894999928,4.88
Pinheiros,MP2.5,2026-09-12 05:00:00+00:00,13.0,-46.702016507999986,-23.561459894999928,4.88
Pinheiros,MP2.5,2026-09-12 06:00:00+00:00,11.0,-46.702016507999986,-23.561459894999928,4.12
Pinheiros,MP2.5,2026-09-12 07:00:00+00:00,11.0,-46.702016507999986,-23.561459894999928,4.12
Pinheiros,MP2.5,2026-09-12 08:00:00+00:00,11.0,-46.702016507999986,-23.561459894999928,4.12
Pinheiros,MP2.5,2026-09-12 09:00:00+00:00,11.0,-46.702016507999986,-23.561459894999928,4.12
Pinheiros,MP2.5,2026-09-12 10:00:00+00:00,11.0,-46.702016507999986,-23.561459894999928,4.12
Pinheiros,MP2.5,2026-09-12 11:00:00+00:00,11.0,-46.702016507999986,-23.561459894999928,4.12
Pinheiros,MP2.5,2026-09-12 12:00:00+00:00,11.0,-46.702016507999986,-23.561459894999928,4.12
Pinheiros,MP2.5,2026-09-12 13:00:00+00:00,11.0,-46.702016507999986,-23.561459894999928,4.12
Pinheiros,MP2.5,2026-09-12 14:00:00+00:00,11.0,-46.702016507999986,-23.561459894999928,4.12
Pinheiros,MP2.5,2026-09-12 15:00:00+00:00,11.0,-46.702016507999986,-23.561459894999928,4.12
Pinheiros,MP2.5,2026-09-12 16:00:00+00:00,11.0,-46.702016507999986,-23.561459894999928,4.12
Pinheiros,MP2.5,2026-09-12 17:00:00+00:00,11.0,-46.702016507999986,-23.561459894999928,4.12
Pinheiros,MP2.5,2026-09-12 18:00:00+00:00,11.0,-46.702016507999986,-23.561459894999928,4.12
Pinheiros,MP2.5,2026-09-12 19:00:00+00:00,11.0,-46.702016507999986,-23.561459894999928,4.12
Pinheiros,MP2.5,2026-09-12 20:00:00+00:00,11.0,-46.702016507999986,-23.561459894999928,4.12
Pinheiros,MP2.5,2026-09-12 21:00:00+00:00,11.0,-46.702016507999986,-23.561459894999928,4.12
Pinheiros,MP2.5,2026-09-12 22:00:00+00:00,11.0,-46.702016507999986,-23.561459894999928,4.12
Pinheiros,MP2.5,2026-09-12 23:00:00+00:00,11.0,-46.702016507999986,-23.561459894999928,4.12
Pinheiros,MP2.5,2026-09-13 00:00:00+00:00,11.0,-46.702016507999986,-23.561459894999928,4.12
Pinheiros,MP2.5,2026-09-13 01:00:00+00:00,11.0,-46.702016507999986,-23.561459894999928,4.12
Pinheiros,MP2.5,2026-09-13 02:00:00+00:00,11.0,-46.702016507999986,-23.561459894999928,4.12
Pinheiros,MP2.5,2026-09-13 03:00:00+00:00,11.0,-46.702016507999986,-23.561459894999928,4.12
Pinheiros,MP2.5,2026-09-13 04:00:00+00:00,11.0,-46.702016507999986,-23.561459894999928,4.12
Pinheiros,MP2.5,2026-09-13 05:00:00+00:00,11.0,-46.702016507999986,-23.561459894999928,4.12
Pinheiros,MP2.5,2026-09-13 06:00:00+00:00,11.0,-46.702016507999986,-23.561459894999928,4.12
Pinheiros,MP2.5,2026-09-13 07:00:00+00:00,11.0,-46.702016507999986,-23.561459894999928,4.12
Pinheiros,MP2.5,2026-09-13 08:00:00+00:00,11.0,-46.702016507999986,-23.561459894999928,4.12
Pinheiros,MP2.5,2026-09-13 09:00:00+00:00,11.0,-46.702016507999986,-23.561459894999928,4.12
Pinheiros,MP2.5,2026-09-13 10:00:00+00:00,11.0,-46.702016507999986,-23.561459894999928,4.12
Pinheiros,MP2.5,2026-09-13 11:00:00+00:00,11.0,-46.702016507999986,-23.561459894999928,4.12
Pinheiros,MP2.5,2026-09-13 12:00:00+00:00,11.0,-46.702016507999986,-23.561459894999928,4.12
Pinheiros,MP2.5,2026-09-13 13:00:00+00:00,11.0,-46.702016507999986,-23.561459894999928,4.12
Pinheiros,MP2.5,2026-09-13 14:00:00+00:00,8.0,-46.702016507999986,-23.561459894999928,3.0
Pinheiros,MP2.5,2026-09-13 15:00:00+00:00,8.0,-46.702016507999986,-23.561459894999928,3.0
Pinheiros,MP2.5,2026-09-13 16:00:00+00:00,8.0,-46.702016507999986,-23.561459894999928,3.0
Pinheiros,MP2.5,2026-09-13 17:00:00+00:00,8.0,-46.702016507999986,-23.561459894999928,3.0
Pinheiros,MP2.5,2026-09-13 18:00:00+00:00,8.0,-46.702016507999986,-23.561459894999928,3.0
Piracicaba,MP2.5,2026-09-11 19:00:00+00:00,13.0,-47.64965268999998,-22.70122233999996,4.88
Piracicaba,MP2.5,2026-09-11 20:00:00+00:00,13.0,-47.64965268999998,-22.70122233999996,4.88
Piracicaba,MP2.5,2026-09-11 21:00:00+00:00,13.0,-47.64965268999998,-22.70122233999996,4.88
Piracicaba,MP2.5,2026-09-11 22:00:00+00:00,13.0,-47.64965268999998,-22.70122233999996,4.88
Piracicaba,MP2.5,2026-09-11 23:00:00+00:00,13.0,-47.64965268999998,-22.70122233999996,4.88
Piracicaba,MP2.5,2026-09-12 00:00:00+00:00,16.0,-47.64965268999998,-22.70122233999996,6.0
Piracicaba,MP2.5,2026-09-12 01:00:00+00:00,16.0,-47.64965268999998,-22.70122233999996,6.0
Piracicaba,MP2.5,2026-09-12 02:00:00+00:00,16.0,-47.64965268999998,-22.70122233999996,6.0
Piracicaba,MP2.5,2026-09-12 03:00:00+00:00,19.0,-47.64965268999998,-22.70122233999996,7.12
Piracicaba,MP2.5,2026-09-12 04:00:00+00:00,19.0,-47.64965268999998,-22.70122233999996,7.12
Piracicaba,MP2.5,2026-09-12 05:00:00+00:00,19.0,-47.64965268999998,-22.70122233999996,7.12
Piracicaba,MP2.5,2026-09-12 06:00:00+00:00,19.0,-47.64965268999998,-22.70122233999996,7.12
Piracicaba,MP2.5,2026-09-12 07:00:00+00:00,19.0,-47.64965268999998,-22.70122233999996,7.12
Piracicaba,MP2.5,2026-09-12 08:00:00+00:00,19.0,-47.64965268999998,-22.70122233999996,7.12
Piracicaba,MP2.5,2026-09-12 09:00:00+00:00,19.0,-47.64965268999998,-22.70122233999996,7.12
Piracicaba,MP2.5,2026-09-12 10:00:00+00:00,19.0,-47.64965268999998,-22.70122233999996,7.12
Piracicaba,MP2.5,2026-09-12 11:00:00+00:00,19.0,-47.64965268999998,-22.70122233999996,7.12
Piracicaba,MP2.5,2026-09-12 12:00:00+00:00,19.0,-47.64965268999998,-22.70122233999996,7.12
Piracicaba,MP2.5,2026-09-12 13:00:00+00:00,19.0,-47.64965268999998,-22.70122233999996,7.12
Piracicaba,MP2.5,2026-09-12 14:00:00+00:00,19.0,-47.64965268999998,-22.70122233999996,7.12
Piracicaba,MP2.5,2026-09-12 15:00:00+00:00,19.0,-47.64965268999998,-22.70122233999996,7.12
Piracicaba,MP2.5,2026-09-12 16:00:00+00:00,19.0,-47.64965268999998,-22.70122233999996,7.12
Piracicaba,MP2.5,2026-09-12 17:00:00+00:00,19.0,-47.64965268999998,-22.70122233999996,7.12
Piracicaba,MP2.5,2026-09-12 18:00:00+00:00,16.0,-47.64965268999998,-22.70122233999996,6.0
Piracicaba,MP2.5,2026-09-12 19:00:00+00:00,16.0,-47.64965268999998,-22.70122233999996,6.0
Piracicaba,MP2.5,2026-09-12 20:00:00+00:00,16.0,-47.64965268999998,-22.70122233999996,6.0
Piracicaba,MP2.5,2026-09-12 21:00:00+00:00,19.0,-47.64965268999998,-22.70122233999996,7.12
Piracicaba,MP2.5,2026-09-12 22:00:00+00:00,16.0,-47.64965268999998,-22.70122233999996,6.0
Piracicaba,MP2.5,2026-09-12 23:00:00+00:00,16.0,-47.64965268999998,-22.70122233999996,6.0
Piracicaba,MP2.5,2026-09-13 00:00:00+00:00,16.0,-47.64965268999998,-22.70122233999996,6.0
Piracicaba,MP2.5,2026-09-13 01:00:00+00:00,16.0,-47.64965268999998,-22.70122233999996,6.0
Piracicaba,MP2.5,2026-09-13 02:00:00+00:00,13.0,-47.64965268999998,-22.70122233999996,4.88
Piracicaba,MP2.5,2026-09-13 03:00:00+00:00,13.0,-47.64965268999998,-22.70122233999996,4.88
Piracicaba,MP2.5,2026-09-13 04:00:00+00:00,13.0,-47.64965268999998,-22.70122233999996,4.88
Piracicaba,MP2.5,2026-09-13 05:00:00+00:00,16.0,-47.64965268999998,-22.70122233999996,6.0
Piracicaba,MP2.5,2026-09-13 06:00:00+00:00,16.0,-47.64965268999998,-22.70122233999996,6.0
Piracicaba,MP2.5,2026-09-13 07:00:00+00:00,16.0,-47.64965268999998,-22.70122233999996,6.0
Piracicaba,MP2.5,2026-09-13 08:00:00+00:00,16.0,-47.64965268999998,-22.70122233999996,6.0
Piracicaba,MP2.5,2026-09-13 09:00:00+00:00,16.0,-47.64965268999998,-22.70122233999996,6.0
Piracicaba,MP2.5,2026-09-13 10:00:00+00:00,16.0,-47.64965268999998,-22.70122233999996,6.0
Piracicaba,MP2.5,2026-09-13 11:00:00+00:00,16.0,-47.64965268999998,-22.70122233999996,6.0
Piracicaba,MP2.5,2026-09-13 12:00:00+00:00,16.0,-47.64965268999998,-22.70122233999996,6.0
Piracicaba,MP2.5,2026-09-13 13:00:00+00:00,16.0,-47.64965268999998,-22.70122233999996,6.0
Piracicaba,MP2.5,2026-09-13 14:00:00+00:00,16.0,-47.64965268999998,-22.70122233999996,6.0
Piracicaba,MP2.5,2026-09-13 15:00:00+00:00,16.0,-47.64965268999998,-22.70122233999996,6.0
Piracicaba,MP2.5,2026-09-13 16:00:00+00:00,16.0,-47.64965268999998,-22.70122233999996,6.0
Piracicaba,MP2.5,2026-09-13 17:00:00+00:00,16.0,-47.64965268999998,-22.70122233999996,6.0
Piracicaba,MP2.5,2026-09-13 18:00:00+00:00,16.0,-47.64965268999998,-22.70122233999996,6.0
Presidente Prudente,MP2.5,2026-09-11 19:00:00+00:00,16.0,-51.40877706799995,-22.119936734999953,6.0
Presidente Prudente,MP2.5,2026-09-11 20:00:00+00:00,16.0,-51.40877706799995,-22.119936734999953,6.0
Presidente Prudente,MP2.5,2026-09-11 21:00:00+00:00,16.0,-51.40877706799995,-22.119936734999953,6.0
Presidente Prudente,MP2.5,2026-09-11 22:00:00+00:00,19.0,-51.40877706799995,-22.119936734999953,7.12
Presidente Prudente,MP2.5,2026-09-11 23:00:00+00:00,19.0,-51.40877706799995,-22.119936734999953,7.12
Presidente Prudente,MP2.5,2026-09-12 00:00:00+00:00,21.0,-51.40877706799995,-22.119936734999953,7.88
Presidente Prudente,MP2.5,2026-09-12 01:00:00+00:00,21.0,-51.40877706799995,-22.119936734999953,7.88
Presidente Prudente,MP2.5,2026-09-12 02:00:00+00:00,21.0,-51.40877706799995,-22.119936734999953,7.88
Presidente Prudente,MP2.5,2026-09-12 03:00:00+00:00,21.0,-51.40877706799995,-22.119936734999953,7.88
Presidente Prudente,MP2.5,2026-09-12 04:00:00+00:00,21.0,-51.40877706799995,-22.119936734999953,7.88
Presidente Prudente,MP2.5,2026-09-12 05:00:00+00:00,21.0,-51.40877706799995,-22.119936734999953,7.88
Presidente Prudente,MP2.5,2026-09-12 06:00:00+00:00,21.0,-51.40877706799995,-22.119936734999953,7.88
Presidente Prudente,MP2.5,2026-09-12 07:00:00+00:00,21.0,-51.40877706799995,-22.119936734999953,7.88
Presidente Prudente,MP2.5,2026-09-12 08:00:00+00:00,21.0,-51.40877706799995,-22.119936734999953,7.88
Presidente Prudente,MP2.5,2026-09-12 09:00:00+00:00,24.0,-51.40877706799995,-22.119936734999953,9.0
Presidente Prudente,MP2.5,2026-09-12 10:00:00+00:00,21.0,-51.40877706799995,-22.119936734999953,7.88
Presidente Prudente,MP2.5,2026-09-12 11:00:00+00:00,21.0,-51.40877706799995,-22.119936734999953,7.88
Presidente Prudente,MP2.5,2026-09-12 12:00:00+00:00,21.0,-51.40877706799995,-22.119936734999953,7.88
Presidente Prudente,MP2.5,2026-09-12 13:00:00+00:00,21.0,-51.40877706799995,-22.119936734999953,7.88
Presidente Prudente,MP2.5,2026-09-12 14:00:00+00:00,21.0,-51.40877706799995,-22.119936734999953,7.88
Presidente Prudente,MP2.5,2026-09-12 15:00:00+00:00,21.0,-51.40877706799995,-22.119936734999953,7.88
Presidente Prudente,MP2.5,2026-09-12 16:00:00+00:00,21.0,-51.40877706799995,-22.119936734999953,7.88
Presidente Prudente,MP2.5,2026-09-12 17:00:00+00:00,21.0,-51.40877706799995,-22.119936734999953,7.88
Presidente Prudente,MP2.5,2026-09-12 18:00:00+00:00,21.0,-51.40877706799995,-22.119936734999953,7.88
Presidente Prudente,MP2.5,2026-09-12 19:00:00+00:00,19.0,-51.40877706799995,-22.119936734999953,7.12
Presidente Prudente,MP2.5,2026-09-12 20:00:00+00:00,19.0,-51.40877706799995,-22.119936734999953,7.12
Presidente Prudente,MP2.5,2026-09-12 21:00:00+00:00,16.0,-51.40877706799995,-22.119936734999953,6.0
Presidente Prudente,MP2.5,2026-09-12 22:00:00+00:00,16.0,-51.40877706799995,-22.119936734999953,6.0
Presidente Prudente,MP2.5,2026-09-12 23:00:00+00:00,16.0,-51.40877706799995,-22.119936734999953,6.0
Presidente Prudente,MP2.5,2026-09-13 00:00:00+00:00,13.0,-51.40877706799995,-22.119936734999953,4.88
Presidente Prudente,MP2.5,2026-09-13 01:00:00+00:00,11.0,-51.40877706799995,-22.119936734999953,4.12
Presidente Prudente,MP2.5,2026-09-13 02:00:00+00:00,11.0,-51.40877706799995,-22.119936734999953,4.12
Presidente Prudente,MP2.5,2026-09-13 03:00:00+00:00,11.0,-51.40877706799995,-22.119936734999953,4.12
Presidente Prudente,MP2.5,2026-09-13 04:00:00+00:00,11.0,-51.40877706799995,-22.119936734999953,4.12
Presidente Prudente,MP2.5,2026-09-13 05:00:00+00:00,11.0,-51.40877706799995,-22.119936734999953,4.12
Presidente Prudente,MP2.5,2026-09-13 06:00:00+00:00,11.0,-51.40877706799995,-22.119936734999953,4.12
Presidente Prudente,MP2.5,2026-09-13 07:00:00+00:00,11.0,-51.40877706799995,-22.119936734999953,4.12
Presidente Prudente,MP2.5,2026-09-13 08:00:00+00:00,11.0,-51.40877706799995,-22.119936734999953,4.12
Presidente Prudente,MP2.5,2026-09-13 09:00:00+00:00,11.0,-51.40877706799995,-22.119936734999953,4.12
Presidente Prudente,MP2.5,2026-09-13 10:00:00+00:00,11.0,-51.40877706799995,-22.119936734999953,4.12
Presidente Prudente,MP2.5,2026-09-13 11:00:00+00:00,11.0,-51.40877706799995,-22.119936734999953,4.12
Presidente Prudente,MP2.5,2026-09-13 12:00:00+00:00,11.0,-51.40877706799995,-22.119936734999953,4.12
Presidente Prudente,MP2.5,2026-09-13 13:00:00+00:00,11.0,-51.40877706799995,-22.119936734999953,4.12
Presidente Prudente,MP2.5,2026-09-13 14:00:00+00:00,13.0,-51.40877706799995,-22.119936734999953,4.88
Presidente Prudente,MP2.5,2026-09-13 15:00:00+00:00,11.0,-51.40877706799995,-22.119936734999953,4.12
Presidente Prudente,MP2.5,2026-09-13 16:00:00+00:00,11.0,-51.40877706799995,-22.119936734999953,4.12
Presidente Prudente,MP2.5,2026-09-13 17:00:00+00:00,11.0,-51.40877706799995,-22.119936734999953,4.12
Presidente Prudente,MP2.5,2026-09-13 18:00:00+00:00,13.0,-51.40877706799995,-22.119936734999953,4.88
Ribeirão Preto,MP2.5,2026-09-11 19:00:00+00:00,16.0,-47.819133706999935,-21.17715377899998,6.0
Ribeirão Preto,MP2.5,2026-09-11 20:00:00+00:00,19.0,-47.819133706999935,-21.17715377899998,7.12
Ribeirão Preto,MP2.5,2026-09-11 21:00:00+00:00,21.0,-47.819133706999935,-21.17715377899998,7.88
Ribeirão Preto,MP2.5,2026-09-11 22:00:00+00:00,24.0,-47.819133706999935,-21.17715377899998,9.0
Ribeirão Preto,MP2.5,2026-09-11 23:00:00+00:00,24.0,-47.819133706999935,-21.17715377899998,9.0
Ribeirão Preto,MP2.5,2026-09-12 00:00:00+00:00,27.0,-47.819133706999935,-21.17715377899998,10.12
Ribeirão Preto,MP2.5,2026-09-12 01:00:00+00:00,27.0,-47.819133706999935,-21.17715377899998,10.12
Ribeirão Preto,MP2.5,2026-09-12 02:00:00+00:00,29.0,-47.819133706999935,-21.17715377899998,10.88
Ribeirão Preto,MP2.5,2026-09-12 03:00:00+00:00,29.0,-47.819133706999935,-21.17715377899998,10.88
Ribeirão Preto,MP2.5,2026-09-12 04:00:00+00:00,32.0,-47.819133706999935,-21.17715377899998,12.0
Ribeirão Preto,MP2.5,2026-09-12 05:00:00+00:00,35.0,-47.819133706999935,-21.17715377899998,13.12
Ribeirão Preto,MP2.5,2026-09-12 06:00:00+00:00,35.0,-47.819133706999935,-21.17715377899998,13.12
Ribeirão Preto,MP2.5,2026-09-12 07:00:00+00:00,35.0,-47.819133706999935,-21.17715377899998,13.12
Ribeirão Preto,MP2.5,2026-09-12 08:00:00+00:00,35.0,-47.819133706999935,-21.17715377899998,13.12
Ribeirão Preto,MP2.5,2026-09-12 09:00:00+00:00,35.0,-47.819133706999935,-21.17715377899998,13.12
Ribeirão Preto,MP2.5,2026-09-12 10:00:00+00:00,35.0,-47.819133706999935,-21.17715377899998,13.12
Ribeirão Preto,MP2.5,2026-09-12 11:00:00+00:00,35.0,-47.819133706999935,-21.17715377899998,13.12
Ribeirão Preto,MP2.5,2026-09-12 12:00:00+00:00,35.0,-47.819133706999935,-21.17715377899998,13.12
Ribeirão Preto,MP2.5,2026-09-12 13:00:00+00:00,35.0,-47.819133706999935,-21.17715377899998,13.12
Ribeirão Preto,MP2.5,2026-09-12 14:00:00+00:00,35.0,-47.819133706999935,-21.17715377899998,13.12
Ribeirão Preto,MP2.5,2026-09-12 15:00:00+00:00,32.0,-47.819133706999935,-21.17715377899998,12.0
Ribeirão Preto,MP2.5,2026-09-12 16:00:00+00:00,32.0,-47.819133706999935,-21.17715377899998,12.0
Ribeirão Preto,MP2.5,2026-09-12 17:00:00+00:00,32.0,-47.819133706999935,-21.17715377899998,12.0
Ribeirão Preto,MP2.5,2026-09-12 18:00:00+00:00,29.0,-47.819133706999935,-21.17715377899998,10.88
Ribeirão Preto,MP2.5,2026-09-12 19:00:00+00:00,29.0,-47.819133706999935,-21.17715377899998,10.88
Ribeirão Preto,MP2.5,2026-09-12 20:00:00+00:00,29.0,-47.819133706999935,-21.17715377899998,10.88
Ribeirão Preto,MP2.5,2026-09-12 21:00:00+00:00,27.0,-47.819133706999935,-21.17715377899998,10.12
Ribeirão Preto,MP2.5,2026-09-12 22:00:00+00:00,24.0,-47.819133706999935,-21.17715377899998,9.0
Ribeirão Preto,MP2.5,2026-09-12 23:00:00+00:00,24.0,-47.819133706999935,-21.17715377899998,9.0
Ribeirão Preto,MP2.5,2026-09-13 00:00:00+00:00,21.0,-47.819133706999935,-21.17715377899998,7.88
Ribeirão Preto,MP2.5,2026-09-13 01:00:00+00:00,21.0,-47.819133706999935,-21.17715377899998,7.88
Ribeirão Preto,MP2.5,2026-09-13 02:00:00+00:00,19.0,-47.819133706999935,-21.17715377899998,7.12
Ribeirão Preto,MP2.5,2026-09-13 03:00:00+00:00,19.0,-47.819133706999935,-21.17715377899998,7.12
Ribeirão Preto,MP2.5,2026-09-13 04:00:00+00:00,19.0,-47.819133706999935,-21.17715377899998,7.12
Ribeirão Preto,MP2.5,2026-09-13 05:00:00+00:00,16.0,-47.819133706999935,-21.17715377899998,6.0
Ribeirão Preto,MP2.5,2026-09-13 06:00:00+00:00,16.0,-47.819133706999935,-21.17715377899998,6.0
Ribeirão Preto,MP2.5,2026-09-13 07:00:00+00:00,16.0,-47.819133706999935,-21.17715377899998,6.0
Ribeirão Preto,MP2.5,2026-09-13 08:00:00+00:00,16.0,-47.819133706999935,-21.17715377899998,6.0
Ribeirão Preto,MP2.5,2026-09-13 09:00:00+00:00,16.0,-47.819133706999935,-21.17715377899998,6.0
Ribeirão Preto,MP2.5,2026-09-13 10:00:00+00:00,16.0,-47.819133706999935,-21.17715377899998,6.0
Ribeirão Preto,MP2.5,2026-09-13 11:00:00+00:00,16.0,-47.819133706999935,-21.17715377899998,6.0
Ribeirão Preto,MP2.5,2026-09-13 12:00:00+00:00,16.0,-47.819133706999935,-21.17715377899998,6.0
Ribeirão Preto,MP2.5,2026-09-13 13:00:00+00:00,16.0,-47.819133706999935,-21.17715377899998,6.0
Ribeirão Preto,MP2.5,2026-09-13 14:00:00+00:00,16.0,-47.819133706999935,-21.17715377899998,6.0
Ribeirão Preto,MP2.5,2026-09-13 15:00:00+00:00,16.0,-47.819133706999935,-21.17715377899998,6.0
Ribeirão Preto,MP2.5,2026-09-13 16:00:00+00:00,16.0,-47.819133706999935,-21.17715377899998,6.0
Ribeirão Preto,MP2.5,2026-09-13 17:00:00+00:00,19.0,-47.819133706999935,-21.17715377899998,7.12
Ribeirão Preto,MP2.5,2026-09-13 18:00:00+00:00,19.0,-47.819133706999935,-21.17715377899998,7.12
Rio Claro-Jd.Guanabara,MP2.5,2026-09-11 19:00:00+00:00,24.0,-47.581444519999934,-22.439062304999936,9.0
Rio Claro-Jd.Guanabara,MP2.5,2026-09-11 20:00:00+00:00,27.0,-47.581444519999934,-22.439062304999936,10.12
Rio Claro-Jd.Guanabara,MP2.5,2026-09-11 21:00:00+00:00,27.0,-47.581444519999934,-22.439062304999936,10.12
Rio Claro-Jd.Guanabara,MP2.5,2026-09-11 22:00:00+00:00,27.0,-47.581444519999934,-22.439062304999936,10.12
Rio Claro-Jd.Guanabara,MP2.5,2026-09-11 23:00:00+00:00,27.0,-47.581444519999934,-22.439062304999936,10.12
Rio Claro-Jd.Guanabara,MP2.5,2026-09-12 00:00:00+00:00,27.0,-47.581444519999934,-22.439062304999936,10.12
Rio Claro-Jd.Guanabara,MP2.5,2026-09-12 01:00:00+00:00,27.0,-47.581444519999934,-22.439062304999936,10.12
Rio Claro-Jd.Guanabara,MP2.5,2026-09-12 02:00:00+00:00,24.0,-47.581444519999934,-22.439062304999936,9.0
Rio Claro-Jd.Guanabara,MP2.5,2026-09-12 03:00:00+00:00,24.0,-47.581444519999934,-22.439062304999936,9.0
Rio Claro-Jd.Guanabara,MP2.5,2026-09-12 04:00:00+00:00,27.0,-47.581444519999934,-22.439062304999936,10.12
Rio Claro-Jd.Guanabara,MP2.5,2026-09-12 05:00:00+00:00,27.0,-47.581444519999934,-22.439062304999936,10.12
Rio Claro-Jd.Guanabara,MP2.5,2026-09-12 06:00:00+00:00,27.0,-47.581444519999934,-22.439062304999936,10.12
Rio Claro-Jd.Guanabara,MP2.5,2026-09-12 07:00:00+00:00,24.0,-47.581444519999934,-22.439062304999936,9.0
Rio Claro-Jd.Guanabara,MP2.5,2026-09-12 08:00:00+00:00,27.0,-47.581444519999934,-22.439062304999936,10.12
Rio Claro-Jd.Guanabara,MP2.5,2026-09-12 09:00:00+00:00,27.0,-47.581444519999934,-22.439062304999936,10.12
Rio Claro-Jd.Guanabara,MP2.5,2026-09-12 10:00:00+00:00,27.0,-47.581444519999934,-22.439062304999936,10.12
Rio Claro-Jd.Guanabara,MP2.5,2026-09-12 11:00:00+00:00,29.0,-47.581444519999934,-22.439062304999936,10.88
Rio Claro-Jd.Guanabara,MP2.5,2026-09-12 12:00:00+00:00,29.0,-47.581444519999934,-22.439062304999936,10.88
Rio Claro-Jd.Guanabara,MP2.5,2026-09-12 13:00:00+00:00,27.0,-47.581444519999934,-22.439062304999936,10.12
Rio Claro-Jd.Guanabara,MP2.5,2026-09-12 14:00:00+00:00,29.0,-47.581444519999934,-22.439062304999936,10.88
Rio Claro-Jd.Guanabara,MP2.5,2026-09-12 15:00:00+00:00,29.0,-47.581444519999934,-22.439062304999936,10.88
Rio Claro-Jd.Guanabara,MP2.5,2026-09-12 16:00:00+00:00,29.0,-47.581444519999934,-22.439062304999936,10.88
Rio Claro-Jd.Guanabara,MP2.5,2026-09-12 17:00:00+00:00,29.0,-47.581444519999934,-22.439062304999936,10.88
Rio Claro-Jd.Guanabara,MP2.5,2026-09-12 18:00:00+00:00,27.0,-47.581444519999934,-22.439062304999936,10.12
Rio Claro-Jd.Guanabara,MP2.5,2026-09-12 19:00:00+00:00,27.0,-47.581444519999934,-22.439062304999936,10.12
Rio Claro-Jd.Guanabara,MP2.5,2026-09-12 20:00:00+00:00,24.0,-47.581444519999934,-22.439062304999936,9.0
Rio Claro-Jd.Guanabara,MP2.5,2026-09-12 21:00:00+00:00,27.0,-47.581444519999934,-22.439062304999936,10.12
Rio Claro-Jd.Guanabara,MP2.5,2026-09-12 22:00:00+00:00,24.0,-47.581444519999934,-22.439062304999936,9.0
Rio Claro-Jd.Guanabara,MP2.5,2026-09-12 23:00:00+00:00,24.0,-47.581444519999934,-22.439062304999936,9.0
Rio Claro-Jd.Guanabara,MP2.5,2026-09-13 00:00:00+00:00,24.0,-47.581444519999934,-22.439062304999936,9.0
Rio Claro-Jd.Guanabara,MP2.5,2026-09-13 01:00:00+00:00,24.0,-47.581444519999934,-22.439062304999936,9.0
Rio Claro-Jd.Guanabara,MP2.5,2026-09-13 02:00:00+00:00,27.0,-47.581444519999934,-22.439062304999936,10.12
Rio Claro-Jd.Guanabara,MP2.5,2026-09-13 03:00:00+00:00,24.0,-47.581444519999934,-22.439062304999936,9.0
Rio Claro-Jd.Guanabara,MP2.5,2026-09-13 04:00:00+00:00,21.0,-47.581444519999934,-22.439062304999936,7.88
Rio Claro-Jd.Guanabara,MP2.5,2026-09-13 05:00:00+00:00,24.0,-47.581444519999934,-22.439062304999936,9.0
Rio Claro-Jd.Guanabara,MP2.5,2026-09-13 06:00:00+00:00,27.0,-47.581444519999934,-22.439062304999936,10.12
Rio Claro-Jd.Guanabara,MP2.5,2026-09-13 07:00:00+00:00,29.0,-47.581444519999934,-22.439062304999936,10.88
Rio Claro-Jd.Guanabara,MP2.5,2026-09-13 08:00:00+00:00,27.0,-47.581444519999934,-22.439062304999936,10.12
Rio Claro-Jd.Guanabara,MP2.5,2026-09-13 09:00:00+00:00,27.0,-47.581444519999934,-22.439062304999936,10.12
Rio Claro-Jd.Guanabara,MP2.5,2026-09-13 10:00:00+00:00,27.0,-47.581444519999934,-22.439062304999936,10.12
Rio Claro-Jd.Guanabara,MP2.5,2026-09-13 11:00:00+00:00,27.0,-47.581444519999934,-22.439062304999936,10.12
Rio Claro-Jd.Guanabara,MP2.5,2026-09-13 12:00:00+00:00,29.0,-47.581444519999934,-22.439062304999936,10.88
Rio Claro-Jd.Guanabara,MP2.5,2026-09-13 13:00:00+00:00,29.0,-47.581444519999934,-22.439062304999936,10.88
Rio Claro-Jd.Guanabara,MP2.5,2026-09-13 14:00:00+00:00,27.0,-47.581444519999934,-22.439062304999936,10.12
Rio Claro-Jd.Guanabara,MP2.5,2026-09-13 15:00:00+00:00,27.0,-47.581444519999934,-22.439062304999936,10.12
Rio Claro-Jd.Guanabara,MP2.5,2026-09-13 16:00:00+00:00,27.0,-47.581444519999934,-22.439062304999936,10.12
Rio Claro-Jd.Guanabara,MP2.5,2026-09-13 17:00:00+00:00,27.0,-47.581444519999934,-22.439062304999936,10.12
Rio Claro-Jd.Guanabara,MP2.5,2026-09-13 18:00:00+00:00,27.0,-47.581444519999934,-22.439062304999936,10.12
S.André-Capuava,MP2.5,2026-09-11 19:00:00+00:00,24.0,-46.49163676599994,-23.63980369899997,9.0
S.André-Capuava,MP2.5,2026-09-11 20:00:00+00:00,24.0,-46.49163676599994,-23.63980369899997,9.0
S.André-Capuava,MP2.5,2026-09-11 21:00:00+00:00,24.0,-46.49163676599994,-23.63980369899997,9.0
S.André-Capuava,MP2.5,2026-09-11 22:00:00+00:00,24.0,-46.49163676599994,-23.63980369899997,9.0
S.André-Capuava,MP2.5,2026-09-11 23:00:00+00:00,24.0,-46.49163676599994,-23.63980369899997,9.0
S.André-Capuava,MP2.5,2026-09-12 00:00:00+00:00,24.0,-46.49163676599994,-23.63980369899997,9.0
S.André-Capuava,MP2.5,2026-09-12 01:00:00+00:00,24.0,-46.49163676599994,-23.63980369899997,9.0
S.André-Capuava,MP2.5,2026-09-12 02:00:00+00:00,24.0,-46.49163676599994,-23.63980369899997,9.0
S.André-Capuava,MP2.5,2026-09-12 03:00:00+00:00,24.0,-46.49163676599994,-23.63980369899997,9.0
S.André-Capuava,MP2.5,2026-09-12 04:00:00+00:00,21.0,-46.49163676599994,-23.63980369899997,7.88
S.André-Capuava,MP2.5,2026-09-12 05:00:00+00:00,21.0,-46.49163676599994,-23.63980369899997,7.88
S.André-Capuava,MP2.5,2026-09-12 06:00:00+00:00,21.0,-46.49163676599994,-23.63980369899997,7.88
S.André-Capuava,MP2.5,2026-09-12 07:00:00+00:00,21.0,-46.49163676599994,-23.63980369899997,7.88
S.André-Capuava,MP2.5,2026-09-12 08:00:00+00:00,21.0,-46.49163676599994,-23.63980369899997,7.88
S.André-Capuava,MP2.5,2026-09-12 09:00:00+00:00,21.0,-46.49163676599994,-23.63980369899997,7.88
S.André-Capuava,MP2.5,2026-09-12 10:00:00+00:00,21.0,-46.49163676599994,-23.63980369899997,7.88
S.André-Capuava,MP2.5,2026-09-12 11:00:00+00:00,21.0,-46.49163676599994,-23.63980369899997,7.88
S.André-Capuava,MP2.5,2026-09-12 12:00:00+00:00,21.0,-46.49163676599994,-23.63980369899997,7.88
S.André-Capuava,MP2.5,2026-09-12 13:00:00+00:00,21.0,-46.49163676599994,-23.63980369899997,7.88
S.André-Capuava,MP2.5,2026-09-12 14:00:00+00:00,21.0,-46.49163676599994,-23.63980369899997,7.88
S.André-Capuava,MP2.5,2026-09-12 15:00:00+00:00,16.0,-46.49163676599994,-23.63980369899997,6.0
S.André-Capuava,MP2.5,2026-09-12 16:00:00+00:00,16.0,-46.49163676599994,-23.63980369899997,6.0
S.André-Capuava,MP2.5,2026-09-12 17:00:00+00:00,16.0,-46.49163676599994,-23.63980369899997,6.0
S.André-Capuava,MP2.5,2026-09-12 18:00:00+00:00,16.0,-46.49163676599994,-23.63980369899997,6.0
S.André-Capuava,MP2.5,2026-09-12 19:00:00+00:00,16.0,-46.49163676599994,-23.63980369899997,6.0
S.André-Capuava,MP2.5,2026-09-12 20:00:00+00:00,16.0,-46.49163676599994,-23.63980369899997,6.0
S.André-Capuava,MP2.5,2026-09-12 21:00:00+00:00,16.0,-46.49163676599994,-23.63980369899997,6.0
S.André-Capuava,MP2.5,2026-09-12 22:00:00+00:00,16.0,-46.49163676599994,-23.63980369899997,6.0
S.André-Capuava,MP2.5,2026-09-12 23:00:00+00:00,16.0,-46.49163676599994,-23.63980369899997,6.0
S.André-Capuava,MP2.5,2026-09-13 00:00:00+00:00,16.0,-46.49163676599994,-23.63980369899997,6.0
S.André-Capuava,MP2.5,2026-09-13 01:00:00+00:00,16.0,-46.49163676599994,-23.63980369899997,6.0
S.André-Capuava,MP2.5,2026-09-13 02:00:00+00:00,16.0,-46.49163676599994,-23.63980369899997,6.0
S.André-Capuava,MP2.5,2026-09-13 03:00:00+00:00,16.0,-46.49163676599994,-23.63980369899997,6.0
S.André-Capuava,MP2.5,2026-09-13 04:00:00+00:00,16.0,-46.49163676599994,-23.63980369899997,6.0
S.André-Capuava,MP2.5,2026-09-13 05:00:00+00:00,16.0,-46.49163676599994,-23.63980369899997,6.0
S.André-Capuava,MP2.5,2026-09-13 06:00:00+00:00,16.0,-46.49163676599994,-23.63980369899997,6.0
S.André-Capuava,MP2.5,2026-09-13 07:00:00+00:00,16.0,-46.49163676599994,-23.63980369899997,6.0
S.André-Capuava,MP2.5,2026-09-13 08:00:00+00:00,16.0,-46.49163676599994,-23.63980369899997,6.0
S.André-Capuava,MP2.5,2026-09-13 09:00:00+00:00,16.0,-46.49163676599994,-23.63980369899997,6.0
S.André-Capuava,MP2.5,2026-09-13 10:00:00+00:00,16.0,-46.49163676599994,-23.63980369899997,6.0
S.André-Capuava,MP2.5,2026-09-13 11:00:00+00:00,16.0,-46.49163676599994,-23.63980369899997,6.0
S.André-Capuava,MP2.5,2026-09-13 12:00:00+00:00,16.0,-46.49163676599994,-23.63980369899997,6.0
S.André-Capuava,MP2.5,2026-09-13 13:00:00+00:00,16.0,-46.49163676599994,-23.63980369899997,6.0
S.André-Capuava,MP2.5,2026-09-13 14:00:00+00:00,16.0,-46.49163676599994,-23.63980369899997,6.0
S.André-Capuava,MP2.5,2026-09-13 15:00:00+00:00,16.0,-46.49163676599994,-23.63980369899997,6.0
S.André-Capuava,MP2.5,2026-09-13 16:00:00+00:00,13.0,-46.49163676599994,-23.63980369899997,4.88
S.André-Capuava,MP2.5,2026-09-13 17:00:00+00:00,13.0,-46.49163676599994,-23.63980369899997,4.88
S.André-Capuava,MP2.5,2026-09-13 18:00:00+00:00,13.0,-46.49163676599994,-23.63980369899997,4.88
S.Bernardo-Centro,MP2.5,2026-09-11 19:00:00+00:00,24.0,-46.54613359999996,-23.698626918999935,9.0
S.Bernardo-Centro,MP2.5,2026-09-11 20:00:00+00:00,24.0,-46.54613359999996,-23.698626918999935,9.0
S.Bernardo-Centro,MP2.5,2026-09-11 21:00:00+00:00,24.0,-46.54613359999996,-23.698626918999935,9.0
S.Bernardo-Centro,MP2.5,2026-09-11 22:00:00+00:00,24.0,-46.54613359999996,-23.698626918999935,9.0
S.Bernardo-Centro,MP2.5,2026-09-11 23:00:00+00:00,24.0,-46.54613359999996,-23.698626918999935,9.0
S.Bernardo-Centro,MP2.5,2026-09-12 00:00:00+00:00,24.0,-46.54613359999996,-23.698626918999935,9.0
S.Bernardo-Centro,MP2.5,2026-09-12 01:00:00+00:00,24.0,-46.54613359999996,-23.698626918999935,9.0
S.Bernardo-Centro,MP2.5,2026-09-12 02:00:00+00:00,21.0,-46.54613359999996,-23.698626918999935,7.88
S.Bernardo-Centro,MP2.5,2026-09-12 03:00:00+00:00,19.0,-46.54613359999996,-23.698626918999935,7.12
S.Bernardo-Centro,MP2.5,2026-09-12 04:00:00+00:00,19.0,-46.54613359999996,-23.698626918999935,7.12
S.Bernardo-Centro,MP2.5,2026-09-12 05:00:00+00:00,19.0,-46.54613359999996,-23.698626918999935,7.12
S.Bernardo-Centro,MP2.5,2026-09-12 06:00:00+00:00,16.0,-46.54613359999996,-23.698626918999935,6.0
S.Bernardo-Centro,MP2.5,2026-09-12 07:00:00+00:00,16.0,-46.54613359999996,-23.698626918999935,6.0
S.Bernardo-Centro,MP2.5,2026-09-12 08:00:00+00:00,16.0,-46.54613359999996,-23.698626918999935,6.0
S.Bernardo-Centro,MP2.5,2026-09-12 09:00:00+00:00,16.0,-46.54613359999996,-23.698626918999935,6.0
S.Bernardo-Centro,MP2.5,2026-09-12 10:00:00+00:00,16.0,-46.54613359999996,-23.698626918999935,6.0
S.Bernardo-Centro,MP2.5,2026-09-12 11:00:00+00:00,19.0,-46.54613359999996,-23.698626918999935,7.12
S.Bernardo-Centro,MP2.5,2026-09-12 12:00:00+00:00,19.0,-46.54613359999996,-23.698626918999935,7.12
S.Bernardo-Centro,MP2.5,2026-09-12 13:00:00+00:00,19.0,-46.54613359999996,-23.698626918999935,7.12
S.Bernardo-Centro,MP2.5,2026-09-12 14:00:00+00:00,19.0,-46.54613359999996,-23.698626918999935,7.12
S.Bernardo-Centro,MP2.5,2026-09-12 15:00:00+00:00,16.0,-46.54613359999996,-23.698626918999935,6.0
S.Bernardo-Centro,MP2.5,2026-09-12 16:00:00+00:00,16.0,-46.54613359999996,-23.698626918999935,6.0
S.Bernardo-Centro,MP2.5,2026-09-12 17:00:00+00:00,19.0,-46.54613359999996,-23.698626918999935,7.12
S.Bernardo-Centro,MP2.5,2026-09-12 18:00:00+00:00,19.0,-46.54613359999996,-23.698626918999935,7.12
S.Bernardo-Centro,MP2.5,2026-09-12 19:00:00+00:00,19.0,-46.54613359999996,-23.698626918999935,7.12
S.Bernardo-Centro,MP2.5,2026-09-12 20:00:00+00:00,19.0,-46.54613359999996,-23.698626918999935,7.12
S.Bernardo-Centro,MP2.5,2026-09-12 21:00:00+00:00,16.0,-46.54613359999996,-23.698626918999935,6.0
S.Bernardo-Centro,MP2.5,2026-09-12 22:00:00+00:00,16.0,-46.54613359999996,-23.698626918999935,6.0
S.Bernardo-Centro,MP2.5,2026-09-12 23:00:00+00:00,13.0,-46.54613359999996,-23.698626918999935,4.88
S.Bernardo-Centro,MP2.5,2026-09-13 00:00:00+00:00,13.0,-46.54613359999996,-23.698626918999935,4.88
S.Bernardo-Centro,MP2.5,2026-09-13 01:00:00+00:00,13.0,-46.54613359999996,-23.698626918999935,4.88
S.Bernardo-Centro,MP2.5,2026-09-13 02:00:00+00:00,13.0,-46.54613359999996,-23.698626918999935,4.88
S.Bernardo-Centro,MP2.5,2026-09-13 03:00:00+00:00,16.0,-46.54613359999996,-23.698626918999935,6.0
S.Bernardo-Centro,MP2.5,2026-09-13 04:00:00+00:00,13.0,-46.54613359999996,-23.698626918999935,4.88
S.Bernardo-Centro,MP2.5,2026-09-13 05:00:00+00:00,13.0,-46.54613359999996,-23.698626918999935,4.88
S.Bernardo-Centro,MP2.5,2026-09-13 06:00:00+00:00,13.0,-46.54613359999996,-23.698626918999935,4.88
S.Bernardo-Centro,MP2.5,2026-09-13 07:00:00+00:00,13.0,-46.54613359999996,-23.698626918999935,4.88
S.Bernardo-Centro,MP2.5,2026-09-13 08:00:00+00:00,13.0,-46.54613359999996,-23.698626918999935,4.88
S.Bernardo-Centro,MP2.5,2026-09-13 09:00:00+00:00,13.0,-46.54613359999996,-23.698626918999935,4.88
S.Bernardo-Centro,MP2.5,2026-09-13 10:00:00+00:00,13.0,-46.54613359999996,-23.698626918999935,4.88
S.Bernardo-Centro,MP2.5,2026-09-13 11:00:00+00:00,13.0,-46.54613359999996,-23.698626918999935,4.88
S.Bernardo-Centro,MP2.5,2026-09-13 12:00:00+00:00,13.0,-46.54613359999996,-23.698626918999935,4.88
S.Bernardo-Centro,MP2.5,2026-09-13 13:00:00+00:00,13.0,-46.54613359999996,-23.698626918999935,4.88
S.Bernardo-Centro,MP2.5,2026-09-13 14:00:00+00:00,13.0,-46.54613359999996,-23.698626918999935,4.88
S.Bernardo-Centro,MP2.5,2026-09-13 15:00:00+00:00,13.0,-46.54613359999996,-23.698626918999935,4.88
S.Bernardo-Centro,MP2.5,2026-09-13 16:00:00+00:00,13.0,-46.54613359999996,-23.698626918999935,4.88
S.Bernardo-Centro,MP2.5,2026-09-13 17:00:00+00:00,13.0,-46.54613359999996,-23.698626918999935,4.88
S.Bernardo-Centro,MP2.5,2026-09-13 18:00:00+00:00,11.0,-46.54613359999996,-23.698626918999935,4.12
S.José Campos-Jd.Satelite,MP2.5,2026-09-11 19:00:00+00:00,16.0,-45.89079999599994,-23.223645481999938,6.0
S.José Campos-Jd.Satelite,MP2.5,2026-09-11 20:00:00+00:00,16.0,-45.89079999599994,-23.223645481999938,6.0
S.José Campos-Jd.Satelite,MP2.5,2026-09-11 21:00:00+00:00,19.0,-45.89079999599994,-23.223645481999938,7.12
S.José Campos-Jd.Satelite,MP2.5,2026-09-11 22:00:00+00:00,19.0,-45.89079999599994,-23.223645481999938,7.12
S.José Campos-Jd.Satelite,MP2.5,2026-09-11 23:00:00+00:00,21.0,-45.89079999599994,-23.223645481999938,7.88
S.José Campos-Jd.Satelite,MP2.5,2026-09-12 00:00:00+00:00,21.0,-45.89079999599994,-23.223645481999938,7.88
S.José Campos-Jd.Satelite,MP2.5,2026-09-12 01:00:00+00:00,21.0,-45.89079999599994,-23.223645481999938,7.88
S.José Campos-Jd.Satelite,MP2.5,2026-09-12 02:00:00+00:00,21.0,-45.89079999599994,-23.223645481999938,7.88
S.José Campos-Jd.Satelite,MP2.5,2026-09-12 03:00:00+00:00,21.0,-45.89079999599994,-23.223645481999938,7.88
S.José Campos-Jd.Satelite,MP2.5,2026-09-12 04:00:00+00:00,21.0,-45.89079999599994,-23.223645481999938,7.88
S.José Campos-Jd.Satelite,MP2.5,2026-09-12 05:00:00+00:00,21.0,-45.89079999599994,-23.223645481999938,7.88
S.José Campos-Jd.Satelite,MP2.5,2026-09-12 06:00:00+00:00,21.0,-45.89079999599994,-23.223645481999938,7.88
S.José Campos-Jd.Satelite,MP2.5,2026-09-12 07:00:00+00:00,21.0,-45.89079999599994,-23.223645481999938,7.88
S.José Campos-Jd.Satelite,MP2.5,2026-09-12 08:00:00+00:00,19.0,-45.89079999599994,-23.223645481999938,7.12
S.José Campos-Jd.Satelite,MP2.5,2026-09-12 09:00:00+00:00,21.0,-45.89079999599994,-23.223645481999938,7.88
S.José Campos-Jd.Satelite,MP2.5,2026-09-12 10:00:00+00:00,21.0,-45.89079999599994,-23.223645481999938,7.88
S.José Campos-Jd.Satelite,MP2.5,2026-09-12 11:00:00+00:00,21.0,-45.89079999599994,-23.223645481999938,7.88
S.José Campos-Jd.Satelite,MP2.5,2026-09-12 12:00:00+00:00,21.0,-45.89079999599994,-23.223645481999938,7.88
S.José Campos-Jd.Satelite,MP2.5,2026-09-12 13:00:00+00:00,21.0,-45.89079999599994,-23.223645481999938,7.88
S.José Campos-Jd.Satelite,MP2.5,2026-09-12 14:00:00+00:00,21.0,-45.89079999599994,-23.223645481999938,7.88
S.José Campos-Jd.Satelite,MP2.5,2026-09-12 15:00:00+00:00,21.0,-45.89079999599994,-23.223645481999938,7.88
S.José Campos-Jd.Satelite,MP2.5,2026-09-12 16:00:00+00:00,21.0,-45.89079999599994,-23.223645481999938,7.88
S.José Campos-Jd.Satelite,MP2.5,2026-09-12 17:00:00+00:00,21.0,-45.89079999599994,-23.223645481999938,7.88
S.José Campos-Jd.Satelite,MP2.5,2026-09-12 18:00:00+00:00,21.0,-45.89079999599994,-23.223645481999938,7.88
S.José Campos-Jd.Satelite,MP2.5,2026-09-12 19:00:00+00:00,19.0,-45.89079999599994,-23.223645481999938,7.12
S.José Campos-Jd.Satelite,MP2.5,2026-09-12 20:00:00+00:00,19.0,-45.89079999599994,-23.223645481999938,7.12
S.José Campos-Jd.Satelite,MP2.5,2026-09-12 21:00:00+00:00,19.0,-45.89079999599994,-23.223645481999938,7.12
S.José Campos-Jd.Satelite,MP2.5,2026-09-12 22:00:00+00:00,16.0,-45.89079999599994,-23.223645481999938,6.0
S.José Campos-Jd.Satelite,MP2.5,2026-09-12 23:00:00+00:00,16.0,-45.89079999599994,-23.223645481999938,6.0
S.José Campos-Jd.Satelite,MP2.5,2026-09-13 00:00:00+00:00,13.0,-45.89079999599994,-23.223645481999938,4.88
S.José Campos-Jd.Satelite,MP2.5,2026-09-13 01:00:00+00:00,13.0,-45.89079999599994,-23.223645481999938,4.88
S.José Campos-Jd.Satelite,MP2.5,2026-09-13 02:00:00+00:00,13.0,-45.89079999599994,-23.223645481999938,4.88
S.José Campos-Jd.Satelite,MP2.5,2026-09-13 03:00:00+00:00,13.0,-45.89079999599994,-23.223645481999938,4.88
S.José Campos-Jd.Satelite,MP2.5,2026-09-13 04:00:00+00:00,11.0,-45.89079999599994,-23.223645481999938,4.12
S.José Campos-Jd.Satelite,MP2.5,2026-09-13 05:00:00+00:00,11.0,-45.89079999599994,-23.223645481999938,4.12
S.José Campos-Jd.Satelite,MP2.5,2026-09-13 06:00:00+00:00,11.0,-45.89079999599994,-23.223645481999938,4.12
S.José Campos-Jd.Satelite,MP2.5,2026-09-13 07:00:00+00:00,11.0,-45.89079999599994,-23.223645481999938,4.12
S.José Campos-Jd.Satelite,MP2.5,2026-09-13 08:00:00+00:00,11.0,-45.89079999599994,-23.223645481999938,4.12
S.José Campos-Jd.Satelite,MP2.5,2026-09-13 09:00:00+00:00,11.0,-45.89079999599994,-23.223645481999938,4.12
S.José Campos-Jd.Satelite,MP2.5,2026-09-13 10:00:00+00:00,11.0,-45.89079999599994,-23.223645481999938,4.12
S.José Campos-Jd.Satelite,MP2.5,2026-09-13 11:00:00+00:00,11.0,-45.89079999599994,-23.223645481999938,4.12
S.José Campos-Jd.Satelite,MP2.5,2026-09-13 12:00:00+00:00,11.0,-45.89079999599994,-23.223645481999938,4.12
S.José Campos-Jd.Satelite,MP2.5,2026-09-13 13:00:00+00:00,11.0,-45.89079999599994,-23.223645481999938,4.12
S.José Campos-Jd.Satelite,MP2.5,2026-09-13 14:00:00+00:00,11.0,-45.89079999599994,-23.223645481999938,4.12
S.José Campos-Jd.Satelite,MP2.5,2026-09-13 15:00:00+00:00,11.0,-45.89079999599994,-23.223645481999938,4.12
S.José Campos-Jd.Satelite,MP2.5,2026-09-13 16:00:00+00:00,11.0,-45.89079999599994,-23.223645481999938,4.12
S.José Campos-Jd.Satelite,MP2.5,2026-09-13 17:00:00+00:00,8.0,-45.89079999599994,-23.223645481999938,3.0
S.José Campos-Jd.Satelite,MP2.5,2026-09-13 18:00:00+00:00,8.0,-45.89079999599994,-23.223645481999938,3.0
Santa Gertrudes,MP2.5,2026-09-11 19:00:00+00:00,,-47.53629833999997,-22.459955268999977,
Santa Gertrudes,MP2.5,2026-09-11 20:00:00+00:00,,-47.53629833999997,-22.459955268999977,
Santa Gertrudes,MP2.5,2026-09-11 21:00:00+00:00,,-47.53629833999997,-22.459955268999977,
Santa Gertrudes,MP2.5,2026-09-11 22:00:00+00:00,,-47.53629833999997,-22.459955268999977,
Santa Gertrudes,MP2.5,2026-09-11 23:00:00+00:00,,-47.53629833999997,-22.459955268999977,
Santa Gertrudes,MP2.5,2026-09-12 00:00:00+00:00,,-47.53629833999997,-22.459955268999977,
Santa Gertrudes,MP2.5,2026-09-12 01:00:00+00:00,,-47.53629833999997,-22.459955268999977,
Santa Gertrudes,MP2.5,2026-09-12 02:00:00+00:00,,-47.53629833999997,-22.459955268999977,
Santa Gertrudes,MP2.5,2026-09-12 03:00:00+00:00,,-47.53629833999997,-22.459955268999977,
Santa Gertrudes,MP2.5,2026-09-12 04:00:00+00:00,,-47.53629833999997,-22.459955268999977,
Santa Gertrudes,MP2.5,2026-09-12 05:00:00+00:00,,-47.53629833999997,-22.459955268999977,
Santa Gertrudes,MP2.5,2026-09-12 06:00:00+00:00,,-47.53629833999997,-22.459955268999977,
Santa Gertrudes,MP2.5,2026-09-12 07:00:00+00:00,,-47.53629833999997,-22.459955268999977,
Santa Gertrudes,MP2.5,2026-09-12 08:00:00+00:00,,-47.53629833999997,-22.459955268999977,
Santa Gertrudes,MP2.5,2026-09-12 09:00:00+00:00,,-47.53629833999997,-22.459955268999977,
Santa Gertrudes,MP2.5,2026-09-12 10:00:00+00:00,,-47.53629833999997,-22.459955268999977,
Santa Gertrudes,MP2.5,2026-09-12 11:00:00+00:00,,-47.53629833999997,-22.459955268999977,
Santa Gertrudes,MP2.5,2026-09-12 12:00:00+00:00,,-47.53629833999997,-22.459955268999977,
Santa Gertrudes,MP2.5,2026-09-12 13:00:00+00:00,,-47.53629833999997,-22.459955268999977,
Santa Gertrudes,MP2.5,2026-09-12 14:00:00+00:00,,-47.53629833999997,-22.459955268999977,
Santa Gertrudes,MP2.5,2026-09-12 15:00:00+00:00,,-47.53629833999997,-22.459955268999977,
Santa Gertrudes,MP2.5,2026-09-12 16:00:00+00:00,,-47.53629833999997,-22.459955268999977,
Santa Gertrudes,MP2.5,2026-09-12 17:00:00+00:00,,-47.53629833999997,-22.459955268999977,
Santa Gertrudes,MP2.5,2026-09-12 18:00:00+00:00,,-47.53629833999997,-22.459955268999977,
Santa Gertrudes,MP2.5,2026-09-12 19:00:00+00:00,,-47.53629833999997,-22.459955268999977,
Santa Gertrudes,MP2.5,2026-09-12 20:00:00+00:00,,-47.53629833999997,-22.459955268999977,
Santa Gertrudes,MP2.5,2026-09-12 21:00:00+00:00,,-47.53629833999997,-22.459955268999977,
Santa Gertrudes,MP2.5,2026-09-12 22:00:00+00:00,,-47.53629833999997,-22.459955268999977,
Santa Gertrudes,MP2.5,2026-09-12 23:00:00+00:00,,-47.53629833999997,-22.459955268999977,
Santa Gertrudes,MP2.5,2026-09-13 00:00:00+00:00,,-47.53629833999997,-22.459955268999977,
Santa Gertrudes,MP2.5,2026-09-13 01:00:00+00:00,,-47.53629833999997,-22.459955268999977,
Santa Gertrudes,MP2.5,2026-09-13 02:00:00+00:00,,-47.53629833999997,-22.459955268999977,
Santa Gertrudes,MP2.5,2026-09-13 03:00:00+00:00,,-47.53629833999997,-22.459955268999977,
Santa Gertrudes,MP2.5,2026-09-13 04:00:00+00:00,,-47.53629833999997,-22.459955268999977,
Santa Gertrudes,MP2.5,2026-09-13 05:00:00+00:00,,-47.53629833999997,-22.459955268999977,
Santa Gertrudes,MP2.5,2026-09-13 06:00:00+00:00,,-47.53629833999997,-22.459955268999977,
Santa Gertrudes,MP2.5,2026-09-13 07:00:00+00:00,,-47.53629833999997,-22.459955268999977,
Santa Gertrudes,MP2.5,2026-09-13 08:00:00+00:00,,-47.53629833999997,-22.459955268999977,
Santa Gertrudes,MP2.5,2026-09-13 09:00:00+00:00,,-47.53629833999997,-22.459955268999977,
Santa Gertrudes,MP2.5,2026-09-13 10:00:00+00:00,,-47.53629833999997,-22.459955268999977,
Santa Gertrudes,MP2.5,2026-09-13 11:00:00+00:00,,-47.53629833999997,-22.459955268999977,
Santa Gertrudes,MP2.5,2026-09-13 12:00:00+00:00,,-47.53629833999997,-22.459955268999977,
Santa Gertrudes,MP2.5,2026-09-13 13:00:00+00:00,,-47.53629833999997,-22.459955268999977,
Santa Gertrudes,MP2.5,2026-09-13 14:00:00+00:00,,-47.53629833999997,-22.459955268999977,
Santa Gertrudes,MP2.5,2026-09-13 15:00:00+00:00,,-47.53629833999997,-22.459955268999977,
Santa Gertrudes,MP2.5,2026-09-13 16:00:00+00:00,,-47.53629833999997,-22.459955268999977,
Santa Gertrudes,MP2.5,2026-09-13 17:00:00+00:00,,-47.53629833999997,-22.459955268999977,
Santa Gertrudes,MP2.5,2026-09-13 18:00:00+00:00,,-47.53629833999997,-22.459955268999977,
Santana,MP2.5,2026-09-11 19:00:00+00:00,24.0,-46.62896029999996,-23.505992721999974,9.0
Santana,MP2.5,2026-09-11 20:00:00+00:00,24.0,-46.62896029999996,-23.505992721999974,9.0
Santana,MP2.5,2026-09-11 21:00:00+00:00,24.0,-46.62896029999996,-23.505992721999974,9.0
Santana,MP2.5,2026-09-11 22:00:00+00:00,21.0,-46.62896029999996,-23.505992721999974,7.88
Santana,MP2.5,2026-09-11 23:00:00+00:00,21.0,-46.62896029999996,-23.505992721999974,7.88
Santana,MP2.5,2026-09-12 00:00:00+00:00,21.0,-46.62896029999996,-23.505992721999974,7.88
Santana,MP2.5,2026-09-12 01:00:00+00:00,21.0,-46.62896029999996,-23.505992721999974,7.88
Santana,MP2.5,2026-09-12 02:00:00+00:00,19.0,-46.62896029999996,-23.505992721999974,7.12
Santana,MP2.5,2026-09-12 03:00:00+00:00,16.0,-46.62896029999996,-23.505992721999974,6.0
Santana,MP2.5,2026-09-12 04:00:00+00:00,16.0,-46.62896029999996,-23.505992721999974,6.0
Santana,MP2.5,2026-09-12 05:00:00+00:00,16.0,-46.62896029999996,-23.505992721999974,6.0
Santana,MP2.5,2026-09-12 06:00:00+00:00,16.0,-46.62896029999996,-23.505992721999974,6.0
Santana,MP2.5,2026-09-12 07:00:00+00:00,16.0,-46.62896029999996,-23.505992721999974,6.0
Santana,MP2.5,2026-09-12 08:00:00+00:00,16.0,-46.62896029999996,-23.505992721999974,6.0
Santana,MP2.5,2026-09-12 09:00:00+00:00,16.0,-46.62896029999996,-23.505992721999974,6.0
Santana,MP2.5,2026-09-12 10:00:00+00:00,16.0,-46.62896029999996,-23.505992721999974,6.0
Santana,MP2.5,2026-09-12 11:00:00+00:00,16.0,-46.62896029999996,-23.505992721999974,6.0
Santana,MP2.5,2026-09-12 12:00:00+00:00,16.0,-46.62896029999996,-23.505992721999974,6.0
Santana,MP2.5,2026-09-12 13:00:00+00:00,16.0,-46.62896029999996,-23.505992721999974,6.0
Santana,MP2.5,2026-09-12 14:00:00+00:00,16.0,-46.62896029999996,-23.505992721999974,6.0
Santana,MP2.5,2026-09-12 15:00:00+00:00,16.0,-46.62896029999996,-23.505992721999974,6.0
Santana,MP2.5,2026-09-12 16:00:00+00:00,16.0,-46.62896029999996,-23.505992721999974,6.0
Santana,MP2.5,2026-09-12 17:00:00+00:00,16.0,-46.62896029999996,-23.505992721999974,6.0
Santana,MP2.5,2026-09-12 18:00:00+00:00,16.0,-46.62896029999996,-23.505992721999974,6.0
Santana,MP2.5,2026-09-12 19:00:00+00:00,19.0,-46.62896029999996,-23.505992721999974,7.12
Santana,MP2.5,2026-09-12 20:00:00+00:00,19.0,-46.62896029999996,-23.505992721999974,7.12
Santana,MP2.5,2026-09-12 21:00:00+00:00,19.0,-46.62896029999996,-23.505992721999974,7.12
Santana,MP2.5,2026-09-12 22:00:00+00:00,19.0,-46.62896029999996,-23.505992721999974,7.12
Santana,MP2.5,2026-09-12 23:00:00+00:00,19.0,-46.62896029999996,-23.505992721999974,7.12
Santana,MP2.5,2026-09-13 00:00:00+00:00,16.0,-46.62896029999996,-23.505992721999974,6.0
Santana,MP2.5,2026-09-13 01:00:00+00:00,19.0,-46.62896029999996,-23.505992721999974,7.12
Santana,MP2.5,2026-09-13 02:00:00+00:00,19.0,-46.62896029999996,-23.505992721999974,7.12
Santana,MP2.5,2026-09-13 03:00:00+00:00,16.0,-46.62896029999996,-23.505992721999974,6.0
Santana,MP2.5,2026-09-13 04:00:00+00:00,19.0,-46.62896029999996,-23.505992721999974,7.12
Santana,MP2.5,2026-09-13 05:00:00+00:00,19.0,-46.62896029999996,-23.505992721999974,7.12
Santana,MP2.5,2026-09-13 06:00:00+00:00,19.0,-46.62896029999996,-23.505992721999974,7.12
Santana,MP2.5,2026-09-13 07:00:00+00:00,16.0,-46.62896029999996,-23.505992721999974,6.0
Santana,MP2.5,2026-09-13 08:00:00+00:00,19.0,-46.62896029999996,-23.505992721999974,7.12
Santana,MP2.5,2026-09-13 09:00:00+00:00,19.0,-46.62896029999996,-23.505992721999974,7.12
Santana,MP2.5,2026-09-13 10:00:00+00:00,19.0,-46.62896029999996,-23.505992721999974,7.12
Santana,MP2.5,2026-09-13 11:00:00+00:00,19.0,-46.62896029999996,-23.505992721999974,7.12
Santana,MP2.5,2026-09-13 12:00:00+00:00,19.0,-46.62896029999996,-23.505992721999974,7.12
Santana,MP2.5,2026-09-13 13:00:00+00:00,19.0,-46.62896029999996,-23.505992721999974,7.12
Santana,MP2.5,2026-09-13 14:00:00+00:00,16.0,-46.62896029999996,-23.505992721999974,6.0
Santana,MP2.5,2026-09-13 15:00:00+00:00,16.0,-46.62896029999996,-23.505992721999974,6.0
Santana,MP2.5,2026-09-13 16:00:00+00:00,16.0,-46.62896029999996,-23.505992721999974,6.0
Santana,MP2.5,2026-09-13 17:00:00+00:00,16.0,-46.62896029999996,-23.505992721999974,6.0
Santana,MP2.5,2026-09-13 18:00:00+00:00,16.0,-46.62896029999996,-23.505992721999974,6.0
Santo Amaro,MP2.5,2026-09-11 19:00:00+00:00,29.0,-46.70999838199998,-23.65497722999993,10.88
Santo Amaro,MP2.5,2026-09-11 20:00:00+00:00,29.0,-46.70999838199998,-23.65497722999993,10.88
Santo Amaro,MP2.5,2026-09-11 21:00:00+00:00,27.0,-46.70999838199998,-23.65497722999993,10.12
Santo Amaro,MP2.5,2026-09-11 22:00:00+00:00,27.0,-46.70999838199998,-23.65497722999993,10.12
Santo Amaro,MP2.5,2026-09-11 23:00:00+00:00,27.0,-46.70999838199998,-23.65497722999993,10.12
Santo Amaro,MP2.5,2026-09-12 00:00:00+00:00,27.0,-46.70999838199998,-23.65497722999993,10.12
Santo Amaro,MP2.5,2026-09-12 01:00:00+00:00,27.0,-46.70999838199998,-23.65497722999993,10.12
Santo Amaro,MP2.5,2026-09-12 02:00:00+00:00,27.0,-46.70999838199998,-23.65497722999993,10.12
Santo Amaro,MP2.5,2026-09-12 03:00:00+00:00,24.0,-46.70999838199998,-23.65497722999993,9.0
Santo Amaro,MP2.5,2026-09-12 04:00:00+00:00,24.0,-46.70999838199998,-23.65497722999993,9.0
Santo Amaro,MP2.5,2026-09-12 05:00:00+00:00,24.0,-46.70999838199998,-23.65497722999993,9.0
Santo Amaro,MP2.5,2026-09-12 06:00:00+00:00,21.0,-46.70999838199998,-23.65497722999993,7.88
Santo Amaro,MP2.5,2026-09-12 07:00:00+00:00,21.0,-46.70999838199998,-23.65497722999993,7.88
Santo Amaro,MP2.5,2026-09-12 08:00:00+00:00,19.0,-46.70999838199998,-23.65497722999993,7.12
Santo Amaro,MP2.5,2026-09-12 09:00:00+00:00,19.0,-46.70999838199998,-23.65497722999993,7.12
Santo Amaro,MP2.5,2026-09-12 10:00:00+00:00,19.0,-46.70999838199998,-23.65497722999993,7.12
Santo Amaro,MP2.5,2026-09-12 11:00:00+00:00,19.0,-46.70999838199998,-23.65497722999993,7.12
Santo Amaro,MP2.5,2026-09-12 12:00:00+00:00,19.0,-46.70999838199998,-23.65497722999993,7.12
Santo Amaro,MP2.5,2026-09-12 13:00:00+00:00,19.0,-46.70999838199998,-23.65497722999993,7.12
Santo Amaro,MP2.5,2026-09-12 14:00:00+00:00,19.0,-46.70999838199998,-23.65497722999993,7.12
Santo Amaro,MP2.5,2026-09-12 15:00:00+00:00,21.0,-46.70999838199998,-23.65497722999993,7.88
Santo Amaro,MP2.5,2026-09-12 16:00:00+00:00,21.0,-46.70999838199998,-23.65497722999993,7.88
Santo Amaro,MP2.5,2026-09-12 17:00:00+00:00,21.0,-46.70999838199998,-23.65497722999993,7.88
Santo Amaro,MP2.5,2026-09-12 18:00:00+00:00,21.0,-46.70999838199998,-23.65497722999993,7.88
Santo Amaro,MP2.5,2026-09-12 19:00:00+00:00,21.0,-46.70999838199998,-23.65497722999993,7.88
Santo Amaro,MP2.5,2026-09-12 20:00:00+00:00,21.0,-46.70999838199998,-23.65497722999993,7.88
Santo Amaro,MP2.5,2026-09-12 21:00:00+00:00,21.0,-46.70999838199998,-23.65497722999993,7.88
Santo Amaro,MP2.5,2026-09-12 22:00:00+00:00,21.0,-46.70999838199998,-23.65497722999993,7.88
Santo Amaro,MP2.5,2026-09-12 23:00:00+00:00,21.0,-46.70999838199998,-23.65497722999993,7.88
Santo Amaro,MP2.5,2026-09-13 00:00:00+00:00,19.0,-46.70999838199998,-23.65497722999993,7.12
Santo Amaro,MP2.5,2026-09-13 01:00:00+00:00,19.0,-46.70999838199998,-23.65497722999993,7.12
Santo Amaro,MP2.5,2026-09-13 02:00:00+00:00,19.0,-46.70999838199998,-23.65497722999993,7.12
Santo Amaro,MP2.5,2026-09-13 03:00:00+00:00,19.0,-46.70999838199998,-23.65497722999993,7.12
Santo Amaro,MP2.5,2026-09-13 04:00:00+00:00,19.0,-46.70999838199998,-23.65497722999993,7.12
Santo Amaro,MP2.5,2026-09-13 05:00:00+00:00,19.0,-46.70999838199998,-23.65497722999993,7.12
Santo Amaro,MP2.5,2026-09-13 06:00:00+00:00,19.0,-46.70999838199998,-23.65497722999993,7.12
Santo Amaro,MP2.5,2026-09-13 07:00:00+00:00,19.0,-46.70999838199998,-23.65497722999993,7.12
Santo Amaro,MP2.5,2026-09-13 08:00:00+00:00,19.0,-46.70999838199998,-23.65497722999993,7.12
Santo Amaro,MP2.5,2026-09-13 09:00:00+00:00,19.0,-46.70999838199998,-23.65497722999993,7.12
Santo Amaro,MP2.5,2026-09-13 10:00:00+00:00,19.0,-46.70999838199998,-23.65497722999993,7.12
Santo Amaro,MP2.5,2026-09-13 11:00:00+00:00,19.0,-46.70999838199998,-23.65497722999993,7.12
Santo Amaro,MP2.5,2026-09-13 12:00:00+00:00,16.0,-46.70999838199998,-23.65497722999993,6.0
Santo Amaro,MP2.5,2026-09-13 13:00:00+00:00,16.0,-46.70999838199998,-23.65497722999993,6.0
Santo Amaro,MP2.5,2026-09-13 14:00:00+00:00,16.0,-46.70999838199998,-23.65497722999993,6.0
Santo Amaro,MP2.5,2026-09-13 15:00:00+00:00,16.0,-46.70999838199998,-23.65497722999993,6.0
Santo Amaro,MP2.5,2026-09-13 16:00:00+00:00,16.0,-46.70999838199998,-23.65497722999993,6.0
Santo Amaro,MP2.5,2026-09-13 17:00:00+00:00,13.0,-46.70999838199998,-23.65497722999993,4.88
Santo Amaro,MP2.5,2026-09-13 18:00:00+00:00,13.0,-46.70999838199998,-23.65497722999993,4.88
Santos-Ponta da Praia,MP2.5,2026-09-11 19:00:00+00:00,,-46.30028210299997,-23.98115259399998,
Santos-Ponta da Praia,MP2.5,2026-09-11 20:00:00+00:00,,-46.30028210299997,-23.98115259399998,
Santos-Ponta da Praia,MP2.5,2026-09-11 21:00:00+00:00,,-46.30028210299997,-23.98115259399998,
Santos-Ponta da Praia,MP2.5,2026-09-11 22:00:00+00:00,,-46.30028210299997,-23.98115259399998,
Santos-Ponta da Praia,MP2.5,2026-09-11 23:00:00+00:00,,-46.30028210299997,-23.98115259399998,
Santos-Ponta da Praia,MP2.5,2026-09-12 00:00:00+00:00,,-46.30028210299997,-23.98115259399998,
Santos-Ponta da Praia,MP2.5,2026-09-12 01:00:00+00:00,,-46.30028210299997,-23.98115259399998,
Santos-Ponta da Praia,MP2.5,2026-09-12 02:00:00+00:00,,-46.30028210299997,-23.98115259399998,
Santos-Ponta da Praia,MP2.5,2026-09-12 03:00:00+00:00,,-46.30028210299997,-23.98115259399998,
Santos-Ponta da Praia,MP2.5,2026-09-12 04:00:00+00:00,,-46.30028210299997,-23.98115259399998,
Santos-Ponta da Praia,MP2.5,2026-09-12 05:00:00+00:00,,-46.30028210299997,-23.98115259399998,
Santos-Ponta da Praia,MP2.5,2026-09-12 06:00:00+00:00,,-46.30028210299997,-23.98115259399998,
Santos-Ponta da Praia,MP2.5,2026-09-12 07:00:00+00:00,,-46.30028210299997,-23.98115259399998,
Santos-Ponta da Praia,MP2.5,2026-09-12 08:00:00+00:00,,-46.30028210299997,-23.98115259399998,
Santos-Ponta da Praia,MP2.5,2026-09-12 09:00:00+00:00,,-46.30028210299997,-23.98115259399998,
Santos-Ponta da Praia,MP2.5,2026-09-12 10:00:00+00:00,,-46.30028210299997,-23.98115259399998,
Santos-Ponta da Praia,MP2.5,2026-09-12 11:00:00+00:00,,-46.30028210299997,-23.98115259399998,
Santos-Ponta da Praia,MP2.5,2026-09-12 12:00:00+00:00,,-46.30028210299997,-23.98115259399998,
Santos-Ponta da Praia,MP2.5,2026-09-12 13:00:00+00:00,,-46.30028210299997,-23.98115259399998,
Santos-Ponta da Praia,MP2.5,2026-09-12 14:00:00+00:00,,-46.30028210299997,-23.98115259399998,
Santos-Ponta da Praia,MP2.5,2026-09-12 15:00:00+00:00,,-46.30028210299997,-23.98115259399998,
Santos-Ponta da Praia,MP2.5,2026-09-12 16:00:00+00:00,,-46.30028210299997,-23.98115259399998,
Santos-Ponta da Praia,MP2.5,2026-09-12 17:00:00+00:00,,-46.30028210299997,-23.98115259399998,
Santos-Ponta da Praia,MP2.5,2026-09-12 18:00:00+00:00,,-46.30028210299997,-23.98115259399998,
Santos-Ponta da Praia,MP2.5,2026-09-12 19:00:00+00:00,,-46.30028210299997,-23.98115259399998,
Santos-Ponta da Praia,MP2.5,2026-09-12 20:00:00+00:00,,-46.30028210299997,-23.98115259399998,
Santos-Ponta da Praia,MP2.5,2026-09-12 21:00:00+00:00,,-46.30028210299997,-23.98115259399998,
Santos-Ponta da Praia,MP2.5,2026-09-12 22:00:00+00:00,,-46.30028210299997,-23.98115259399998,
Santos-Ponta da Praia,MP2.5,2026-09-12 23:00:00+00:00,,-46.30028210299997,-23.98115259399998,
Santos-Ponta da Praia,MP2.5,2026-09-13 00:00:00+00:00,,-46.30028210299997,-23.98115259399998,
Santos-Ponta da Praia,MP2.5,2026-09-13 01:00:00+00:00,,-46.30028210299997,-23.98115259399998,
Santos-Ponta da Praia,MP2.5,2026-09-13 02:00:00+00:00,,-46.30028210299997,-23.98115259399998,
Santos-Ponta da Praia,MP2.5,2026-09-13 03:00:00+00:00,,-46.30028210299997,-23.98115259399998,
Santos-Ponta da Praia,MP2.5,2026-09-13 04:00:00+00:00,,-46.30028210299997,-23.98115259399998,
Santos-Ponta da Praia,MP2.5,2026-09-13 05:00:00+00:00,,-46.30028210299997,-23.98115259399998,
Santos-Ponta da Praia,MP2.5,2026-09-13 06:00:00+00:00,,-46.30028210299997,-23.98115259399998,
Santos-Ponta da Praia,MP2.5,2026-09-13 07:00:00+00:00,,-46.30028210299997,-23.98115259399998,
Santos-Ponta da Praia,MP2.5,2026-09-13 08:00:00+00:00,,-46.30028210299997,-23.98115259399998,
Santos-Ponta da Praia,MP2.5,2026-09-13 09:00:00+00:00,,-46.30028210299997,-23.98115259399998,
Santos-Ponta da Praia,MP2.5,2026-09-13 10:00:00+00:00,,-46.30028210299997,-23.98115259399998,
Santos-Ponta da Praia,MP2.5,2026-09-13 11:00:00+00:00,,-46.30028210299997,-23.98115259399998,
Santos-Ponta da Praia,MP2.5,2026-09-13 12:00:00+00:00,,-46.30028210299997,-23.98115259399998,
Santos-Ponta da Praia,MP2.5,2026-09-13 13:00:00+00:00,,-46.30028210299997,-23.98115259399998,
Santos-Ponta da Praia,MP2.5,2026-09-13 14:00:00+00:00,,-46.30028210299997,-23.98115259399998,
Santos-Ponta da Praia,MP2.5,2026-09-13 15:00:00+00:00,,-46.30028210299997,-23.98115259399998,
Santos-Ponta da Praia,MP2.5,2026-09-13 16:00:00+00:00,,-46.30028210299997,-23.98115259399998,
Santos-Ponta da Praia,MP2.5,2026-09-13 17:00:00+00:00,,-46.30028210299997,-23.98115259399998,
Santos-Ponta da Praia,MP2.5,2026-09-13 18:00:00+00:00,,-46.30028210299997,-23.98115259399998,
Sapopemba,MP2.5,2026-09-11 19:00:00+00:00,11.0,-46.50245582799994,-23.60605120599996,4.12
Sapopemba,MP2.5,2026-09-11 20:00:00+00:00,11.0,-46.50245582799994,-23.60605120599996,4.12
Sapopemba,MP2.5,2026-09-11 21:00:00+00:00,11.0,-46.50245582799994,-23.60605120599996,4.12
Sapopemba,MP2.5,2026-09-11 22:00:00+00:00,11.0,-46.50245582799994,-23.60605120599996,4.12
Sapopemba,MP2.5,2026-09-11 23:00:00+00:00,11.0,-46.50245582799994,-23.60605120599996,4.12
Sapopemba,MP2.5,2026-09-12 00:00:00+00:00,11.0,-46.50245582799994,-23.60605120599996,4.12
Sapopemba,MP2.5,2026-09-12 01:00:00+00:00,11.0,-46.50245582799994,-23.60605120599996,4.12
Sapopemba,MP2.5,2026-09-12 02:00:00+00:00,11.0,-46.50245582799994,-23.60605120599996,4.12
Sapopemba,MP2.5,2026-09-12 03:00:00+00:00,11.0,-46.50245582799994,-23.60605120599996,4.12
Sapopemba,MP2.5,2026-09-12 04:00:00+00:00,8.0,-46.50245582799994,-23.60605120599996,3.0
Sapopemba,MP2.5,2026-09-12 05:00:00+00:00,8.0,-46.50245582799994,-23.60605120599996,3.0
Sapopemba,MP2.5,2026-09-12 06:00:00+00:00,8.0,-46.50245582799994,-23.60605120599996,3.0
Sapopemba,MP2.5,2026-09-12 07:00:00+00:00,8.0,-46.50245582799994,-23.60605120599996,3.0
Sapopemba,MP2.5,2026-09-12 08:00:00+00:00,8.0,-46.50245582799994,-23.60605120599996,3.0
Sapopemba,MP2.5,2026-09-12 09:00:00+00:00,8.0,-46.50245582799994,-23.60605120599996,3.0
Sapopemba,MP2.5,2026-09-12 10:00:00+00:00,8.0,-46.50245582799994,-23.60605120599996,3.0
Sapopemba,MP2.5,2026-09-12 11:00:00+00:00,8.0,-46.50245582799994,-23.60605120599996,3.0
Sapopemba,MP2.5,2026-09-12 12:00:00+00:00,8.0,-46.50245582799994,-23.60605120599996,3.0
Sapopemba,MP2.5,2026-09-12 13:00:00+00:00,8.0,-46.50245582799994,-23.60605120599996,3.0
Sapopemba,MP2.5,2026-09-12 14:00:00+00:00,8.0,-46.50245582799994,-23.60605120599996,3.0
Sapopemba,MP2.5,2026-09-12 15:00:00+00:00,8.0,-46.50245582799994,-23.60605120599996,3.0
Sapopemba,MP2.5,2026-09-12 16:00:00+00:00,8.0,-46.50245582799994,-23.60605120599996,3.0
Sapopemba,MP2.5,2026-09-12 17:00:00+00:00,8.0,-46.50245582799994,-23.60605120599996,3.0
Sapopemba,MP2.5,2026-09-12 18:00:00+00:00,8.0,-46.50245582799994,-23.60605120599996,3.0
Sapopemba,MP2.5,2026-09-12 19:00:00+00:00,8.0,-46.50245582799994,-23.60605120599996,3.0
Sapopemba,MP2.5,2026-09-12 20:00:00+00:00,8.0,-46.50245582799994,-23.60605120599996,3.0
Sapopemba,MP2.5,2026-09-12 21:00:00+00:00,11.0,-46.50245582799994,-23.60605120599996,4.12
Sapopemba,MP2.5,2026-09-12 22:00:00+00:00,8.0,-46.50245582799994,-23.60605120599996,3.0
Sapopemba,MP2.5,2026-09-12 23:00:00+00:00,8.0,-46.50245582799994,-23.60605120599996,3.0
Sapopemba,MP2.5,2026-09-13 00:00:00+00:00,8.0,-46.50245582799994,-23.60605120599996,3.0
Sapopemba,MP2.5,2026-09-13 01:00:00+00:00,8.0,-46.50245582799994,-23.60605120599996,3.0
Sapopemba,MP2.5,2026-09-13 02:00:00+00:00,8.0,-46.50245582799994,-23.60605120599996,3.0
Sapopemba,MP2.5,2026-09-13 03:00:00+00:00,8.0,-46.50245582799994,-23.60605120599996,3.0
Sapopemba,MP2.5,2026-09-13 04:00:00+00:00,11.0,-46.50245582799994,-23.60605120599996,4.12
Sapopemba,MP2.5,2026-09-13 05:00:00+00:00,11.0,-46.50245582799994,-23.60605120599996,4.12
Sapopemba,MP2.5,2026-09-13 06:00:00+00:00,11.0,-46.50245582799994,-23.60605120599996,4.12
Sapopemba,MP2.5,2026-09-13 07:00:00+00:00,11.0,-46.50245582799994,-23.60605120599996,4.12
Sapopemba,MP2.5,2026-09-13 08:00:00+00:00,11.0,-46.50245582799994,-23.60605120599996,4.12
Sapopemba,MP2.5,2026-09-13 09:00:00+00:00,11.0,-46.50245582799994,-23.60605120599996,4.12
Sapopemba,MP2.5,2026-09-13 10:00:00+00:00,11.0,-46.50245582799994,-23.60605120599996,4.12
Sapopemba,MP2.5,2026-09-13 11:00:00+00:00,8.0,-46.50245582799994,-23.60605120599996,3.0
Sapopemba,MP2.5,2026-09-13 12:00:00+00:00,8.0,-46.50245582799994,-23.60605120599996,3.0
Sapopemba,MP2.5,2026-09-13 13:00:00+00:00,8.0,-46.50245582799994,-23.60605120599996,3.0
Sapopemba,MP2.5,2026-09-13 14:00:00+00:00,8.0,-46.50245582799994,-23.60605120599996,3.0
Sapopemba,MP2.5,2026-09-13 15:00:00+00:00,8.0,-46.50245582799994,-23.60605120599996,3.0
Sapopemba,MP2.5,2026-09-13 16:00:00+00:00,8.0,-46.50245582799994,-23.60605120599996,3.0
Sapopemba,MP2.5,2026-09-13 17:00:00+00:00,8.0,-46.50245582799994,-23.60605120599996,3.0
Sapopemba,MP2.5,2026-09-13 18:00:00+00:00,8.0,-46.50245582799994,-23.60605120599996,3.0
Sorocaba,MP2.5,2026-09-11 19:00:00+00:00,21.0,-47.47902991199993,-23.502426583999977,7.88
Sorocaba,MP2.5,2026-09-11 20:00:00+00:00,21.0,-47.47902991199993,-23.502426583999977,7.88
Sorocaba,MP2.5,2026-09-11 21:00:00+00:00,21.0,-47.47902991199993,-23.502426583999977,7.88
Sorocaba,MP2.5,2026-09-11 22:00:00+00:00,21.0,-47.47902991199993,-23.502426583999977,7.88
Sorocaba,MP2.5,2026-09-11 23:00:00+00:00,21.0,-47.47902991199993,-23.502426583999977,7.88
Sorocaba,MP2.5,2026-09-12 00:00:00+00:00,21.0,-47.47902991199993,-23.502426583999977,7.88
Sorocaba,MP2.5,2026-09-12 01:00:00+00:00,21.0,-47.47902991199993,-23.502426583999977,7.88
Sorocaba,MP2.5,2026-09-12 02:00:00+00:00,21.0,-47.47902991199993,-23.502426583999977,7.88
Sorocaba,MP2.5,2026-09-12 03:00:00+00:00,21.0,-47.47902991199993,-23.502426583999977,7.88
Sorocaba,MP2.5,2026-09-12 04:00:00+00:00,19.0,-47.47902991199993,-23.502426583999977,7.12
Sorocaba,MP2.5,2026-09-12 05:00:00+00:00,19.0,-47.47902991199993,-23.502426583999977,7.12
Sorocaba,MP2.5,2026-09-12 06:00:00+00:00,19.0,-47.47902991199993,-23.502426583999977,7.12
Sorocaba,MP2.5,2026-09-12 07:00:00+00:00,16.0,-47.47902991199993,-23.502426583999977,6.0
Sorocaba,MP2.5,2026-09-12 08:00:00+00:00,16.0,-47.47902991199993,-23.502426583999977,6.0
Sorocaba,MP2.5,2026-09-12 09:00:00+00:00,19.0,-47.47902991199993,-23.502426583999977,7.12
Sorocaba,MP2.5,2026-09-12 10:00:00+00:00,19.0,-47.47902991199993,-23.502426583999977,7.12
Sorocaba,MP2.5,2026-09-12 11:00:00+00:00,19.0,-47.47902991199993,-23.502426583999977,7.12
Sorocaba,MP2.5,2026-09-12 12:00:00+00:00,19.0,-47.47902991199993,-23.502426583999977,7.12
Sorocaba,MP2.5,2026-09-12 13:00:00+00:00,19.0,-47.47902991199993,-23.502426583999977,7.12
Sorocaba,MP2.5,2026-09-12 14:00:00+00:00,19.0,-47.47902991199993,-23.502426583999977,7.12
Sorocaba,MP2.5,2026-09-12 15:00:00+00:00,19.0,-47.47902991199993,-23.502426583999977,7.12
Sorocaba,MP2.5,2026-09-12 16:00:00+00:00,19.0,-47.47902991199993,-23.502426583999977,7.12
Sorocaba,MP2.5,2026-09-12 17:00:00+00:00,19.0,-47.47902991199993,-23.502426583999977,7.12
Sorocaba,MP2.5,2026-09-12 18:00:00+00:00,16.0,-47.47902991199993,-23.502426583999977,6.0
Sorocaba,MP2.5,2026-09-12 19:00:00+00:00,19.0,-47.47902991199993,-23.502426583999977,7.12
Sorocaba,MP2.5,2026-09-12 20:00:00+00:00,19.0,-47.47902991199993,-23.502426583999977,7.12
Sorocaba,MP2.5,2026-09-12 21:00:00+00:00,19.0,-47.47902991199993,-23.502426583999977,7.12
Sorocaba,MP2.5,2026-09-12 22:00:00+00:00,16.0,-47.47902991199993,-23.502426583999977,6.0
Sorocaba,MP2.5,2026-09-12 23:00:00+00:00,16.0,-47.47902991199993,-23.502426583999977,6.0
Sorocaba,MP2.5,2026-09-13 00:00:00+00:00,13.0,-47.47902991199993,-23.502426583999977,4.88
Sorocaba,MP2.5,2026-09-13 01:00:00+00:00,13.0,-47.47902991199993,-23.502426583999977,4.88
Sorocaba,MP2.5,2026-09-13 02:00:00+00:00,13.0,-47.47902991199993,-23.502426583999977,4.88
Sorocaba,MP2.5,2026-09-13 03:00:00+00:00,13.0,-47.47902991199993,-23.502426583999977,4.88
Sorocaba,MP2.5,2026-09-13 04:00:00+00:00,13.0,-47.47902991199993,-23.502426583999977,4.88
Sorocaba,MP2.5,2026-09-13 05:00:00+00:00,13.0,-47.47902991199993,-23.502426583999977,4.88
Sorocaba,MP2.5,2026-09-13 06:00:00+00:00,11.0,-47.47902991199993,-23.502426583999977,4.12
Sorocaba,MP2.5,2026-09-13 07:00:00+00:00,11.0,-47.47902991199993,-23.502426583999977,4.12
Sorocaba,MP2.5,2026-09-13 08:00:00+00:00,11.0,-47.47902991199993,-23.502426583999977,4.12
Sorocaba,MP2.5,2026-09-13 09:00:00+00:00,11.0,-47.47902991199993,-23.502426583999977,4.12
Sorocaba,MP2.5,2026-09-13 10:00:00+00:00,11.0,-47.47902991199993,-23.502426583999977,4.12
Sorocaba,MP2.5,2026-09-13 11:00:00+00:00,11.0,-47.47902991199993,-23.502426583999977,4.12
Sorocaba,MP2.5,2026-09-13 12:00:00+00:00,8.0,-47.47902991199993,-23.502426583999977,3.0
Sorocaba,MP2.5,2026-09-13 13:00:00+00:00,8.0,-47.47902991199993,-23.502426583999977,3.0
Sorocaba,MP2.5,2026-09-13 14:00:00+00:00,8.0,-47.47902991199993,-23.502426583999977,3.0
Sorocaba,MP2.5,2026-09-13 15:00:00+00:00,8.0,-47.47902991199993,-23.502426583999977,3.0
Sorocaba,MP2.5,2026-09-13 16:00:00+00:00,8.0,-47.47902991199993,-23.502426583999977,3.0
Sorocaba,MP2.5,2026-09-13 17:00:00+00:00,8.0,-47.47902991199993,-23.502426583999977,3.0
Sorocaba,MP2.5,2026-09-13 18:00:00+00:00,8.0,-47.47902991199993,-23.502426583999977,3.0
São José do Rio Preto,MP2.5,2026-09-11 19:00:00+00:00,21.0,-49.39827779299998,-20.784689283999967,7.88
São José do Rio Preto,MP2.5,2026-09-11 20:00:00+00:00,24.0,-49.39827779299998,-20.784689283999967,9.0
São José do Rio Preto,MP2.5,2026-09-11 21:00:00+00:00,24.0,-49.39827779299998,-20.784689283999967,9.0
São José do Rio Preto,MP2.5,2026-09-11 22:00:00+00:00,24.0,-49.39827779299998,-20.784689283999967,9.0
São José do Rio Preto,MP2.5,2026-09-11 23:00:00+00:00,27.0,-49.39827779299998,-20.784689283999967,10.12
São José do Rio Preto,MP2.5,2026-09-12 00:00:00+00:00,29.0,-49.39827779299998,-20.784689283999967,10.88
São José do Rio Preto,MP2.5,2026-09-12 01:00:00+00:00,29.0,-49.39827779299998,-20.784689283999967,10.88
São José do Rio Preto,MP2.5,2026-09-12 02:00:00+00:00,32.0,-49.39827779299998,-20.784689283999967,12.0
São José do Rio Preto,MP2.5,2026-09-12 03:00:00+00:00,32.0,-49.39827779299998,-20.784689283999967,12.0
São José do Rio Preto,MP2.5,2026-09-12 04:00:00+00:00,35.0,-49.39827779299998,-20.784689283999967,13.12
São José do Rio Preto,MP2.5,2026-09-12 05:00:00+00:00,35.0,-49.39827779299998,-20.784689283999967,13.12
São José do Rio Preto,MP2.5,2026-09-12 06:00:00+00:00,35.0,-49.39827779299998,-20.784689283999967,13.12
São José do Rio Preto,MP2.5,2026-09-12 07:00:00+00:00,35.0,-49.39827779299998,-20.784689283999967,13.12
São José do Rio Preto,MP2.5,2026-09-12 08:00:00+00:00,35.0,-49.39827779299998,-20.784689283999967,13.12
São José do Rio Preto,MP2.5,2026-09-12 09:00:00+00:00,35.0,-49.39827779299998,-20.784689283999967,13.12
São José do Rio Preto,MP2.5,2026-09-12 10:00:00+00:00,35.0,-49.39827779299998,-20.784689283999967,13.12
São José do Rio Preto,MP2.5,2026-09-12 11:00:00+00:00,35.0,-49.39827779299998,-20.784689283999967,13.12
São José do Rio Preto,MP2.5,2026-09-12 12:00:00+00:00,32.0,-49.39827779299998,-20.784689283999967,12.0
São José do Rio Preto,MP2.5,2026-09-12 13:00:00+00:00,32.0,-49.39827779299998,-20.784689283999967,12.0
São José do Rio Preto,MP2.5,2026-09-12 14:00:00+00:00,32.0,-49.39827779299998,-20.784689283999967,12.0
São José do Rio Preto,MP2.5,2026-09-12 15:00:00+00:00,32.0,-49.39827779299998,-20.784689283999967,12.0
São José do Rio Preto,MP2.5,2026-09-12 16:00:00+00:00,32.0,-49.39827779299998,-20.784689283999967,12.0
São José do Rio Preto,MP2.5,2026-09-12 17:00:00+00:00,29.0,-49.39827779299998,-20.784689283999967,10.88
São José do Rio Preto,MP2.5,2026-09-12 18:00:00+00:00,29.0,-49.39827779299998,-20.784689283999967,10.88
São José do Rio Preto,MP2.5,2026-09-12 19:00:00+00:00,29.0,-49.39827779299998,-20.784689283999967,10.88
São José do Rio Preto,MP2.5,2026-09-12 20:00:00+00:00,27.0,-49.39827779299998,-20.784689283999967,10.12
São José do Rio Preto,MP2.5,2026-09-12 21:00:00+00:00,27.0,-49.39827779299998,-20.784689283999967,10.12
São José do Rio Preto,MP2.5,2026-09-12 22:00:00+00:00,24.0,-49.39827779299998,-20.784689283999967,9.0
São José do Rio Preto,MP2.5,2026-09-12 23:00:00+00:00,24.0,-49.39827779299998,-20.784689283999967,9.0
São José do Rio Preto,MP2.5,2026-09-13 00:00:00+00:00,24.0,-49.39827779299998,-20.784689283999967,9.0
São José do Rio Preto,MP2.5,2026-09-13 01:00:00+00:00,21.0,-49.39827779299998,-20.784689283999967,7.88
São José do Rio Preto,MP2.5,2026-09-13 02:00:00+00:00,19.0,-49.39827779299998,-20.784689283999967,7.12
São José do Rio Preto,MP2.5,2026-09-13 03:00:00+00:00,19.0,-49.39827779299998,-20.784689283999967,7.12
São José do Rio Preto,MP2.5,2026-09-13 04:00:00+00:00,16.0,-49.39827779299998,-20.784689283999967,6.0
São José do Rio Preto,MP2.5,2026-09-13 05:00:00+00:00,16.0,-49.39827779299998,-20.784689283999967,6.0
São José do Rio Preto,MP2.5,2026-09-13 06:00:00+00:00,16.0,-49.39827779299998,-20.784689283999967,6.0
São José do Rio Preto,MP2.5,2026-09-13 07:00:00+00:00,16.0,-49.39827779299998,-20.784689283999967,6.0
São José do Rio Preto,MP2.5,2026-09-13 08:00:00+00:00,16.0,-49.39827779299998,-20.784689283999967,6.0
São José do Rio Preto,MP2.5,2026-09-13 09:00:00+00:00,16.0,-49.39827779299998,-20.784689283999967,6.0
São José do Rio Preto,MP2.5,2026-09-13 10:00:00+00:00,19.0,-49.39827779299998,-20.784689283999967,7.12
São José do Rio Preto,MP2.5,2026-09-13 11:00:00+00:00,19.0,-49.39827779299998,-20.784689283999967,7.12
São José do Rio Preto,MP2.5,2026-09-13 12:00:00+00:00,19.0,-49.39827779299998,-20.784689283999967,7.12
São José do Rio Preto,MP2.5,2026-09-13 13:00:00+00:00,19.0,-49.39827779299998,-20.784689283999967,7.12
São José do Rio Preto,MP2.5,2026-09-13 14:00:00+00:00,19.0,-49.39827779299998,-20.784689283999967,7.12
São José do Rio Preto,MP2.5,2026-09-13 15:00:00+00:00,19.0,-49.39827779299998,-20.784689283999967,7.12
São José do Rio Preto,MP2.5,2026-09-13 16:00:00+00:00,19.0,-49.39827779299998,-20.784689283999967,7.12
São José do Rio Preto,MP2.5,2026-09-13 17:00:00+00:00,19.0,-49.39827779299998,-20.784689283999967,7.12
São José do Rio Preto,MP2.5,2026-09-13 18:00:00+00:00,21.0,-49.39827779299998,-20.784689283999967,7.88
São Sebastião,MP2.5,2026-09-11 19:00:00+00:00,8.0,-45.400072044999945,-23.805198464999933,3.0
São Sebastião,MP2.5,2026-09-11 20:00:00+00:00,8.0,-45.400072044999945,-23.805198464999933,3.0
São Sebastião,MP2.5,2026-09-11 21:00:00+00:00,11.0,-45.400072044999945,-23.805198464999933,4.12
São Sebastião,MP2.5,2026-09-11 22:00:00+00:00,11.0,-45.400072044999945,-23.805198464999933,4.12
São Sebastião,MP2.5,2026-09-11 23:00:00+00:00,11.0,-45.400072044999945,-23.805198464999933,4.12
São Sebastião,MP2.5,2026-09-12 00:00:00+00:00,11.0,-45.400072044999945,-23.805198464999933,4.12
São Sebastião,MP2.5,2026-09-12 01:00:00+00:00,11.0,-45.400072044999945,-23.805198464999933,4.12
São Sebastião,MP2.5,2026-09-12 02:00:00+00:00,11.0,-45.400072044999945,-23.805198464999933,4.12
São Sebastião,MP2.5,2026-09-12 03:00:00+00:00,11.0,-45.400072044999945,-23.805198464999933,4.12
São Sebastião,MP2.5,2026-09-12 04:00:00+00:00,11.0,-45.400072044999945,-23.805198464999933,4.12
São Sebastião,MP2.5,2026-09-12 05:00:00+00:00,11.0,-45.400072044999945,-23.805198464999933,4.12
São Sebastião,MP2.5,2026-09-12 06:00:00+00:00,11.0,-45.400072044999945,-23.805198464999933,4.12
São Sebastião,MP2.5,2026-09-12 07:00:00+00:00,11.0,-45.400072044999945,-23.805198464999933,4.12
São Sebastião,MP2.5,2026-09-12 08:00:00+00:00,11.0,-45.400072044999945,-23.805198464999933,4.12
São Sebastião,MP2.5,2026-09-12 09:00:00+00:00,11.0,-45.400072044999945,-23.805198464999933,4.12
São Sebastião,MP2.5,2026-09-12 10:00:00+00:00,11.0,-45.400072044999945,-23.805198464999933,4.12
São Sebastião,MP2.5,2026-09-12 11:00:00+00:00,11.0,-45.400072044999945,-23.805198464999933,4.12
São Sebastião,MP2.5,2026-09-12 12:00:00+00:00,11.0,-45.400072044999945,-23.805198464999933,4.12
São Sebastião,MP2.5,2026-09-12 13:00:00+00:00,11.0,-45.400072044999945,-23.805198464999933,4.12
São Sebastião,MP2.5,2026-09-12 14:00:00+00:00,11.0,-45.400072044999945,-23.805198464999933,4.12
São Sebastião,MP2.5,2026-09-12 15:00:00+00:00,11.0,-45.400072044999945,-23.805198464999933,4.12
São Sebastião,MP2.5,2026-09-12 16:00:00+00:00,11.0,-45.400072044999945,-23.805198464999933,4.12
São Sebastião,MP2.5,2026-09-12 17:00:00+00:00,11.0,-45.400072044999945,-23.805198464999933,4.12
São Sebastião,MP2.5,2026-09-12 18:00:00+00:00,11.0,-45.400072044999945,-23.805198464999933,4.12
São Sebastião,MP2.5,2026-09-12 19:00:00+00:00,11.0,-45.400072044999945,-23.805198464999933,4.12
São Sebastião,MP2.5,2026-09-12 20:00:00+00:00,11.0,-45.400072044999945,-23.805198464999933,4.12
São Sebastião,MP2.5,2026-09-12 21:00:00+00:00,11.0,-45.400072044999945,-23.805198464999933,4.12
São Sebastião,MP2.5,2026-09-12 22:00:00+00:00,11.0,-45.400072044999945,-23.805198464999933,4.12
São Sebastião,MP2.5,2026-09-12 23:00:00+00:00,11.0,-45.400072044999945,-23.805198464999933,4.12
São Sebastião,MP2.5,2026-09-13 00:00:00+00:00,11.0,-45.400072044999945,-23.805198464999933,4.12
São Sebastião,MP2.5,2026-09-13 01:00:00+00:00,11.0,-45.400072044999945,-23.805198464999933,4.12
São Sebastião,MP2.5,2026-09-13 02:00:00+00:00,11.0,-45.400072044999945,-23.805198464999933,4.12
São Sebastião,MP2.5,2026-09-13 03:00:00+00:00,11.0,-45.400072044999945,-23.805198464999933,4.12
São Sebastião,MP2.5,2026-09-13 04:00:00+00:00,11.0,-45.400072044999945,-23.805198464999933,4.12
São Sebastião,MP2.5,2026-09-13 05:00:00+00:00,11.0,-45.400072044999945,-23.805198464999933,4.12
São Sebastião,MP2.5,2026-09-13 06:00:00+00:00,11.0,-45.400072044999945,-23.805198464999933,4.12
São Sebastião,MP2.5,2026-09-13 07:00:00+00:00,8.0,-45.400072044999945,-23.805198464999933,3.0
São Sebastião,MP2.5,2026-09-13 08:00:00+00:00,8.0,-45.400072044999945,-23.805198464999933,3.0
São Sebastião,MP2.5,2026-09-13 09:00:00+00:00,11.0,-45.400072044999945,-23.805198464999933,4.12
São Sebastião,MP2.5,2026-09-13 10:00:00+00:00,8.0,-45.400072044999945,-23.805198464999933,3.0
São Sebastião,MP2.5,2026-09-13 11:00:00+00:00,8.0,-45.400072044999945,-23.805198464999933,3.0
São Sebastião,MP2.5,2026-09-13 12:00:00+00:00,8.0,-45.400072044999945,-23.805198464999933,3.0
São Sebastião,MP2.5,2026-09-13 13:00:00+00:00,8.0,-45.400072044999945,-23.805198464999933,3.0
São Sebastião,MP2.5,2026-09-13 14:00:00+00:00,8.0,-45.400072044999945,-23.805198464999933,3.0
São Sebastião,MP2.5,2026-09-13 15:00:00+00:00,8.0,-45.400072044999945,-23.805198464999933,3.0
São Sebastião,MP2.5,2026-09-13 16:00:00+00:00,8.0,-45.400072044999945,-23.805198464999933,3.0
São Sebastião,MP2.5,2026-09-13 17:00:00+00:00,8.0,-45.400072044999945,-23.805198464999933,3.0
São Sebastião,MP2.5,2026-09-13 18:00:00+00:00,8.0,-45.400072044999945,-23.805198464999933,3.0
Taboão da Serra,MP2.5,2026-09-11 19:00:00+00:00,29.0,-46.75829436799995,-23.609323863999975,10.88
Taboão da Serra,MP2.5,2026-09-11 20:00:00+00:00,29.0,-46.75829436799995,-23.609323863999975,10.88
Taboão da Serra,MP2.5,2026-09-11 21:00:00+00:00,27.0,-46.75829436799995,-23.609323863999975,10.12
Taboão da Serra,MP2.5,2026-09-11 22:00:00+00:00,27.0,-46.75829436799995,-23.609323863999975,10.12
Taboão da Serra,MP2.5,2026-09-11 23:00:00+00:00,29.0,-46.75829436799995,-23.609323863999975,10.88
Taboão da Serra,MP2.5,2026-09-12 00:00:00+00:00,29.0,-46.75829436799995,-23.609323863999975,10.88
Taboão da Serra,MP2.5,2026-09-12 01:00:00+00:00,29.0,-46.75829436799995,-23.609323863999975,10.88
Taboão da Serra,MP2.5,2026-09-12 02:00:00+00:00,27.0,-46.75829436799995,-23.609323863999975,10.12
Taboão da Serra,MP2.5,2026-09-12 03:00:00+00:00,27.0,-46.75829436799995,-23.609323863999975,10.12
Taboão da Serra,MP2.5,2026-09-12 04:00:00+00:00,24.0,-46.75829436799995,-23.609323863999975,9.0
Taboão da Serra,MP2.5,2026-09-12 05:00:00+00:00,24.0,-46.75829436799995,-23.609323863999975,9.0
Taboão da Serra,MP2.5,2026-09-12 06:00:00+00:00,21.0,-46.75829436799995,-23.609323863999975,7.88
Taboão da Serra,MP2.5,2026-09-12 07:00:00+00:00,21.0,-46.75829436799995,-23.609323863999975,7.88
Taboão da Serra,MP2.5,2026-09-12 08:00:00+00:00,21.0,-46.75829436799995,-23.609323863999975,7.88
Taboão da Serra,MP2.5,2026-09-12 09:00:00+00:00,21.0,-46.75829436799995,-23.609323863999975,7.88
Taboão da Serra,MP2.5,2026-09-12 10:00:00+00:00,21.0,-46.75829436799995,-23.609323863999975,7.88
Taboão da Serra,MP2.5,2026-09-12 11:00:00+00:00,21.0,-46.75829436799995,-23.609323863999975,7.88
Taboão da Serra,MP2.5,2026-09-12 12:00:00+00:00,21.0,-46.75829436799995,-23.609323863999975,7.88
Taboão da Serra,MP2.5,2026-09-12 13:00:00+00:00,21.0,-46.75829436799995,-23.609323863999975,7.88
Taboão da Serra,MP2.5,2026-09-12 14:00:00+00:00,21.0,-46.75829436799995,-23.609323863999975,7.88
Taboão da Serra,MP2.5,2026-09-12 15:00:00+00:00,21.0,-46.75829436799995,-23.609323863999975,7.88
Taboão da Serra,MP2.5,2026-09-12 16:00:00+00:00,21.0,-46.75829436799995,-23.609323863999975,7.88
Taboão da Serra,MP2.5,2026-09-12 17:00:00+00:00,21.0,-46.75829436799995,-23.609323863999975,7.88
Taboão da Serra,MP2.5,2026-09-12 18:00:00+00:00,21.0,-46.75829436799995,-23.609323863999975,7.88
Taboão da Serra,MP2.5,2026-09-12 19:00:00+00:00,21.0,-46.75829436799995,-23.609323863999975,7.88
Taboão da Serra,MP2.5,2026-09-12 20:00:00+00:00,21.0,-46.75829436799995,-23.609323863999975,7.88
Taboão da Serra,MP2.5,2026-09-12 21:00:00+00:00,21.0,-46.75829436799995,-23.609323863999975,7.88
Taboão da Serra,MP2.5,2026-09-12 22:00:00+00:00,21.0,-46.75829436799995,-23.609323863999975,7.88
Taboão da Serra,MP2.5,2026-09-12 23:00:00+00:00,19.0,-46.75829436799995,-23.609323863999975,7.12
Taboão da Serra,MP2.5,2026-09-13 00:00:00+00:00,19.0,-46.75829436799995,-23.609323863999975,7.12
Taboão da Serra,MP2.5,2026-09-13 01:00:00+00:00,19.0,-46.75829436799995,-23.609323863999975,7.12
Taboão da Serra,MP2.5,2026-09-13 02:00:00+00:00,19.0,-46.75829436799995,-23.609323863999975,7.12
Taboão da Serra,MP2.5,2026-09-13 03:00:00+00:00,19.0,-46.75829436799995,-23.609323863999975,7.12
Taboão da Serra,MP2.5,2026-09-13 04:00:00+00:00,19.0,-46.75829436799995,-23.609323863999975,7.12
Taboão da Serra,MP2.5,2026-09-13 05:00:00+00:00,19.0,-46.75829436799995,-23.609323863999975,7.12
Taboão da Serra,MP2.5,2026-09-13 06:00:00+00:00,19.0,-46.75829436799995,-23.609323863999975,7.12
Taboão da Serra,MP2.5,2026-09-13 07:00:00+00:00,19.0,-46.75829436799995,-23.609323863999975,7.12
Taboão da Serra,MP2.5,2026-09-13 08:00:00+00:00,19.0,-46.75829436799995,-23.609323863999975,7.12
Taboão da Serra,MP2.5,2026-09-13 09:00:00+00:00,16.0,-46.75829436799995,-23.609323863999975,6.0
Taboão da Serra,MP2.5,2026-09-13 10:00:00+00:00,16.0,-46.75829436799995,-23.609323863999975,6.0
Taboão da Serra,MP2.5,2026-09-13 11:00:00+00:00,16.0,-46.75829436799995,-23.609323863999975,6.0
Taboão da Serra,MP2.5,2026-09-13 12:00:00+00:00,16.0,-46.75829436799995,-23.609323863999975,6.0
Taboão da Serra,MP2.5,2026-09-13 13:00:00+00:00,16.0,-46.75829436799995,-23.609323863999975,6.0
Taboão da Serra,MP2.5,2026-09-13 14:00:00+00:00,16.0,-46.75829436799995,-23.609323863999975,6.0
Taboão da Serra,MP2.5,2026-09-13 15:00:00+00:00,16.0,-46.75829436799995,-23.609323863999975,6.0
Taboão da Serra,MP2.5,2026-09-13 16:00:00+00:00,13.0,-46.75829436799995,-23.609323863999975,4.88
Taboão da Serra,MP2.5,2026-09-13 17:00:00+00:00,13.0,-46.75829436799995,-23.609323863999975,4.88
Taboão da Serra,MP2.5,2026-09-13 18:00:00+00:00,13.0,-46.75829436799995,-23.609323863999975,4.88
Taubaté,MP2.5,2026-09-11 19:00:00+00:00,16.0,-45.575805024999966,-23.032350958999928,6.0
Taubaté,MP2.5,2026-09-11 20:00:00+00:00,19.0,-45.575805024999966,-23.032350958999928,7.12
Taubaté,MP2.5,2026-09-11 21:00:00+00:00,19.0,-45.575805024999966,-23.032350958999928,7.12
Taubaté,MP2.5,2026-09-11 22:00:00+00:00,19.0,-45.575805024999966,-23.032350958999928,7.12
Taubaté,MP2.5,2026-09-11 23:00:00+00:00,19.0,-45.575805024999966,-23.032350958999928,7.12
Taubaté,MP2.5,2026-09-12 00:00:00+00:00,19.0,-45.575805024999966,-23.032350958999928,7.12
Taubaté,MP2.5,2026-09-12 01:00:00+00:00,21.0,-45.575805024999966,-23.032350958999928,7.88
Taubaté,MP2.5,2026-09-12 02:00:00+00:00,21.0,-45.575805024999966,-23.032350958999928,7.88
Taubaté,MP2.5,2026-09-12 03:00:00+00:00,21.0,-45.575805024999966,-23.032350958999928,7.88
Taubaté,MP2.5,2026-09-12 04:00:00+00:00,19.0,-45.575805024999966,-23.032350958999928,7.12
Taubaté,MP2.5,2026-09-12 05:00:00+00:00,19.0,-45.575805024999966,-23.032350958999928,7.12
Taubaté,MP2.5,2026-09-12 06:00:00+00:00,19.0,-45.575805024999966,-23.032350958999928,7.12
Taubaté,MP2.5,2026-09-12 07:00:00+00:00,19.0,-45.575805024999966,-23.032350958999928,7.12
Taubaté,MP2.5,2026-09-12 08:00:00+00:00,16.0,-45.575805024999966,-23.032350958999928,6.0
Taubaté,MP2.5,2026-09-12 09:00:00+00:00,16.0,-45.575805024999966,-23.032350958999928,6.0
Taubaté,MP2.5,2026-09-12 10:00:00+00:00,19.0,-45.575805024999966,-23.032350958999928,7.12
Taubaté,MP2.5,2026-09-12 11:00:00+00:00,19.0,-45.575805024999966,-23.032350958999928,7.12
Taubaté,MP2.5,2026-09-12 12:00:00+00:00,19.0,-45.575805024999966,-23.032350958999928,7.12
Taubaté,MP2.5,2026-09-12 13:00:00+00:00,16.0,-45.575805024999966,-23.032350958999928,6.0
Taubaté,MP2.5,2026-09-12 14:00:00+00:00,16.0,-45.575805024999966,-23.032350958999928,6.0
Taubaté,MP2.5,2026-09-12 15:00:00+00:00,16.0,-45.575805024999966,-23.032350958999928,6.0
Taubaté,MP2.5,2026-09-12 16:00:00+00:00,19.0,-45.575805024999966,-23.032350958999928,7.12
Taubaté,MP2.5,2026-09-12 17:00:00+00:00,16.0,-45.575805024999966,-23.032350958999928,6.0
Taubaté,MP2.5,2026-09-12 18:00:00+00:00,16.0,-45.575805024999966,-23.032350958999928,6.0
Taubaté,MP2.5,2026-09-12 19:00:00+00:00,16.0,-45.575805024999966,-23.032350958999928,6.0
Taubaté,MP2.5,2026-09-12 20:00:00+00:00,16.0,-45.575805024999966,-23.032350958999928,6.0
Taubaté,MP2.5,2026-09-12 21:00:00+00:00,16.0,-45.575805024999966,-23.032350958999928,6.0
Taubaté,MP2.5,2026-09-12 22:00:00+00:00,16.0,-45.575805024999966,-23.032350958999928,6.0
Taubaté,MP2.5,2026-09-12 23:00:00+00:00,16.0,-45.575805024999966,-23.032350958999928,6.0
Taubaté,MP2.5,2026-09-13 00:00:00+00:00,13.0,-45.575805024999966,-23.032350958999928,4.88
Taubaté,MP2.5,2026-09-13 01:00:00+00:00,13.0,-45.575805024999966,-23.032350958999928,4.88
Taubaté,MP2.5,2026-09-13 02:00:00+00:00,13.0,-45.575805024999966,-23.032350958999928,4.88
Taubaté,MP2.5,2026-09-13 03:00:00+00:00,13.0,-45.575805024999966,-23.032350958999928,4.88
Taubaté,MP2.5,2026-09-13 04:00:00+00:00,13.0,-45.575805024999966,-23.032350958999928,4.88
Taubaté,MP2.5,2026-09-13 05:00:00+00:00,13.0,-45.575805024999966,-23.032350958999928,4.88
Taubaté,MP2.5,2026-09-13 06:00:00+00:00,13.0,-45.575805024999966,-23.032350958999928,4.88
Taubaté,MP2.5,2026-09-13 07:00:00+00:00,13.0,-45.575805024999966,-23.032350958999928,4.88
Taubaté,MP2.5,2026-09-13 08:00:00+00:00,13.0,-45.575805024999966,-23.032350958999928,4.88
Taubaté,MP2.5,2026-09-13 09:00:00+00:00,13.0,-45.575805024999966,-23.032350958999928,4.88
Taubaté,MP2.5,2026-09-13 10:00:00+00:00,13.0,-45.575805024999966,-23.032350958999928,4.88
Taubaté,MP2.5,2026-09-13 11:00:00+00:00,13.0,-45.575805024999966,-23.032350958999928,4.88
Taubaté,MP2.5,2026-09-13 12:00:00+00:00,13.0,-45.575805024999966,-23.032350958999928,4.88
Taubaté,MP2.5,2026-09-13 13:00:00+00:00,13.0,-45.575805024999966,-23.032350958999928,4.88
Taubaté,MP2.5,2026-09-13 14:00:00+00:00,13.0,-45.575805024999966,-23.032350958999928,4.88
Taubaté,MP2.5,2026-09-13 15:00:00+00:00,13.0,-45.575805024999966,-23.032350958999928,4.88
Taubaté,MP2.5,2026-09-13 16:00:00+00:00,13.0,-45.575805024999966,-23.032350958999928,4.88
Taubaté,MP2.5,2026-09-13 17:00:00+00:00,13.0,-45.575805024999966,-23.032350958999928,4.88
Taubaté,MP2.5,2026-09-13 18:00:00+00:00,11.0,-45.575805024999966,-23.032350958999928,4.12
